task_id,p1,p2,p3,p4,p5,p6,p7,p8,p9,p10,p11,p12,p13,p14,p15,p16,p17,p18,p19,p20
task_te000000,0.026408181185534434,0.12499572086507257,0.13821422797413982,0.028232704420973812,0.03802118343749725,0.02839945585680401,0.02338788504638697,0.025814239209641546,0.007896542233812875,0.026572761882289835,0.018115180867409594,0.0737410280044229,0.058986312719922614,0.012894277094413644,0.01813841462058874,0.15773115444591826,0.061208502058340324,0.014409544542193802,0.07118532364204176,0.04564735989259527
task_te000001,0.09392340215036038,0.02507097378207936,0.043183341767738886,0.04907206496445158,0.08150059623664405,0.047549160099234156,0.07333458239658959,0.03598169953426956,0.03677896922902956,0.06190116978050508,0.04276688518335083,0.04866433973588322,0.03205487159010353,0.05350023241913181,0.054044204664488636,0.034208158932715005,0.04635556972167264,0.058235076677287584,0.027716210226268686,0.05415849090819595
task_te000002,0.018573594539804828,0.15145012609054187,0.009549484576972687,0.013464565979384256,0.05711138827642181,0.08939026782083058,0.050478650375341425,0.04252884651091259,0.021346940547334416,0.04950512270827281,0.042307657410531316,0.04159958672896265,0.01056826303834279,0.03758885831298843,0.07772790884190656,0.08505488723182023,0.07916374497973734,0.01284648588164375,0.09535921037316857,0.014384409775081174
task_te000003,0.01901223222803991,0.032662288545443535,0.009507239910717353,0.014110367124851789,0.177540512205371,0.07132119113593187,0.06658911764422958,0.04294938409102174,0.033422850141393436,0.05287973936120565,0.07091044778015423,0.04332909127160946,0.02624074494304198,0.07517330678529151,0.031055112541866443,0.023286955341105812,0.03667478025808908,0.09700473127565001,0.02182562079087348,0.05450428662411221
task_te000004,0.06913034106317408,0.024044141692454113,0.032174388653684986,0.02765449512438962,0.1447058090396669,0.02616619296765771,0.026576915833220718,0.01832779510103872,0.01787318225043467,0.06412513751230169,0.02817684962127936,0.026975954933113534,0.02246175622231456,0.04449674987591279,0.03378141731135526,0.02564976046607262,0.02825282532774605,0.0701626015594268,0.2143151020120183,0.054948583432737334
task_te000005,0.03941494536510454,0.061351080309636465,0.050567033700632015,0.04486058080179381,0.04062438104731841,0.03779412399852911,0.028803197848575456,0.04564667502067369,0.05543155910583048,0.04107857466031829,0.041211254343028324,0.03817539507808371,0.06758637675894472,0.08859724730960931,0.0626931853627099,0.05342609339366027,0.05086379919732449,0.038956123967846534,0.04954828803328981,0.06337008469709068
task_te000006,0.08845284322843909,0.0516219799058984,0.06623107130559922,0.05487914586885138,0.038302233612641436,0.03789565751764463,0.05905836866677532,0.04826858399642082,0.04548058409009633,0.03972320403823455,0.037711936440906556,0.04585798481493353,0.05502762364163808,0.07390575697641137,0.04224855346845674,0.03569730668512931,0.05002665938922718,0.038423223365331424,0.047375170779996326,0.04381211220736839
task_te000007,0.03720770082508979,0.07383728941997726,0.03935655482854041,0.03831192120624826,0.056819434197532624,0.026451911947107137,0.042372025301398296,0.03239013537709929,0.05606944614806968,0.06262213359766272,0.059140108543792806,0.053898753278765074,0.058622846272766385,0.04299672345087716,0.05113253244452843,0.047432270537833957,0.05099031906783385,0.05692348114866275,0.07035943172478437,0.04306498068142985
task_te000008,0.07992671270544337,0.029342652513838285,0.011780022446923546,0.03200332719782096,0.013123739089169554,0.04643480976995037,0.0403023596773672,0.031317601905984496,0.00820551861287356,0.08747792527966285,0.12195451857125456,0.07439316135381514,0.06373460169158271,0.07880421215390328,0.0506795156705001,0.04554986270518122,0.004524379890505026,0.1096957259946158,0.024557112640445366,0.0461922401291625
task_te000009,0.002581004607234185,0.006342933688352621,0.0012223777838566382,0.003882296557282143,0.0019640739305561597,0.002204108306037753,0.04134166233173318,0.0026030084073643957,0.0032467308534582496,0.0006465787001864462,0.0064810214152272476,0.013002334125775493,0.17769009674363145,0.04094213096427251,0.6840427622120138,0.0003432267944655333,0.004779767679229774,0.001375462914728123,0.0015348408922381813,0.003773581092356252
task_te000010,0.007569029057478339,0.033865259870786424,0.006638058352194816,0.009573196644976207,0.010522417888550352,0.05727618366185681,0.014937030103577114,0.008384034238869258,0.015995908015603785,0.06531318133146596,0.009560896597679117,0.00707381022475549,0.04986658123006489,0.004137512420862839,0.010705429961166314,0.5133347274371285,0.03942781938974895,0.002937770846519993,0.03788403713513707,0.09499711559157771
task_te000011,0.027227390197694903,0.1814452358258418,0.05652673433373736,0.06235776296202109,0.05172540019909947,0.030908312083043604,0.022420857230134244,0.02045675970904026,0.08225928297390316,0.03292867691829963,0.08700787289276031,0.04556997164749965,0.03679848828824183,0.03885176608196839,0.028299380418652053,0.06345939078433177,0.03265660399461096,0.029182835659241915,0.04958656228865703,0.020330715511220517
task_te000012,0.007865255721593906,0.027657225648291824,0.010219018995464957,0.0023555456994493805,0.010428217446316605,0.017763484384612706,0.007917471947183126,0.004119644736523579,0.4976566966154873,0.04454186881757456,0.01892760981540622,0.012453278994946887,0.08609341772319555,0.0034074115327038484,0.008172708103763101,0.043968943316324935,0.08572265064292386,0.006138734061406365,0.0011921491519665088,0.10339866664486476
task_te000013,0.022785582169582545,0.05326333573953586,0.020702950348629578,0.04842243192645752,0.041571671390400244,0.38827199164802123,0.025437232037884252,0.013796444049346417,0.04034085374035304,0.012993157041944915,0.016147726528386332,0.01893669669301702,0.055570988128851466,0.032345201433715505,0.04757634883791615,0.0315554556916615,0.0297855564486705,0.02742334712623517,0.019821102834072225,0.05325192618531855
task_te000014,0.002007247070361081,0.008970764930055813,0.0036695500565195193,0.04514421381801207,0.09609993409247412,0.0045079449232479935,0.0053677953107698325,0.007867624603185863,0.001141845548864499,0.006852049933399156,0.0074051957426517915,0.003964119508088992,0.7152844312476777,0.0021530355326239343,0.0044252820303382085,0.006314026110451364,0.0036636232892261014,0.018343283483885826,0.0008664301827182308,0.05595160258544785
task_te000015,0.012426414509164502,0.12663965256811924,0.05043764633160735,0.03414747724341148,0.007605900214083065,0.08118926317765708,0.007722863717536744,0.08652162987049737,0.01239275516210587,0.011696174652376412,0.023650226815588635,0.16971333934414962,0.004194645942474128,0.009937511274187823,0.11293082248185896,0.14112893644507585,0.014287990386637568,0.041971722079630645,0.01100190879053855,0.040403118993299264
task_te000016,0.023820631842047708,0.3758908550892471,0.010515957261368315,0.008642888102313073,0.003695140778020673,0.003029691103414293,0.009868660935060749,0.004080343869613902,0.009752019634026625,0.012036601426026724,0.012059375581565042,0.025875273182286686,0.11507459179961119,0.005123794193357463,0.01695495974945418,0.008487213557582701,0.06809450977304439,0.10615554755140388,0.12999435294176226,0.05084759162879299
task_te000017,0.047345072290105705,0.0697135204933779,0.0657643260481078,0.04164519397596934,0.034430961015170375,0.10674896257412904,0.018607698438081383,0.043503281344550546,0.04354210369821821,0.031271867855162616,0.1009178279210701,0.01692373678905996,0.08496322254618013,0.043305260911475664,0.025048844528980995,0.04514564660359293,0.01832143144965956,0.04125398412580489,0.07293179893859926,0.04861525845270373
task_te000018,0.05088392692106467,0.04652500088102501,0.03248924401037109,0.017326983915280748,0.04575243503543265,0.08057193611308781,0.012582414206598778,0.07099500236536896,0.08818673771681607,0.0987298935473251,0.012342637813048568,0.05442255497554518,0.049821744666754965,0.05115540959942364,0.04531612657249539,0.022272859010689955,0.016623779353916145,0.030988914966120745,0.08367708579980876,0.08933531252982581
task_te000019,0.0466050576294177,0.042789533699075656,0.045748718045090425,0.046993205555071714,0.043258146719629166,0.05668719952468378,0.051920278701654304,0.0390162545416425,0.06959392185260148,0.04612464179948059,0.038134095264163025,0.036288541732098056,0.06028624105902336,0.045758949769701684,0.06419589732655323,0.05080239330785367,0.05902337799686926,0.0461795674087063,0.04096986245151261,0.06962411561517161
task_te000020,0.01071301842199497,0.04624391116503574,0.034680444266394495,0.00690947504294683,0.01196814847960707,0.07215292672800003,0.08232776539062041,0.22825086375620388,0.013369902062283156,0.09247580363415239,0.06768201553505332,0.02001708065363059,0.015462936176230027,0.08897733716827928,0.036053448069816925,0.047395336007235916,0.027798009736617092,0.04116899286377535,0.03948687006952879,0.016865714772593847
task_te000021,0.04635026016155609,0.05473525627294302,0.0404712526613006,0.058601109149060866,0.046466320918096785,0.09747460913531429,0.05145656389586962,0.0688650850042396,0.06802642198453836,0.06686412764946828,0.08858685249059742,0.025326752600134027,0.05813852289260936,0.04736366344579772,0.007570269930058061,0.011956503643544612,0.06655885315558899,0.04899827293443384,0.042499352695810226,0.0036899493790383204
task_te000022,0.0014424662806136982,0.0016930143419013127,0.009949834526661318,0.012789098503720354,0.2570341109521893,0.0082354965285423,0.005644820586408192,0.006574346612589585,0.011260429208824245,0.0021101230149747126,0.014648071528281657,0.004358311384672296,0.0055781567836329015,0.45750121742489047,0.172030095657939,0.01048624503756389,0.00137420009875571,0.0027611559455648894,0.01164498400356869,0.002883821578705493
task_te000023,0.05529115130405574,0.018156272439837792,0.03548911791362984,0.05597206572147434,0.04664187841963329,0.06559751803372411,0.01618001027423175,0.025900397455606215,0.03434245080931174,0.05437153828846194,0.08437241292835737,0.06675405121723299,0.04692919088964015,0.07303480374196382,0.06972952161239553,0.0515877667017717,0.07866495627402185,0.029297210073589257,0.037294751185953545,0.054392934715107095
task_te000024,0.027354874184793092,0.09163915888424765,0.06545662088321522,0.08715037899340108,0.013715830012177986,0.0638264002199053,0.10301176769328621,0.06957116107362597,0.05321226978354624,0.03700422416156738,0.06165161963339821,0.02783033954919058,0.028279915912850066,0.027930765549202673,0.04408849298015424,0.03489805906798576,0.07176299403935951,0.045516378958937,0.019995987971227522,0.026102760447928513
task_te000025,0.0032093032452307044,0.009993055574923533,0.007672017663777261,0.005040837744657821,0.006379736899219163,0.0060627700146816095,0.006407302667366303,0.04747311858414176,0.011112817990228603,0.06898178218544339,0.013093387646714002,0.005271555820499835,0.031398256296623475,0.014386083255585914,0.13412055060176029,0.06430024829357672,0.007918345897730373,0.5459489037931177,0.008211036869085357,0.0030188889556362845
task_te000026,0.03593642515233655,0.04890110281763841,0.03716610818919643,0.03672793243316808,0.085093132182256,0.04009199304111065,0.0501343172012217,0.04677662156324189,0.044949308612868014,0.03934812288491168,0.045095848002375934,0.04565788833053942,0.04351845983385822,0.05846725659685356,0.05168354530476734,0.029294578203105427,0.05153606593484376,0.084181735606672,0.07314138640395276,0.05229817170508227
task_te000027,0.04451861598230903,0.07813320230531523,0.013073380411097563,0.04614942747065441,0.05818309492877005,0.027275073930760518,0.03130469001872627,0.05722590720827044,0.005466188917293229,0.02216984055867321,0.11356328507248109,0.10486870128753063,0.045922247174573466,0.02822890676101226,0.04468131422131404,0.10778723326231499,0.012528141360109678,0.03819056953653077,0.058455375452990094,0.062274804139273054
task_te000028,0.09620016021512601,0.0680008239918587,0.01209057552980588,0.027605369868477142,0.04298649442496685,0.07399806015732914,0.00896695328039676,0.008366790396055934,0.14715356538803281,0.03732868327723481,0.048379708279744485,0.011023803388552848,0.04187032171674068,0.006197692732677143,0.07373181937643149,0.1534570897669335,0.0411789443843124,0.018905645284129025,0.026498871377707886,0.05605862716348643
task_te000029,0.03677971236338471,0.03865059764769234,0.04793367293775025,0.04332793289099747,0.08717178572010316,0.05189916623019018,0.053271645509996,0.05324758301806943,0.03475839879671385,0.054412143061195885,0.06352462986970822,0.04840141318083132,0.04218500202244739,0.06763303089231477,0.06875653268206322,0.033588503355617326,0.04855444114433285,0.04663032427027051,0.04457418399364929,0.034699300412671885
task_te000030,0.06867978346857061,0.0331879618470177,0.015405609102702137,0.012033860892377776,0.11339905314951489,0.06935484387282162,0.08151081922708538,0.053467585167543956,0.006482111909034766,0.10450021783507674,0.004042801480789888,0.03231417424436285,0.04710962158717323,0.07715879983250236,0.012603671307675085,0.05854208576307809,0.030085552638986008,0.13983172685838927,0.01871703653550103,0.02157268327979663
task_te000031,0.007212323451630937,0.019607298946031408,0.11752130959727305,0.013856313303438134,0.011175030184695851,0.005163460439178078,0.0632446605154247,0.06814483583793882,0.08969546118986119,0.08124759003957559,0.025861594070605107,0.028182604234251903,0.11094637000983282,0.07898210935637053,0.011571542223423142,0.04177558200757164,0.01629962602380746,0.08113493587114491,0.09609736576844899,0.03227998692949589
task_te000032,0.039843291160520565,0.039459734410524035,0.03646933240923496,0.04599807742307284,0.039661242033719166,0.03934864917908308,0.14740794251347916,0.051462032358643904,0.045212809639721935,0.040153093089449594,0.04316810078026118,0.03053367394617396,0.040162051518408966,0.034310831263700735,0.10866417905177203,0.04138824627185281,0.04317078838548522,0.04054633869448891,0.027989106630123942,0.06505047924028294
task_te000033,0.03364423633220366,0.07608388806734993,0.0532997748902944,0.05305683779633008,0.06655950923322411,0.03703095441059995,0.06335484248731274,0.042054651818418755,0.039195437786840454,0.05485458231210952,0.04535657180827594,0.045229882533352,0.04030981474540065,0.03592196037814536,0.06524040305473093,0.048058717852138846,0.037370429475990126,0.07608567226393233,0.041173483781333814,0.04611834897201663
task_te000034,0.06956450997947582,0.036158801018199946,0.020152231884270944,0.042768934280646445,0.01002700121265445,0.04464881880002018,0.07846397672029964,0.02471041432102165,0.11140606267435055,0.0037797537928218584,0.01682573597482127,0.005525641303303752,0.003107589750125629,0.0067657223080241705,0.007310990352711638,0.09958011288675102,0.352673647491625,0.033364231651996645,0.025806537913829447,0.007359285683049965
task_te000035,0.04859213356078369,0.044767097629924604,0.049212620752868995,0.06236442076400864,0.08256611882375645,0.03595926141539843,0.04826304687146483,0.033466079335058255,0.06616651945906735,0.04959777847697371,0.0641271406076927,0.05345760406858024,0.06727714161428111,0.047511369807761994,0.03642211958223661,0.029601427307630976,0.030566081427089088,0.07250561592930709,0.037319474374076365,0.04025694819203899
task_te000036,0.17227350274149247,0.04545351011197192,0.05847412054014997,0.010042303999488564,0.0346708403177148,0.03668969760223625,0.022413141373519567,0.17755438159621595,0.05680879354231427,0.023636115346661775,0.0962728800173095,0.014903629070302463,0.05725609836292653,0.055912973014596135,0.01752569811057261,0.029879803806181732,0.03274198677026949,0.005986711687293707,0.031262991790772826,0.02024082019800958
task_te000037,0.006840083591240262,0.006072316394699652,0.09426511572923112,0.0019384014012472975,0.013043033577484674,0.009840547640990497,0.2926779082707168,0.011418057266664738,0.01753180576950577,0.05532114167952497,0.24139348470490546,0.1023993730949941,0.10171191905623729,0.005102630547327873,0.003611027468503324,0.009573084152547115,0.00786268391060325,0.005575021538383108,0.01060168287365375,0.003220681331538797
task_te000038,0.007957732849136704,0.027127560232373265,0.004290548241123175,0.004151949580485388,0.013915896098212067,0.007599603765745439,0.015973307573221768,0.004323117961865435,0.006515987383822148,0.013408170503806636,0.006493138039331392,0.00809387080506242,0.0050676096579178025,0.5385124510384565,0.01832868453594206,0.021176510395340187,0.009538662439560438,0.25747452342937005,0.02165041501108533,0.008400260458141904
task_te000039,0.0708651873857437,0.05447397535721505,0.05206679947276087,0.010592523911091313,0.016844784475402542,0.03214407720884876,0.07979742403433866,0.2081871757893895,0.026236135062719664,0.03781376136811001,0.04269800027172706,0.06615229520895007,0.05697444219381864,0.01749354618754194,0.04647867807296119,0.01499701705101456,0.03743384622257399,0.05945538268580538,0.05825117114823534,0.011043776891751785
task_te000040,0.011463908712527735,0.06036905350922204,0.029633147069206566,0.03945239423060809,0.02990708137595626,0.014035233675663563,0.06181836130794465,0.06613468019709824,0.03402326923157317,0.04403003404751894,0.03414207590480988,0.05541864814600642,0.058000528476730255,0.10238761169484535,0.047042906486478145,0.0729684171830832,0.030460720153799654,0.05970256385852374,0.059017744795088894,0.0899916199433153
task_te000041,0.02497206801080991,0.04225762615308111,0.037429972016452005,0.04765292422480112,0.05362441444776857,0.0435238480260273,0.04095290466251432,0.06907529280065955,0.06734993400084413,0.05937215331894609,0.05564524602560274,0.060554577252333756,0.05109615106398857,0.05038547245702097,0.0520433419537295,0.05443438473631368,0.03969628274556516,0.045515065418093276,0.048551784475538755,0.05586655620990952
task_te000042,0.005185412551504047,0.03568496164852548,0.021572272530414494,0.00679525365974176,0.018622334216542476,0.03737175929258531,0.014708619535639053,0.013379349327624463,0.4246598947914257,0.0024812889075617696,0.005856470723949513,0.008356326010077379,0.344380745589388,0.016634881274259966,0.013525124458731613,0.005226128211678397,0.007507609989877033,0.0018935378972917865,0.00675049835661653,0.009407531026565195
task_te000043,0.16744066554742443,0.011706019942036072,0.013046230824920865,0.00879700858738539,0.1307797732761023,0.007748900990290638,0.1598896745756964,0.004268758286673935,0.02953822471673492,0.09744022549237198,0.07711937816384072,0.05484758914198583,0.014207717656140515,0.06048561213773396,0.006288261098606914,0.00511177023442297,0.026218099885154975,0.09225486786922718,0.016347807019234772,0.01646341455401523
task_te000044,0.03707967950051778,0.048690621211449535,0.07326527931190423,0.04326691319440841,0.04715420681336179,0.08577914833302357,0.07249062290341811,0.02989249321846866,0.05783899528940764,0.026874409336995135,0.07272670912362325,0.019705147209393318,0.021552646039958986,0.04731892911974155,0.08478187484818524,0.059439791290445555,0.058224941252680885,0.04697878316829679,0.0421068512125542,0.024831957622165547
task_te000045,0.07518094851075693,0.046636431640365864,0.049483101867895195,0.019926940261990017,0.03308949058353988,0.012176165214383666,0.04370748651831673,0.06708640807157809,0.03642346607950598,0.03155653029052117,0.03649571558540923,0.058146485683596684,0.01744420079060834,0.04575326320497049,0.06323674517921736,0.08221726061004646,0.09137759305015976,0.0607847275858839,0.04308455125140549,0.08619248801984859
task_te000046,0.05874661951301957,0.12155487426992818,0.08908385426392965,0.01024977449493752,0.05000651248917482,0.007942797998958848,0.01453042377454302,0.026856335571064576,0.047136279846127394,0.03898427183285949,0.008728297921470963,0.008004923595058763,0.0596178684935527,0.14213926576368327,0.0386219747589474,0.07109360291449796,0.05167727578777756,0.06320056541207361,0.08261710789819213,0.009207373400202444
task_te000047,0.09345141793872865,0.03547516023908804,0.029325919909926355,0.014152525358619833,0.012475064923314946,0.01619182414668525,0.003686117127271624,0.08188377717138459,0.06605789955785553,0.5036500420072141,0.008274545061128404,0.01209552286280453,0.0238018872212654,0.02903778006864743,0.009036177606593344,0.0017168800477310843,0.0032175385723818835,0.021195687467712006,0.016121715685658202,0.01915251702598896
task_te000048,0.013451426274774593,0.013168454044948466,0.04705519973112247,0.030596678310638108,0.0836782961506109,0.030159402182472924,0.023118584846461787,0.04654389754607613,0.03303634433471525,0.054655799493392665,0.009110738521635619,0.015870321502541123,0.16793395634393818,0.009890890688933517,0.013684290084417402,0.15700597418152784,0.028177573006179794,0.1541938583996123,0.052791943658870265,0.015876370697130725
task_te000049,0.004403947199644578,0.2359247017457702,0.0060723194154213905,0.019062252424766245,0.003290605945508634,0.00550962054456593,0.0710655400018083,0.0020623363784624065,0.0020055552725869526,0.19346930624236527,0.02618294370515962,0.003516154687413014,0.023234172859705977,0.039891371877786165,0.012002585705782769,0.005451435079972965,0.011715222145726059,0.3215944467852615,0.0045545145042740235,0.008990967478017973
task_te000050,0.020455643641090124,0.07169293358607547,0.06794614185409174,0.011240634753986513,0.027357877827962892,0.02051017549159968,0.061642513532052544,0.018296468772308817,0.026692215866077,0.07245895462666348,0.1311501790065011,0.046346128927105705,0.05980672755249947,0.02378802596898092,0.10266285413947991,0.05890996992687464,0.04624604704351103,0.0472897397246308,0.015836316957078964,0.06967045080142927
task_te000051,0.006952767944372849,0.002862904013087789,0.12989992661621214,0.0053378169969906155,0.005188990374635368,0.19008298673931498,0.0033249922341210885,0.08336043504499141,0.00557866236891144,0.004798109823669554,0.016304044112671445,0.18149788410438825,0.005991982360565075,0.005542072109974112,0.008175474929619547,0.055917549491499755,0.11719022073216083,0.14519623738158718,0.0054577015751352785,0.021339241046091414
task_te000052,0.0021111767843829225,0.016692548339638128,0.00031030586628780134,0.06585468654486422,0.0017454059758742026,0.008887078321795947,0.009687560567415357,0.0014613288491844983,0.002548553732865467,0.48085707218247836,0.009916162708046312,0.018770077566327384,0.0011855267709380871,0.02333923163005956,0.007502281409875884,0.11888861968998146,0.03213420491475718,0.002101630564325946,0.18913984796140462,0.0068666996194966645
task_te000053,0.007708481861979128,0.04127618910660357,0.05994042751408064,0.012325443037662078,0.0113163436631688,0.0571008352476686,0.05851265222848547,0.10882860874684769,0.024306627620449016,0.0715821192699777,0.06740911123446572,0.006567911817713211,0.010044829418092914,0.005478335946609541,0.13171972359687925,0.04407315681086867,0.08156004892706932,0.007601584609952784,0.1092055722117357,0.08344199712969033
task_te000054,0.0532278342645246,0.09949831374431496,0.0031040498744295568,0.010726613186514083,0.016593202609681296,0.1124475975879544,0.036001732128074435,0.03965843042039644,0.12012608148044213,0.02019646691632101,0.03708554978173205,0.0037936695532673364,0.052494989813013634,0.10318975947281875,0.15329533853958674,0.033776692160984854,0.08504889274974473,0.012273929987349748,0.0027695233889321546,0.004691332339917238
task_te000055,0.045899027636578216,0.017792447661270094,0.025654061898802847,0.03836616887579733,0.17079384590193564,0.02810036864415772,0.021600022422953814,0.027746531939562717,0.10551193585823307,0.03647472026590305,0.035267726053261325,0.01939586228696954,0.14132268474203813,0.03834157586821203,0.05938856070676356,0.07403906586215593,0.04456657088140413,0.02014833781306068,0.032745123071203225,0.016845361609737076
task_te000056,0.06671046680770677,0.04774164843410073,0.03956089532965603,0.0417065596225715,0.041876922096787755,0.04791738042523684,0.04922679129676398,0.03925638987643566,0.09271872891314392,0.05447456166696029,0.03659156347367124,0.04035308384384224,0.04008829157976939,0.05724836060023743,0.046311433085243575,0.051133713751925554,0.04782301622624815,0.04802367966308167,0.058631642529012803,0.05260487077760459
task_te000057,0.03687117818807044,0.012258600371674536,0.023225829909090355,0.067056468541205,0.08999892413968938,0.03676040148406117,0.01334670117154208,0.024492975932114868,0.02704547056179968,0.024319772694737722,0.01039072173642314,0.09153212476999555,0.017959509972627248,0.02648039455189377,0.023115944082975043,0.07328256875144108,0.016578083951574726,0.036911586910800466,0.3434189938589751,0.004953748419308726
task_te000058,0.00465690353806562,0.0028637573660486707,0.0021213536829455416,0.006445503249405494,0.0035123229558947163,0.0011913136846189874,0.0018468997413276966,0.002444405320031355,0.007302273502600372,0.0031813568537327522,0.009082976701332337,0.002965367085989996,0.006676422473702369,0.0015941903433657001,0.00331077023759649,0.002686679431280695,0.01344817004272187,0.003394887519956015,0.4854911448130524,0.4357833014563309
task_te000059,0.020615017549508896,0.029400550658044897,0.039437428547304317,0.06510889535888416,0.046918617940698036,0.03714719947897698,0.03521095228474261,0.03988292039105512,0.05941866234090774,0.05064010236599693,0.10415657260989952,0.06340318230303932,0.05091102265843487,0.04730958222254425,0.03844842872800461,0.03462999167508551,0.0621784932589982,0.03855588682841971,0.02609875368293228,0.11052773911652222
task_te000060,0.09175630117379766,0.042919347398749176,0.036883157410906656,0.06341640464730314,0.05144973018318036,0.050129310113412165,0.022373136749486506,0.04290038876836271,0.030672494190578978,0.025066049986634805,0.147781177051851,0.05133978767217975,0.09682495371441302,0.029773486302549626,0.016905864447827622,0.021923929601167902,0.03901107727152144,0.028777691178061202,0.057980549815173935,0.05211516232284246
task_te000061,0.05555049552056516,0.06147348998255759,0.05699293318927126,0.020422631537481393,0.05754568145244729,0.05788984737310406,0.05511747278446617,0.05319500884422155,0.06553166071245771,0.03686363314117288,0.0546948335416802,0.025591956493401378,0.04703867809308496,0.05786913260824402,0.06562944238311615,0.04202067070147039,0.07088611613313037,0.04611568311237182,0.024550779443751787,0.04501985295200388
task_te000062,0.01836085088769412,0.05440073774953707,0.01956239299858642,0.11911051681032653,0.07037849410394122,0.034199609730444065,0.012139458737998581,0.04046969788253679,0.02205046835015443,0.023544754769154574,0.00788871859683991,0.1212920923939607,0.007250671441857872,0.0721302961298275,0.014814273787411594,0.026852261710559926,0.06373774791966033,0.07508289917993465,0.16277243362392238,0.033961623195651214
task_te000063,0.0396218954427251,0.07055608420360882,0.05197620785959075,0.024812865058558946,0.05862498441710466,0.06949366936817791,0.0336378674806528,0.021809597892648715,0.024156190581707686,0.05188481890597209,0.06784484334212194,0.03144457269351737,0.08822295100756747,0.08687529116638952,0.07550325863742789,0.0473474502886817,0.04548912166395385,0.016253925166594567,0.016737836081590005,0.07770656874140833
task_te000064,0.09888123287017835,0.06859519038985737,0.044966540640104656,0.03329695878755366,0.03041420679047767,0.015238646066387024,0.023742962087003376,0.09313401916321144,0.07219121383679797,0.1502678686689268,0.05188135071539329,0.04056177643701945,0.09121689079798716,0.021073481896535576,0.06232406438887429,0.02180194955310687,0.012101543247678027,0.014205839296155306,0.025364796620757774,0.028739467745994094
task_te000065,0.04970732582457017,0.03441830327376949,0.04467164591989686,0.04432355596960245,0.03947680303335436,0.03990895934304706,0.05436077809059946,0.03288233553632253,0.11382819994443534,0.031032799741420765,0.0418541338573119,0.04950837628200625,0.054429146487671914,0.03540841440992387,0.04807411915643224,0.05218058249950107,0.049366355867469146,0.08365056152456142,0.055234832846359536,0.04568277039174417
task_te000066,0.034184029719910046,0.08327868377228495,0.0359588360479949,0.04934986149612823,0.061589012963803,0.0829774812817389,0.04181540628185788,0.05283336986244277,0.09976620828227536,0.02499660873769446,0.014885450333142612,0.04895768204205814,0.042496264677385286,0.01520950991985902,0.046037968856733814,0.052179552189531214,0.05125814079791691,0.0188821149189704,0.034489743767437984,0.10885407405083407
task_te000067,0.0429881127614406,0.060941055448972825,0.04983029977906535,0.05553596066234306,0.04123640586008385,0.03493314606053305,0.05139642144043241,0.0368781974004312,0.038659367639093396,0.04886522040612493,0.04945685114113161,0.05268950172803521,0.07318059692264095,0.06287616447773801,0.041565375932449716,0.046093161022703874,0.050017332725218716,0.05662669453628939,0.04967640372639465,0.056553730328877144
task_te000068,0.010788205177546441,0.002335723190648746,0.059041738259617844,0.0074197823777529155,0.00329775639489498,0.015931267705377256,0.007486187571643847,0.2384783210400692,0.010221962759573712,0.0489987195982792,0.025445678157152686,0.10733147937821601,0.14889102121242395,0.0357787481655378,0.11886224865268284,0.025514154697734822,0.03443500001948039,0.005686986534736626,0.06130290083119415,0.032752118275436566
task_te000069,0.01778273128050373,0.0470409736795513,0.010755495180260331,0.03228575399861558,0.009230892336652176,0.0335110795614519,0.48056823971228124,0.0027055583407389516,0.016130864065486805,0.022981241547653693,0.08714445611820289,0.016717649221520026,0.011668855862272063,0.09423003130576749,0.004254905553854398,0.016817169219575392,0.029410937399004893,0.018015981439568608,0.03198833352168773,0.01675885065535074
task_te000070,0.04571492413439359,0.007216552915919425,0.01057892949506838,0.01603887182367985,0.30391897645673493,0.044561055116471106,0.005341080586544495,0.05846196741625996,0.006070342189673699,0.0044849454830573204,0.00903907874241373,0.002095422653607975,0.012379698991322532,0.003529913125367089,0.010156881360871593,0.023521737521549135,0.009939998953866044,0.055829908019642126,0.36782364743712886,0.003296067576428175
task_te000071,0.08117334485627431,0.005318895760927609,0.017663784346100414,0.0037226240608601627,0.0413297358553439,0.00647167466308166,0.00975989573656633,0.07353650297218366,0.014202851027294619,0.13333642897834794,0.23386234968038724,0.04615475935089682,0.024460129367561034,0.015738772933958572,0.02707992448390605,0.06999294459773304,0.11870905321122023,0.038100767133745994,0.016110815593408743,0.023274745390201655
task_te000072,0.054652298931876425,0.05306553925719799,0.05613727519162524,0.07100430944919492,0.04658872009439843,0.04621219441282784,0.06056759833985237,0.05613766766158576,0.06250761258842197,0.03738879098007535,0.04344717423910402,0.053284402699197465,0.025471261798780266,0.041762163521992184,0.05038809549346698,0.03280483437596157,0.05924093226351865,0.06574191666158208,0.04785973599521796,0.03573747604412243
task_te000073,0.03373533517132184,0.010691283658590484,0.0008620964587492822,0.0028599042137686325,0.005521004416889767,0.004492676290846407,0.003909790722681675,0.10370605168067978,0.7869398298202486,0.006150045811306963,0.00026751703199440435,0.0013416497238789018,0.010620643184796353,0.0019513368239078796,0.008572717320817843,0.004355511783471003,0.0033651210631319766,0.0027404405440457588,0.004754873170880845,0.0031621711079915793
task_te000074,0.04429972207623714,0.0043397480393543,0.15219658241790188,0.011732381442082409,0.016033539186818303,0.04597871766412986,0.07749936141677503,0.03792641043070671,0.01384670325319005,0.1746358904227253,0.009589771954493525,0.004536001820486599,0.012524576798692334,0.012535894383366362,0.03296801122745719,0.00443637575660803,0.03651356484809251,0.038971140895322436,0.010045046139638424,0.2593905598259217
task_te000075,0.11631021146702096,0.07240737593946928,0.0019754666881487797,0.14049227238650247,0.05564088639981533,0.052677911274183475,0.003948455254998252,0.08696803472334581,0.06560414713575466,0.001880004794306019,0.002456057594188052,0.0005434977267575076,0.09193412768649492,0.002517588532579149,0.06635423343289049,0.07595738351139981,0.0020307736029968704,0.0022673681722979195,0.10105702836276305,0.05697717531408722
task_te000076,0.07333633594312018,0.005041002504846427,0.007257746810507547,0.07367190627512807,0.13834399803091854,0.010126281752383467,0.09917882551646658,0.008744637267565728,0.014530997199380512,0.09477903790189304,0.018492221426179723,0.03579874339870623,0.008709775430946691,0.12231031544276577,0.03548872935410785,0.09617112738870395,0.023592988708119517,0.012772501085925479,0.00900974267938386,0.11264308588295069
task_te000077,0.0023376353916883252,0.012318435169503757,0.07774249090159144,0.15721718515925198,0.04757179015570008,0.001257990222633798,0.021124235652195483,0.0015468889900267654,0.05871512876005824,0.30756611092179476,0.023058226174926456,0.015999515630526137,0.06680680592697164,0.065056384769294,0.029737233858618657,0.04662045604305,0.008946650985453703,0.008767618161468767,0.01356990866164944,0.03403930846359678
task_te000078,0.1034381701083929,0.048251151382157034,0.029591929261891168,0.04522707345907012,0.032336062160785904,0.031623481361237125,0.11124315408233103,0.014191369953551488,0.03143372939074505,0.11208482036863489,0.024274837825226398,0.024190559105219007,0.1095156407736777,0.027625365677930332,0.015094181679689614,0.07387933045863346,0.02996565865829687,0.03294979245155646,0.01829703726526402,0.0847866545757096
task_te000079,0.058820075472692517,0.09202645830892858,0.07777691352151227,0.012048244374508315,0.049310824460730845,0.02670777967391475,0.060295489650914275,0.07471825251936437,0.0857254866662919,0.010540935680902088,0.08263746748319717,0.07755054900368813,0.01353424115767973,0.036697406609270705,0.04534718529807339,0.04512111618929186,0.012895726969455462,0.053670016750290366,0.0437174773772124,0.04085835283208078
task_te000080,0.0021062187326903255,0.45553630887171037,0.014005199829356153,0.0016518063727208056,0.002427906076898484,0.03760185976867627,0.0014595731107910183,0.015569118123997914,0.005282044709950096,0.002116123458023407,0.0709477182725959,0.0004106828210598121,0.0017630271591477257,0.3356848341875623,0.004954067986309265,0.004748064037804093,0.009219963956240569,0.021353182823834145,0.00529788699649677,0.007864412704134556
task_te000081,0.22398916299615515,0.0028741342409105116,0.0015164101876699238,0.001338907380792721,0.00023343929758660637,0.0003904876704452389,0.040382496429008374,0.001243499551890071,0.0015244672065354674,0.0008284157002634236,0.0024170074371732487,0.0006881909579308078,6.291997717742036e-05,0.004197237908481329,0.001113482202662095,0.3265594869717418,0.0009324955610435096,0.3871273825484405,0.00039976322231676816,0.002180612551775221
task_te000082,0.09919006271486654,0.0466578411150067,0.05972331696723283,0.009883733622547875,0.04946876106487813,0.069370642600711,0.029360663336207106,0.10016198384018314,0.034626683473738214,0.04401189139964957,0.05349453826670445,0.0067633508244493755,0.03021757017797791,0.04927025703435629,0.020631332851810572,0.07985975448564141,0.017170113411682928,0.13418913562421536,0.013827288204970577,0.052121078983169956
task_te000083,0.0200257783633169,0.03171913216497063,0.12302562944567709,0.005700023776621527,0.046400438999888174,0.16536094996244388,0.01849198492086487,0.004809663810546695,0.027222209494247755,0.15061077599777392,0.011101610184139781,0.03163318318991181,0.04561996416801791,0.027407859945178963,0.009148388029934644,0.07255129141521587,0.05603150288264161,0.014892508455615246,0.11196251133957993,0.026284593453412934
task_te000084,0.03387868689705988,0.04141174154955438,0.03444755613196178,0.05433614966780962,0.04618677668323338,0.03798678724242673,0.04050982621817652,0.04164097112122997,0.03984166382823442,0.05025665514987782,0.06080815167397134,0.021512823321885737,0.07551734379050984,0.06157168930923194,0.05756657432507149,0.0748619370276094,0.0698446122056977,0.05442490269292741,0.05974339827894327,0.043651752884587294
task_te000085,0.004415210305795972,0.1972255435684061,0.005805646906161525,0.003137843561553377,0.20010472218159353,0.019329061191746145,0.04391455968488746,0.002708627916449442,0.2098901639655714,0.06429431793285928,0.014809963834443426,0.0032171411663461007,0.07232231219655468,0.07840229118667186,0.003024452269223801,0.01075797383935938,0.047013577159512716,0.009834483007252665,0.003026614619519643,0.006765493506091466
task_te000086,0.048669507021297354,0.030655835682639274,0.10021089735616157,0.015677203533765685,0.03042728331815234,0.06646164068986779,0.018740508260084963,0.02255832006734123,0.04474122094012261,0.08047458770177775,0.015528565589022346,0.10970741276853185,0.03218072653754062,0.06734284543503051,0.10735398381625799,0.020947382737655736,0.062482587500013814,0.07104448249516757,0.015656740340017083,0.03913826820955201
task_te000087,0.004995664064737611,0.005868328215808956,0.1700127716543192,0.3362956818172894,0.0043543537358580195,0.0011200278064872748,0.0005531993725302789,0.05534636039993725,0.009190052009282667,0.3408266404225827,0.004232669499070564,0.00765776675033731,0.00889078175688198,0.013778826988748178,0.0024028461980031912,0.005912995722534634,0.007322931673728443,0.003840386465212377,0.008442157585264395,0.008955557861385582
task_te000088,0.006094247462377351,0.011862869293289245,0.009907436518370734,0.011757111768127396,0.010889723704095435,0.013965974416027436,0.00971722560955136,0.01779033776213952,0.011746503702559752,0.007363327962723698,0.0068062647394961035,0.017703907615112886,0.010053759969480387,0.012180122871646553,0.012298368408000993,0.009179201455355154,0.7768582673879567,0.01907401850865139,0.01082347399041126,0.013927856854626663
task_te000089,0.03863385125547741,0.012142584188336249,0.07214062335554042,0.04422150818177068,0.09937109154299115,0.040131301282791666,0.050196597301773595,0.05092829413739481,0.04254649846617254,0.028042935243844623,0.060889858853189954,0.036876343063940574,0.09604790825839292,0.05182293873293509,0.06108882830404875,0.0753137752770658,0.040568991959119075,0.013417575478577266,0.05479715530057872,0.030821339816058745
task_te000090,0.07774809642841113,0.06117612537727713,0.039897229186605404,0.04491058261696407,0.0432331773305628,0.04432818606182079,0.035561401196584394,0.0827474570924493,0.03871325281143575,0.06227702550479856,0.03671731234149713,0.06159101292431892,0.0362802582306487,0.035836448006767,0.03532235454645523,0.05381859067654991,0.05708970847527449,0.05021988564822654,0.06176257035015124,0.04076932519320163
task_te000091,0.012356847286351006,0.06572298031715673,0.02830325877641762,0.0394658861331379,0.014107759080517661,0.0597852861790308,0.0813638055791373,0.05197692120240932,0.05643573963123207,0.04442833517963257,0.0749822093270829,0.0343565321538395,0.03973935235516815,0.1064245049971804,0.037590464651907296,0.03738907711732096,0.038730962330781785,0.05011747808523601,0.05140282220916585,0.07531977740729406
task_te000092,0.014961158723163991,0.022391870838232606,0.05690322879743,0.10964881982102315,0.10113620933623405,0.10327459950196269,0.01951438606800169,0.04884834631096367,0.06919133854977949,0.05089195920561308,0.03424668267116187,0.007348231549809606,0.03722242957586586,0.022706607734742385,0.012457819854162819,0.08641679649800726,0.04366078121826828,0.048757448578072085,0.021233696099981637,0.08918758906752376
task_te000093,0.054833659640077255,0.029040249806820347,0.07015027224683222,0.036295643812356865,0.02653523107145119,0.1019357733611727,0.07747188033928791,0.0694734729302639,0.04086509564209245,0.047596509860482084,0.04657272250966713,0.044672147639438095,0.05329321733730244,0.05918652818132114,0.031224663234481913,0.04997249865643907,0.03857431320680299,0.05376331186656637,0.04423429039319638,0.02430851826394742
task_te000094,0.03717203915676396,0.03844944378323788,0.05701609988669637,0.04118395204721019,0.04699050770001668,0.040437797581436646,0.060950498516469866,0.03658627881673393,0.04494685842980773,0.03852147689158736,0.08282845050089119,0.03368192284172993,0.035833736184804274,0.0565315617197031,0.04869676221097738,0.03338276329219208,0.036230948038332766,0.14254177653450478,0.03904928420145344,0.04896784166545051
task_te000095,0.03933908832204606,0.041371851717110164,0.08732712998669322,0.010870574758384325,0.056279864003813074,0.030777442668941533,0.06264124023957948,0.046648893125075475,0.04042436482298794,0.041437978620289556,0.05148274837817573,0.06172785589986501,0.04792829408038164,0.06682679741126912,0.035592246061299584,0.05869955585827354,0.04784860098521792,0.06394399372096626,0.027693397282108703,0.08113808205752167
task_te000096,0.022005068283618416,0.021591149122578247,0.019005065527214957,0.007098983453259165,0.030663700305868593,0.1517533975657443,0.1293981268815566,0.0015843537239237217,0.011962018521071635,0.04216452713214731,0.036019780360846694,0.024017884333599093,0.013909784586571225,0.1530222661431596,0.12406050519546662,0.16125639896932797,0.01989992408413851,0.0140272049665422,0.007714932468067596,0.008844928375297533
task_te000097,0.0945351877191285,0.05833766227305122,0.037329130790261116,0.024357633782318346,0.12994388861823333,0.0194582585408034,0.0570810926080614,0.0657451384855602,0.011141672888446622,0.010661459603281876,0.035265603874941875,0.00939733726834134,0.03654086775177517,0.018637675442341423,0.14391529016273633,0.02575684705185685,0.04989259198924494,0.06363696226250062,0.10047002765192342,0.007895671235192076
task_te000098,0.04595240166061947,0.05842942078053739,0.014199786550200153,0.05696124041847627,0.07084225866135518,0.045403496839443065,0.03672860860269065,0.03879130800927606,0.03853248087807178,0.03003938908498224,0.07032575682182739,0.0334021100811591,0.03053653208605521,0.08910457434903714,0.08653280727171302,0.06106571823895174,0.061538562603857455,0.03720133537495093,0.05174930775598346,0.042662903930812394
task_te000099,0.06071521092857933,0.07567563609176625,0.038803527414494894,0.05651049807887916,0.0661384748135818,0.03282732272518974,0.028799184380148394,0.05817999622365051,0.024316442440369773,0.05585999052822668,0.06243142107027824,0.048734101972556794,0.03293525621362629,0.040387117512863904,0.05233369688633502,0.01624676478063887,0.0910642578015662,0.0699940011794224,0.04121245012199561,0.04683464883583034
task_te000100,0.06399029806522251,0.05586989438472623,0.04903637190601067,0.08778376720570018,0.03163286197447429,0.06181802482538121,0.04481007492814504,0.06388052093762232,0.04846203523130368,0.03968875344437571,0.049067599289820345,0.019257497091937026,0.034358728310014325,0.021598997444267985,0.08376135753476206,0.04041297701026965,0.04992679344787163,0.056696935125821454,0.05309210212900186,0.044854409713271835
task_te000101,0.006364507331782283,0.040936615748562714,0.15290852295328644,0.00040457319132419203,0.006661288025630341,0.004588459922550265,0.004341423699186011,0.0015810795920402703,0.0025080232229358454,0.0037951951412218024,0.023452867595115064,0.0010321708492009296,0.0018620954009649718,0.717411508598283,0.0019718664813611997,0.005946543743681272,0.0068261844453087785,0.002726704048480507,0.0005445382648753933,0.014135831744208766
task_te000102,0.02681006887876666,0.13888992679982493,0.008719683681068919,0.08156498772676096,0.023440377450109618,0.010219760242508603,0.03611480225998872,0.03371787993914059,0.15360087396401756,0.06457188606028466,0.014410348159081134,0.02306885378256999,0.019879637522254367,0.00557009360697717,0.015336297464139172,0.0823631231442564,0.003198804323734251,0.004084044834738357,0.13748807738505928,0.1169504727747187
task_te000103,0.02129036922906156,0.12684291622610228,0.3393052693760775,0.013081278723418679,0.11319931268655443,0.0021669382443942863,0.005586864560209763,0.004363203414806874,0.015625417337869516,0.004766567317294382,0.011501130202054562,0.2278796051987301,0.009735752044358456,0.007798361274971485,0.002857990413085716,0.02589389189490192,0.05505436425316132,0.005402027846508885,0.0056318706550837995,0.0020168691013545633
task_te000104,0.048747249277151634,0.024382796591009285,0.05180733306197737,0.05886600344706921,0.06595889362149869,0.04972428269656755,0.047899865008590885,0.0449689049468627,0.08203488651325243,0.02917013262335354,0.02768519300783865,0.03575726097023656,0.029691976592657723,0.059348090487694564,0.0449747540645311,0.048741421124226886,0.04630926689744796,0.0933171953993049,0.05455568704116049,0.05605880662756797
task_te000105,0.03045370563752481,0.08330812310446276,0.07830239600571152,0.020577418185254163,0.05697715724928604,0.08723158893999597,0.050028406806093176,0.02399818809878155,0.04164935914719852,0.07543695275766661,0.013109471682713638,0.02263418844034215,0.0507253113292074,0.029425977284094334,0.07171921413612004,0.04834122630397098,0.020925429710633915,0.04947476936387871,0.03551856745757603,0.11016254835948772
task_te000106,0.1429639684393787,0.05896110101219473,0.04143892939180767,0.136930140523858,0.009474566919566763,0.06040226771605711,0.010883921698938256,0.005895910473219523,0.08935551993565272,0.03507195973047625,0.014466308388378264,0.00674624216391985,0.007821684958472387,0.024954109286262446,0.0767391287918513,0.04679815857282685,0.013949862501315122,0.12075969069938396,0.013395104307722547,0.08299142448871759
task_te000107,0.029388432950411037,0.009080010706744543,0.08610042193839916,0.031785568946619665,0.04244074970954334,0.059121380330454894,0.012149006335339916,0.01812510079261862,0.026583563196377835,0.04835026368226333,0.0076178671695723375,0.023169128991198478,0.012815174864788791,0.204263875869628,0.1270756252477932,0.019020047943111153,0.02448822772682827,0.17921904607191422,0.018760470039592157,0.020446037486801127
task_te000108,0.07503265130022373,0.10516220128465124,0.08064516128868655,0.006058900003321628,0.004726157320257157,0.048465508353597885,0.004736663099758725,0.09003156667096401,0.06729451248638989,0.0014456966480718401,0.09649932849347218,0.02156883607393443,0.04762839710461664,0.052527005946307846,0.1042760735836306,0.12355342059723759,0.012507748771303397,0.008996626252004342,0.01478432392244697,0.03405922079912324
task_te000109,0.01281470776350288,0.10203614568124172,0.08637722512835119,0.04283909248697972,0.04741950910639608,0.05027776921695205,0.0015407261372923464,0.005488329955454214,0.02980923566747932,0.03097472348429773,0.05288735830519918,0.08095605665943777,0.04406448412675995,0.054009030757947156,0.033784321622798485,0.09138805252105138,0.12178650803207725,0.08183038192677866,0.02201552345317617,0.007700817966826878
task_te000110,0.06185278230979472,0.04559041612372868,0.04430067393774069,0.028836678430853236,0.05072430075515807,0.04732953167741737,0.04457969376764513,0.054551870648850156,0.06361755745326089,0.06680660369910203,0.05720397142984621,0.04258055362564217,0.045285871826313606,0.05409073774135109,0.05229470036524464,0.04951054849628912,0.05011430705205209,0.04101263861142863,0.047093897943961224,0.052622664104320135
task_te000111,0.025012714199307347,0.052642433784088755,0.03596833256879934,0.034777302720323755,0.025252920996288005,0.05201266063599103,0.008328246819356044,0.020781576423760575,0.05874258081036906,0.06415692721084798,0.023100685144170387,0.04848459032411508,0.05155245558632002,0.08098831850191657,0.08015725462800499,0.10204895013291415,0.03316141252908606,0.06487528329683019,0.025876886167477457,0.1120784675200334
task_te000112,0.10789472324345019,0.048689082456357745,0.028825734798814034,0.09859174204176595,0.06645123642903458,0.019487472500253372,0.07270096115350327,0.007756706008785225,0.0938483187605959,0.03390473462954049,0.03844987048663443,0.02487282485958293,0.06880893041039414,0.07665999580135371,0.025824446184290435,0.06642059750328135,0.04050793205866051,0.03188560677797575,0.0375559099957187,0.010863173900007177
task_te000113,0.014217187649724667,0.08622253107064166,0.00926695800271636,0.022063192552285057,0.07813694782523799,0.020830211313360276,0.031202501837336916,0.10304360479824447,0.05219967118275576,0.048800130827616604,0.02391628847063082,0.054669855384259336,0.0195071629293274,0.0868229952175702,0.024633825990517104,0.15069334929353978,0.03017896065974615,0.01808347239275969,0.05707332540524985,0.06843782719647992
task_te000114,0.042652513568217594,0.04266520353594523,0.04852797833100506,0.04934911685248239,0.03903968101319376,0.06209411969447427,0.06124534371110285,0.05123347427092219,0.05112016863053527,0.03869054963815987,0.052103122909850426,0.06906669170917298,0.05263734590012658,0.048655088225887336,0.05165531170017517,0.05663864480846532,0.043362660715185894,0.04133415708429476,0.05677971070831494,0.041149116992487904
task_te000115,0.04478524640132045,0.022795616030059796,0.00655941619503861,0.023198982413906118,0.01204275649614781,0.021822114388252007,0.004789602259716736,0.006799390146293626,0.004133942617355682,0.17893637093714085,0.006542987323645403,0.006197696429861243,0.02697577406920081,0.08575973256219319,0.008957751531723098,0.043546627845694276,0.009568373141413953,0.34019621208380374,0.14235650690614443,0.004034900221088376
task_te000116,0.09195233637266859,0.007178773379654482,0.3564011046103556,0.17083024483088874,0.0005698673734840407,0.007669460602491364,0.006279531409383155,0.0042752399190394705,0.01720026835147025,0.11105851774337352,0.003659085640734952,0.18582643694406273,0.0002844552355618924,0.0024759670313609984,0.013300519846054567,0.0003568100737436111,0.007820167560642348,0.001680486410323613,0.0031203683917111575,0.008060358272994958
task_te000117,0.001999207375129583,0.011837093289299912,0.015899477709753414,0.019593901447147892,0.36212666800818194,0.0017570261476752191,0.27014155911451004,0.07839544954383998,0.00454576148092218,0.07302037912400282,0.007263889239758013,0.007261479568815622,0.03027943244258593,0.046503339655475616,0.0075884542395846695,0.0056424208067929835,0.007567385296617579,0.011883325892933998,0.03548477250741933,0.0012089771095531575
task_te000118,0.01761853950616929,0.16131008535850871,0.0033514043683424994,0.135568487831603,0.2079544295977845,0.011879200752775218,0.07187171533066526,0.015193350006831466,0.02955559586018087,0.03771614198750126,0.09230584183220882,0.09962946566084444,0.019145260966393143,0.0249751888139789,0.012272278196491212,0.0016825354266799498,0.006003218063102715,0.01366665940192977,0.027401176652023376,0.010899424385985582
task_te000119,0.010879904818123102,0.028063466514145742,0.015247570114599492,0.015151472584042031,0.05384403879072655,0.01259020878908685,0.07855224512489845,0.30997765042540676,0.0622284941656701,0.0014092238554938633,0.015327660415503397,0.07811706498617257,0.003944942112704232,0.004861973460632331,0.048803303494744786,0.06740837350858597,0.02290996743913793,0.10303364870909601,0.03133231249491896,0.03631647819631077
task_te000120,0.014933248481415987,0.036773144996209414,0.008387978775262945,0.014534922011115692,0.0057581472166546846,0.0015211610318268272,0.050057903606342484,0.006967608994915868,0.006248950799666528,0.009748182320095307,0.04544180450587481,0.04860388908349616,0.010091941052712078,0.0177088212498152,0.0033920028638813804,0.09348484969547032,0.10450207414338983,0.46719863108307064,0.0019320487039899705,0.052712689384793884
task_te000121,0.038927453181085134,0.04906842127494224,0.08212707218708531,0.04332675733677786,0.021372934095763664,0.07815354119899827,0.07448742638138625,0.08081778713423661,0.07807082036510472,0.011081150298445926,0.009834944826074827,0.03161821344600459,0.044670902521465196,0.020116839050005948,0.02534050722610618,0.08009010943222095,0.11835033722632632,0.006033090134112728,0.03877721085459579,0.0677344818292615
task_te000122,0.025512883499352972,0.04878339184167937,0.016243081198730806,0.03776960518650987,0.1761064447551239,0.019996637944696895,0.025210864032869373,0.04878708928661148,0.1076622940455409,0.17415406991383375,0.01405402613021434,0.0705945567258426,0.027937914744640618,0.012562430629963458,0.03482437135004715,0.046879809367270146,0.017048527237588762,0.05256007370774374,0.01957154505797173,0.023740383343768188
task_te000123,0.007358063759925542,0.011443688274423621,0.05831026611321563,0.010744337939496402,0.004450202377715807,0.060565914395087454,0.02764490846416123,0.08324477891396248,0.034563925773861914,0.07149046433325862,0.030148589151081328,0.013305701990613695,0.04593630518604491,0.04730126019236264,0.24122713075578928,0.011008814995152697,0.051658385379236796,0.040828948529313326,0.08047025014761146,0.06829806332768534
task_te000124,0.05676845304536793,0.07985213319946573,0.015308820356317327,0.06910421769913334,0.014434433617443272,0.04032721549052681,0.05848490080106683,0.0256370581690734,0.04991122876714837,0.048876683954431316,0.07913501834519181,0.08889156672460083,0.051845737214031136,0.056988034561782655,0.0449346271327359,0.06801522515819348,0.016275665856522105,0.013941674942109654,0.09055141354769791,0.030715891417160225
task_te000125,0.07091069804768327,0.040949680237613605,0.0343746730314941,0.008800907158291123,0.022319814514077677,0.052758560770167155,0.01634624158961277,0.03768072058238369,0.13287362752835905,0.05672637347211141,0.0855360475388591,0.044118317988337534,0.06135683026070195,0.0329823563835292,0.04748877863443273,0.049638721162510946,0.015706740746000716,0.016430143084451888,0.10038239488446955,0.07261837238491256
task_te000126,0.026034829920618844,0.020370859231629117,0.11495665058594272,0.20597714984753857,0.016420169058107715,0.02690341003876659,0.033462096481609006,0.09977717588652467,0.04545154656977603,0.047432665004203116,0.026704599919377542,0.03147430252777016,0.017241271127173868,0.05174239209929922,0.05098127506690399,0.0637236654160156,0.011150338656616715,0.015795301625840977,0.01926166218136296,0.07513863875492267
task_te000127,0.04245178346934592,0.050827974493267196,0.057547993793491695,0.04970376650160956,0.06291585812764085,0.049355321333929246,0.05606452102269056,0.03261589610531311,0.05249281996912627,0.037854787877529536,0.04711968856626783,0.05319310447762174,0.04959569183138711,0.03865712616383321,0.06433141107127065,0.04278528930643703,0.0444321197584135,0.032762480913266,0.07405226374300918,0.0612401014745499
task_te000128,0.017454064740178486,0.01661975697561989,0.030732133805430235,0.021429244078512703,0.4692128474020408,0.005967605291170982,0.012387018440179353,0.008830591835007255,0.022975350721473574,0.015283628390558857,0.04317373932937437,0.019240118039490665,0.013075646508278697,0.015193839601725944,0.0047615459155750835,0.012354859152470024,0.19194406982009324,0.055664249280399536,0.011001076732264803,0.012698613940155496
task_te000129,0.013146706437057582,0.013184672552835742,0.005752775110992296,0.456985891168444,0.013313641695995105,0.044729924391597176,0.025781027064553385,0.01384352723966103,0.02446346039353359,0.007189645204246037,0.04821685825611667,0.026041400724650533,0.03900759142098618,0.03753857538013538,0.045891673976103727,0.009864280733776631,0.019804299419538776,0.06914899989490442,0.04485295664809515,0.04124209228677673
task_te000130,0.07422997379053002,0.007562920182411826,0.01661643408705781,0.026332194615374102,0.007695084399199766,0.16304530608439216,0.044593622429800014,0.13962978890267524,0.003968107662501407,0.0015808499354572085,0.0035621779988430527,0.010674122156748567,0.15088054918675553,0.015956276450311915,0.005821436496602478,0.057246873803184196,0.010867581389965662,0.011545527602499415,0.02321164380084619,0.22497952902484347
task_te000131,0.06548535668440365,0.020175362603955745,0.016133020949276926,0.017191966999764562,0.01400097155456317,0.4661520744759522,0.017608512318485633,0.00881173440450949,0.0301527816077792,0.012849815645092156,0.02092434469409339,0.017982994406212455,0.010345661383103407,0.0496658107219833,0.023901912886271345,0.09686926535687007,0.015963760866117196,0.03612847928048366,0.022344647831050446,0.03731152533003198
task_te000132,0.07990780208117099,0.016857231947960963,0.054048365191530855,0.04657170737374238,0.025800336950208887,0.02702647274826237,0.09031092949869918,0.06072714904811779,0.026681991578960347,0.053049437504601435,0.025223570522966525,0.06228411016923639,0.053350789813466776,0.04723781309754796,0.05543584883421018,0.09828207164272974,0.02722246534558862,0.025695322451855816,0.05987032938159068,0.06441625481755221
task_te000133,0.09463986832614224,0.02265438297648671,0.0108321410250967,0.048153877682241754,0.027844759550155352,0.03550351204877945,0.03753941757167234,0.059012017730558634,0.05172910990180118,0.05303449828029905,0.03859693849509014,0.09684723717886017,0.1387749259843006,0.0356583142950572,0.04501824829484985,0.023912434549759727,0.022743191911342754,0.059569748833850696,0.062008622733268945,0.035926752630386284
task_te000134,0.008928902490877041,0.011600070163176747,0.007011502469227509,0.026263122661223527,0.04887388236802574,0.06670304904441618,0.13377710996908565,0.12704737979198652,0.006180074232621912,0.06884993584456066,0.024525126819169282,0.0037096920397802894,0.031162750748958776,0.009662462053674483,0.08260306451040599,0.05176614832574971,0.005826408175404169,0.07235742671687843,0.01281296449805007,0.2003389270767274
task_te000135,0.11587990182722951,0.03283475075692448,0.04457355204503355,0.02091019544219944,0.044698411422883014,0.0161737082469568,0.012578617593890108,0.024557463525699867,0.0774219317237152,0.031347918431220714,0.08926919013610933,0.07330388317162782,0.08327084915153363,0.07726150506256725,0.04850504386750828,0.01701537514426096,0.01084812721537669,0.023516743751631982,0.14320257601475284,0.012830255468878593
task_te000136,0.05220466960671279,0.04052357737315849,0.04440961419775648,0.057001251875284126,0.04781989138154456,0.04407316347208741,0.057875737465094904,0.07640113324270238,0.04314058790765936,0.03051777946526757,0.0352322960072978,0.04593323168732938,0.05066504926574592,0.0506965182443947,0.06199812047538871,0.07244630689223293,0.05404654761368935,0.05373707184106836,0.03937426997417258,0.041903182011412285
task_te000137,0.0438617734406903,0.059398836216703554,0.05679256163770793,0.03393627183946198,0.05040258512193603,0.042206777046002675,0.05260905773364558,0.048574073528227096,0.044062370445518355,0.04217351202861777,0.0653410746073141,0.06500829886761206,0.04358240913175793,0.08970636927408858,0.0450328586011196,0.038485091157201355,0.043612006056445135,0.04400861539562534,0.042920184833053585,0.04828527303727092
task_te000138,0.011858811227050075,0.02061811945095595,0.09340891631219393,0.02754019091232966,0.02408354952413912,0.07784574271906142,0.0443163384982783,0.029375168100895088,0.018078046186418714,0.018184883862321383,0.021829835343088695,0.07363771899396251,0.010605139261491807,0.048463398457537075,0.029237376084208788,0.013890483919461972,0.0555148003784763,0.05408328137774244,0.3175688535114906,0.009859345878896045
task_te000139,0.07350522489782704,0.04886907789650369,0.05132404211487044,0.06963491878744246,0.022718414144230363,0.09185712923492459,0.023145689200390073,0.042752911318407985,0.02835025228925244,0.02830065362220954,0.06875281709299266,0.038690819238321794,0.01820104069135232,0.038840323023031614,0.03919172022147215,0.05621128869026361,0.03059882632949431,0.03308817053154474,0.0927071187950809,0.1032595618803874
task_te000140,0.07304295582895934,0.04838080163717436,0.12181541646654181,0.06740415463986699,0.04592830040127849,0.011835973848172743,0.07625950847405573,0.0677345059581529,0.02445739487176732,0.021076718876145012,0.069629813038297,0.031041320719078988,0.010459688916021035,0.06001527604813651,0.01858183489927972,0.14520580322648372,0.04734511912379483,0.012493586719735222,0.02962148731277106,0.01767033899428715
task_te000141,0.02995921872160172,0.04886017800132867,0.05479473160463425,0.04353093954894296,0.05065270478134183,0.035020569090842314,0.03895918639807355,0.04920158537641667,0.047361630415853666,0.06743811919901563,0.030624505091664034,0.04858009521830122,0.04431405946226702,0.07531913639399988,0.058433710144455954,0.05537412778866625,0.034076116854705074,0.07661969863934674,0.05151103792792342,0.05936864934061923
task_te000142,0.05179522576182662,0.032568121894448486,0.01404557339770174,0.1361782111506549,0.0025948283704167806,0.4941448724174663,0.004188233459742295,0.003646245846343036,0.02651981749312857,0.05135077547819505,0.08030133371287332,0.009092749041317674,0.0044716281672714025,0.03276404548718322,0.008998817375045244,0.0011657919678209846,0.01032731720951927,0.0014675080349329072,0.03221742869747816,0.0021614750366340373
task_te000143,0.030771041403667952,0.004065106397827355,0.1361983308963564,0.006147608109310596,0.05434834753956679,0.09532154108376285,0.006238817252629703,0.037883835905713446,0.013810540018410688,0.018067730676202005,0.021268515985196308,0.005417039526969732,0.08106490916069548,0.009354448667722521,0.15883504722007452,0.016950247453888945,0.0498394492476632,0.20378782330406436,0.044408168077213594,0.006221452073063644
task_te000144,0.005846163287086697,0.00795387320644822,0.011094312623169204,0.018405923758350522,0.005803046737634201,0.035325985854751864,0.7348672962536861,0.0013783192118761696,0.024961351870121027,0.006582603208982571,0.002989209816712143,0.042556031288939776,0.0016503965194382228,0.030166650116743927,0.02704621308274683,0.007515114874593792,0.019109475253492297,0.0023845702863142283,0.010041188195461077,0.004322274553451152
task_te000145,0.044273445405914484,0.045713745551402306,0.04201967049816031,0.03484255881145518,0.02981269961492534,0.03357054645086977,0.054875109718654794,0.07206245220243868,0.03937975053642699,0.051945462856920865,0.04288715727917239,0.06721587877856601,0.03062438563112183,0.06609750581934314,0.12743438364195456,0.052859373307694475,0.037561000528937655,0.044361311722352845,0.04167465396058196,0.04078890768310648
task_te000146,0.04273861120622801,0.04674103721949258,0.03329919282860562,0.05576384126186418,0.06849632866032192,0.038796030293274816,0.029296714591278455,0.04053309250939139,0.05512004600768848,0.05809629387749756,0.05641371856360109,0.04258253348704025,0.06912221496959842,0.04326151647038319,0.06966385263604676,0.03835279785925056,0.058488900378354386,0.04782786680276458,0.044343976932388424,0.06106143344492922
task_te000147,0.005753861740652799,0.03655075903869055,0.02857937657258732,0.09265303383650997,0.3043942303987862,0.010782088337675312,0.1177343966622957,0.011238986989597863,0.014244500513642476,0.0292927729481499,0.024779132650251598,0.048450609171695434,0.04598826173453165,0.055366731892665284,0.020454113010772722,0.009160834840671409,0.043431943255362,0.02781100611471905,0.007986007036723865,0.06534735325401883
task_te000148,0.09233845709269692,0.16798670306749947,0.33072202344142776,0.025198946947898797,0.0017814681877871294,0.03004304398947882,0.00787277285907566,0.024736242792392647,0.03523496207576103,0.04534137783171155,0.03233097198578236,0.03321800812234226,0.0028054821260933512,0.023016110487633124,0.006756159558739325,0.004243870008925143,0.018848594267501437,0.08071548775176283,0.025374741794858425,0.011434575610631948
task_te000149,0.052358041242358946,0.07700002316805961,0.11359707750097228,0.0077162859351372105,0.01645181025524189,0.05086976551695996,0.01698626973693261,0.024800393459867228,0.05429196691343493,0.06963751761074156,0.07682945831517031,0.052279937927805845,0.056388382626837326,0.0350501405612054,0.03190929183004534,0.05457588271982703,0.08986803724094133,0.04933358171971502,0.01568619798641657,0.05436993773232947
task_te000150,0.03540548637478602,0.06942970623522964,0.05912473369455243,0.051175180429664326,0.0452710455003927,0.061922181484298545,0.04742955258033522,0.05559343127028906,0.05098705464936991,0.0616615917038539,0.04079474585478837,0.04852281773695862,0.028319877807840538,0.050715278329072175,0.03761526346657762,0.06856804603008075,0.06002480165750485,0.03530797832155514,0.042894309554905495,0.04923691731794468
task_te000151,0.004302891293157287,0.37778095307568443,0.003494012427307681,0.03180500602028912,0.004085310074259382,0.026295601552122478,0.006161988394756979,0.0077187383135835005,0.013359869513761486,0.01687674152803796,0.00976694438318901,0.11199268417660188,0.014853574165003476,0.005996873008672747,0.008464845584112982,0.1933723187975093,0.0034644868749706807,0.155917076483846,0.00017433596016637457,0.004115748372967275
task_te000152,0.10306351845349429,0.0205113629518666,0.009622784976925085,0.058994295292058255,0.09347337311849818,0.04986961787174849,0.059950031134360184,0.025812019551824033,0.011458156101090073,0.04227061697332962,0.05368570165327083,0.043813652013987986,0.0032583390991997594,0.04854758305588343,0.09106501588252361,0.036751405411527334,0.07849096140326371,0.06182725617641114,0.05236204890358322,0.05517225997515421
task_te000153,0.0015555111151415676,0.007373511388331981,0.11841300721164894,0.04333054401429219,0.08651887714306028,0.003659175882035381,0.002475720593252909,0.0050735168686145025,0.0050601050956914535,0.1417681748931455,0.46060821198445046,0.004409834628992583,0.09537695414163838,0.0034689459556928267,0.00637573115291327,0.0035499798785982206,0.0007235540146736092,0.002213431955209984,0.005563502183144404,0.0024817098994716425
task_te000154,0.003492037566208556,0.18208485567220623,0.046807479821205915,0.007796717382730233,0.1560606246696446,0.001610000733162741,0.011180637414364217,0.0020176831060191285,0.011753202354612618,0.0019718073317192483,0.003399150560547068,0.011285540476064627,0.005594935588281771,0.006540801306798737,0.005551157596161483,0.01918345216560391,0.4996945169952014,0.0067970450219538145,0.012750859324696117,0.004427494912817685
task_te000155,0.004719667880185895,0.026031504467268925,0.17740354815870776,0.2610700928671009,0.028215633681616573,0.06227025919743039,0.00516452364137243,0.011110260611627561,0.0077358710545955426,0.021050392369686848,0.009755577993276173,0.002570945660392453,0.04711343861406154,0.013930019946884654,0.041935307111464044,0.0064571878868600295,0.028158728652754806,0.24221055380337927,0.0011624911399639162,0.0019339952613702702
task_te000156,0.06802738149733627,0.032085852603968165,0.03986859697036641,0.0287794382858434,0.040909940787432784,0.07197685352621268,0.034831753450334346,0.039502377024727156,0.05243068506301554,0.06696284680121004,0.07026845384572424,0.07316990474761409,0.07537696379253091,0.030675606661163514,0.059601334166640756,0.015232478731336919,0.02205538686381219,0.05218940256401039,0.060137677907753526,0.06591706470896676
task_te000157,0.0034241913197775643,0.003894280046234501,0.004929510934115907,0.2768902917362017,0.0015811897315710789,0.004388430967253332,0.0010872010939367068,0.14788490153013717,0.21663926604518072,0.0013693997311206862,0.0021486464231966576,0.002514528052547475,0.0026403213552083997,0.029377773132714485,0.007396544899830918,0.1826446795298736,0.021478542316589817,0.0023829501932640038,0.0019992856923014015,0.08532806526894379
task_te000158,0.019595219405083363,0.05241334873679408,0.046336094950790295,0.12136704124897517,0.05409002528288825,0.006277843703837271,0.007799008631901627,0.002716375078620088,0.02837076839040568,0.04331863874518787,0.025557801614287463,0.023652451412728544,0.24758677309720478,0.011125175708210748,0.008897697265853632,0.10281188318112966,0.047072235170149974,0.07904762373090043,0.01222678320112637,0.05973721144392455
task_te000159,0.04084630423068181,0.029037415855834435,0.03854234784661345,0.03483659376167814,0.04542131897492278,0.028449563413381198,0.033305787402291495,0.03407229318455187,0.023490939881693963,0.024549907472583694,0.05786163912228165,0.03140387649379285,0.048977074116664625,0.03541074739536715,0.03665680138378038,0.02250692331303887,0.03532430036250747,0.04488770058533975,0.03277787104988926,0.32164059415310525
task_te000160,0.090091752061801,0.002394399126552953,0.004976156548426435,0.0016244201628072689,0.014079726795809482,0.030423921439094892,0.003589177134365264,0.3887865483883014,0.00046935603947378024,0.005548466317512782,0.1742737235234505,0.0006471451310668751,0.036804918278486455,0.03473942570891713,0.01043783973325879,0.018269844482230978,0.031991938365762064,0.12244633510109411,0.010107956788211579,0.018296948873376406
task_te000161,0.015918545874447514,0.005697939023788754,0.016719131379518592,0.036457698752034876,0.0034573135445473556,0.25882759136378114,0.009722164288552805,0.012201155160484032,0.022376141116901265,0.040303398941970825,0.013462217711032638,0.011694204729352583,0.022176302213148178,0.029468716825066354,0.011496785443937204,0.03911356759423093,0.14555594392931598,0.276024288518403,0.017810307673790524,0.01151658591569554
task_te000162,0.006513171653918443,0.006766458189748873,0.00122277154332289,0.7855889574543761,0.007730089244194547,0.003082437900526532,0.013998444246156205,0.138698178398918,0.0040517609219960365,0.004138630679050327,0.001600938198250865,0.002306907721559236,0.006943215440337388,0.0009281574220985007,0.0006130883848006441,0.0032730404615035433,0.001234318151442623,0.0033030742306084707,0.005203733643532782,0.0028026261136581076
task_te000163,0.1302604134160543,0.00638982442942329,0.0031363596818988148,0.06165279570863524,0.004563912518282225,0.007865188374057091,0.07245720722797919,0.0016121865639349832,0.20268169922064225,0.01077105890414268,0.010661685074982219,0.0738387878912849,0.0026612172696249647,0.007260291850070277,0.07894772272436137,0.0028454644702604315,0.23249569708443835,0.014207447119618695,0.07090155199689738,0.0047894884734114625
task_te000164,0.06200070264825935,0.04990140502593315,0.02427262059774853,0.009607261859066,0.03019147900277079,0.10904638403722478,0.06115595549510301,0.05021985985210756,0.04952454683971006,0.008709649416800748,0.11186690118509164,0.07254627961206583,0.01581886616814856,0.028815902114762346,0.1220533459114591,0.01100286483564742,0.0716327405240163,0.015007429203753553,0.05761743656920049,0.03900836910113091
task_te000165,0.6601951040576507,0.017726259381381126,0.018435307308390138,0.008137280908629597,0.0017091823685552213,0.019927881447240746,0.012367779501123473,0.0038560435442588524,0.007824087971799102,0.00985711105177728,0.031192094824018884,0.006644112145678233,0.0037642916588415142,0.002882651805685216,0.020399832450022366,0.00579639904879203,0.004105009804993215,0.13768999395897724,0.0020374145958496283,0.02545216216633566
task_te000166,0.030387561729389,0.06550743495440643,0.04362217898062006,0.08841779634361643,0.04549165561105585,0.014043758285473305,0.030870242355280426,0.0493884375623423,0.016251110387102037,0.08654141903622362,0.03358333400342503,0.07704772967780596,0.02430810359033823,0.054069175174669894,0.04556486714844179,0.03882594667579608,0.01573523516468236,0.04784479673868739,0.10537780609211221,0.08712141048853159
task_te000167,0.016127295425644138,0.02620170612345856,0.06387515569106564,0.04926757477866758,0.11181454500893749,0.05781925597358466,0.12444543024513104,0.02550942247402627,0.014718358800743896,0.027848780264839026,0.04433421897058704,0.07626937666092864,0.02718090978737073,0.03775634014156407,0.10444704124126043,0.022093457880085453,0.01714682848550281,0.047521672492157906,0.005489104261989024,0.10013352529245582
task_te000168,0.005472800526620673,0.14322313370368547,0.004984345230207209,0.0052603540315974825,0.45944976648562946,0.003311136434417372,0.0027121295122742427,0.011004039490674206,0.0015397838263069652,0.002455730568251138,0.006738944074728211,0.007783405624552774,0.004119115206724325,0.31312459355606853,0.0005408480302734347,0.003640360709373294,0.005096476283949676,0.001816282446420722,0.005680150996474782,0.012046603261770105
task_te000169,0.21620043667639408,0.015794898086301253,0.013950798475162625,0.01231147054114402,0.005212689867023848,0.0015179504909150314,0.004595123552741292,0.005108872472474494,0.04820341322542535,0.004046220672599704,0.004451250799044772,0.018150771876659078,0.22876918983184844,0.06884685365559187,0.17732813094412192,0.004213545773799436,0.014892534675262263,0.021264912266726013,0.006068575587475219,0.12907236052928941
task_te000170,0.01703170646628589,0.0049568122874490755,0.15265551194795973,0.2912894831853238,0.009722978310897969,0.009293560468015459,0.002514684917502385,0.2607269751293387,0.02299628711364614,0.00469664306628656,0.007152103286668842,0.0190652509362806,0.010154483458424497,0.010007191504556152,0.018634530821817468,0.11188815671269783,0.0029399073205822203,0.020023585322531894,0.013895846364303731,0.010354301379430896
task_te000171,0.003496202247599565,0.001177119727797809,0.0500983293575158,0.00197459390177658,0.22535527778287193,0.6027442664235405,0.00647838203583574,0.005982380417203257,0.009179185259190615,0.0032577261196470647,0.0003511902267218582,0.012771703275603908,0.0052543678500352915,0.006052190175569853,0.031004966108274152,0.013929553981719982,0.003929028907235401,0.0035554502036494336,0.012409280426322018,0.0009988055718890398
task_te000172,0.035063973001437446,0.05433993061174882,0.02081304320866662,0.0665693223710873,0.041836751015487776,0.06062148099991024,0.045757059333410684,0.06524692787716736,0.0638621200215679,0.06892832944753124,0.0584931010280934,0.04666163930284165,0.045180382794971566,0.048161819662008665,0.03924019951028782,0.06231614687991866,0.03088880533572535,0.05089634086168782,0.05444230543942576,0.04068032129702402
task_te000173,0.057732298137448686,0.02119913909547,0.050565303066608176,0.03969960424138982,0.09803790409510632,0.056974835864269484,0.02226089207292472,0.030421664026510097,0.01275862945163766,0.015251554593757675,0.03243700668262006,0.024899487885689683,0.009798581433317998,0.024120956764873948,0.41019340057351694,0.041386090706816474,0.0066602212667526755,0.008321720241657015,0.014451107494624655,0.022829602305008006
task_te000174,0.23524966431080366,0.10766008838178981,0.001637701241443379,0.0033232566363310405,0.0012221238853846418,0.0020047209444416314,0.006872572162710166,0.0002097442562017674,0.0432896449642008,0.0012452377071893086,0.0005896190312462203,0.002505140741207199,0.15128584650383126,0.0022514283830147226,0.032634019155964374,0.07308586820364035,0.28201443991978037,0.010123365107042336,0.03937693827456701,0.003418580189209779
task_te000175,0.04190765968101712,0.06646398435736461,0.047878271256392824,0.04797577166687685,0.0756359933594457,0.04147128295160889,0.04881587432877092,0.03410459421303897,0.03239099900934978,0.07332700429250585,0.09587585991089523,0.07719967400136843,0.06986493268627067,0.016073550451397505,0.023134451838755638,0.024660633659446797,0.019093935232494065,0.06774299042128362,0.05237432282406126,0.04400821385765526
task_te000176,0.7874210393414005,0.013628967058077394,0.007046098321300679,0.010934636817536243,0.013673785138577222,0.011260927987384204,0.006080564865682895,0.011398109133791011,0.010392509589376518,0.010340375211628079,0.011935905430832401,0.006783470051622409,0.01427444927703811,0.01091496439158368,0.018064148247896802,0.011530546487719569,0.01249327076164661,0.011425133492713981,0.010914733829108675,0.009486364565082804
task_te000177,0.0029190422643450816,0.008282203544009163,0.02436367785420374,0.37584633809501666,0.033529165359177854,0.0136921810982693,0.14840700668063628,0.005641998125613414,0.07782427771185474,0.028179768679023075,0.0042128015923445965,0.008366243709670112,0.04893206592243623,0.06858145120740954,0.01910036874285321,0.0434560573081574,0.026077188273901916,0.015273115895367052,0.0061797426927443395,0.04113530524296621
task_te000178,0.01499773437934482,0.02544490821621441,0.012256734597215152,0.010407242601420919,0.0808065466544474,0.03819782558351763,0.3552332622763582,0.00478312626818254,0.015362232691965672,0.013385940274696256,0.35325577851446255,0.0015090017806136725,0.004261745875828893,0.017545816952721317,0.0038896440625262665,0.0021828502562524325,0.0002653847892043561,0.01836956077192303,0.012757135730660226,0.01508752772244443
task_te000179,0.01699380498263624,0.06550654939075286,0.04076820752185706,0.059664413649407506,0.022206221890890124,0.01949534541650707,0.06679905879953192,0.04930979231120523,0.050189982542173224,0.09142814931336711,0.02911208401133483,0.04476589455967697,0.03543867701327767,0.023276791861464727,0.06457710441277371,0.07042089918927691,0.09224422608074566,0.026062183991932667,0.04480528930151536,0.08693532375967308
task_te000180,0.05394003459458949,0.03836642691010783,0.05160717730996975,0.03123282542438064,0.13873961664605675,0.03436201267973749,0.04097391145227485,0.05588598584821891,0.0418541273837085,0.04377702456433716,0.03881959879900817,0.03820074498868427,0.05517213030370573,0.04734661966357632,0.025784241525212345,0.06785279728561334,0.04129990511641706,0.05058863159532434,0.04888868219008081,0.055307505718996224
task_te000181,0.038714228030939636,0.0513417328377912,0.04353546375380976,0.039068979774172764,0.051797580139554995,0.03234009556656277,0.03417263700530356,0.0385357362599483,0.04683315484867291,0.032247153117095646,0.04172166904628428,0.03761276870842225,0.09126954637071628,0.0856010288198906,0.06292718027699058,0.045615698195567995,0.04791775367265388,0.043322137089453025,0.10214739332545139,0.03327806316071824
task_te000182,0.01941944504446954,0.07792647142824977,0.03557803916903491,0.045147468684713796,0.009553008845460466,0.012602075323341663,0.006355257428262807,0.006694311619732305,0.00740462985433888,0.04321819106268232,0.010971144835367,0.04409076409717053,0.007705992015444742,0.12485170377816263,0.01198855440256914,0.1748693028995141,0.12901471656037655,0.05612006108391024,0.16913136172972187,0.007357500137476799
task_te000183,0.00429193326225377,0.0025439099920175744,0.005525331117042541,0.004759162411318171,0.08291349143214966,0.09827190029396302,0.25178132417802324,0.009524674991617415,0.005006900308484364,0.014323872048280355,0.021219114711872405,0.002799026105072974,0.0723455469756193,0.004039592739229329,0.010243135886855971,0.17928345196108958,0.04128169190556908,0.015781880321450576,0.06433435306858801,0.10972970628950274
task_te000184,0.052139072551158926,0.018368247549610833,0.08465963187350846,0.031680084029731145,0.08084536526337278,0.1068494601087878,0.04515960018123921,0.02779489563923271,0.03194749396764826,0.02685422314836483,0.054722028625472235,0.024756403414992956,0.07585525620448402,0.03967144468844992,0.1289841617081996,0.03227135365610862,0.02866375163240926,0.025193977254525025,0.04607437164264716,0.03750917686005634
task_te000185,0.0033931114946155585,0.009423027361626568,0.009756276022549783,0.0007502486961695088,0.007098341241579692,0.01650497086876155,0.007603668261680619,0.011247596048420034,0.008902425223887954,0.2297306854754065,0.00476294032319754,0.5369949437634454,0.0053871537591633776,0.022062283530281238,0.06206879755050015,0.009240726612292045,0.006448059146587965,0.006011818409335664,0.034398488732067654,0.008214437478431138
task_te000186,0.028117070340181825,0.12684116883474247,0.04533462017946617,0.04197125628013878,0.0045993696363145166,0.0273069466764909,0.04481359104447843,0.01480836500420777,0.0302367862800354,0.04580851004862668,0.16208115489503008,0.13302801227997063,0.07755708722552425,0.023463960033245936,0.025864373464756677,0.012473629410095253,0.029770782411349565,0.08414211800571479,0.03366082733597241,0.008120370613657397
task_te000187,0.03204721924291706,0.06584563642462214,0.06454554635297899,0.017671086609256596,0.018968702290002595,0.08368594277462173,0.011750152788141654,0.025953980689527024,0.019348340523036602,0.01285778284170892,0.0727256508572862,0.06964099381756242,0.014569225469780725,0.06587519830704541,0.05077893198181371,0.16239163172488075,0.03400258861697907,0.07799899156129972,0.024885812412389362,0.0744565847141493
task_te000188,0.06673210907307091,0.05028587480886911,0.015830237904395653,0.05542024198452998,0.0649154267040828,0.050085537799628994,0.04398682855028408,0.0432240893656107,0.044489661919729785,0.043471751462724036,0.0175493920622115,0.0434597783873729,0.051537162129513876,0.07548488691855981,0.05380580621628268,0.07878833306952798,0.08033148627689739,0.050878248544109245,0.018032520392748153,0.05169062642985033
task_te000189,0.02112895544064914,0.028071592416356407,0.011000000554675244,0.03690836101204214,0.08840647012880404,0.17057140589903624,0.0043025377490063365,0.020982899962514824,0.021467362084991976,0.029169720877330354,0.019202207840104856,0.09217324361083919,0.0725363265739512,0.12428625070722815,0.0029204224044412637,0.0792709705980113,0.0035087085697420865,0.12672438826882462,0.028797228642770966,0.01857094665867969
task_te000190,0.048045390019577,0.02006750700267998,0.03162956778712269,0.09090499836984807,0.027610497905039163,0.022598963350701076,0.04215733619116937,0.09530591812021497,0.0458279236871249,0.02116504457961698,0.04370196276551774,0.05791298713943535,0.032930289861242565,0.015826510148560475,0.046926090361019294,0.09035462726293406,0.08488730153602829,0.04747947678876996,0.056103743593215634,0.07856386353018249
task_te000191,0.05315161222082199,0.06212076808765713,0.03942679039627304,0.05412725735461053,0.046551622522590284,0.06464193831405568,0.03432045733894568,0.05447224991525772,0.033356610449448126,0.05467314211254078,0.059090467198809615,0.04441944722634284,0.05593746507484604,0.05782532911565413,0.035948152946141926,0.04990966712796844,0.07414414501392728,0.026142643925040798,0.05488726325431654,0.04485297040475125
task_te000192,0.10932399406620306,0.02344469940241224,0.05118920544382126,0.020250744366569772,0.022317223283602673,0.0010794918965650357,0.04527457485409907,0.004842317747040608,0.004174651499304202,0.0018055488992975734,0.012504781658989368,0.011841647275404925,0.0065703936258923405,0.004649815409640745,0.021702482301080656,0.06886944584251371,0.5377132162099552,0.014361961927496133,0.02450779875405741,0.0135760055360541
task_te000193,0.05963384313104624,0.03366948802354511,0.032834281592785675,0.04860610698775337,0.03612007826448249,0.05985587280805464,0.08458115449295606,0.0366925777584472,0.03957039174503989,0.0438071972608402,0.059484485747531984,0.044866381700488386,0.02731417987239019,0.04134811777836377,0.06391460831343936,0.04575992680449299,0.06049251271344226,0.07709392841626571,0.06986336228854984,0.03449150430008469
task_te000194,0.00782161416569441,0.001350842104234324,0.0033712995755528683,0.004299923386068435,0.33742159318799697,0.018579557550940217,0.005055589510591737,0.00930864212768451,0.0025639036769065054,0.0027504255754587027,0.0022556007099305926,0.006537932547507108,0.005009176311545565,0.004691775681044036,0.006900815386581154,0.021083301805662796,0.031144493140349054,0.0012968615398025382,0.0942461107101948,0.43431054130625374
task_te000195,0.009985033489743883,0.004736674406072562,0.12130422643910857,0.17107497434626667,0.0037961681038901902,0.01352709826820447,0.00748733186885658,0.011736834377626635,0.002019706099960896,0.09544208285800573,0.0043351959437290715,0.003573000387606735,0.0029875746069700517,0.37347083838521855,0.0026259236793625467,0.11678025420530846,0.014359857336509858,0.01601531665112802,0.0213743824222868,0.003367526124143614
task_te000196,0.04078090251852496,0.02121026908704289,0.01846668613052049,0.014299142079383188,0.13635852572328566,0.009828574538359076,0.021615975226332716,0.023000955242277382,0.2755112610053957,0.02909891129765851,0.07558233844161849,0.028035841574737777,0.02798349124878875,0.04429349700211045,0.04279137583268563,0.024031476397735892,0.09428179991635538,0.034797845632157966,0.008677614981157432,0.02935351612387171
task_te000197,0.02689829669821347,0.07163949639899517,0.02010450663213207,0.03396709312705675,0.09271769657819011,0.023860420199173712,0.03902831938834748,0.06709946206098588,0.02037487389053976,0.032967830794093864,0.0414486706236326,0.08395765413959022,0.036695039674994635,0.06853974350070913,0.006989813628357863,0.04785457173492376,0.08506960639153596,0.10416451219195803,0.04355341717677889,0.053068975169790734
task_te000198,0.32670910902889444,0.0019853303606003764,0.020326663340976277,0.01471038046641632,0.000899158805841801,0.005105869417212675,0.007471887995694792,0.0038219473781325375,0.00172845880073676,0.006489287075981568,0.003381669238291421,0.0012246670270733746,0.040682506367616535,0.42554588790930514,0.012226273427228058,0.005288614296126767,0.0934158358505902,0.014104071571956827,0.013656865282269686,0.001225516359054499
task_te000199,0.15129937070675015,0.010836816253901567,0.012706889290214103,0.005253396688555424,0.09690338683882972,0.20545842943837314,0.07438876222577677,0.005562130507124207,0.008422662083520136,0.021831410382184842,0.0027101163912505804,0.0026392721623301214,0.006797785640948952,0.09758994413408098,0.25523216486202155,0.001135805233320564,0.010441204471727097,0.002276793954750782,0.020898984153542025,0.007614674580797323
task_te000200,0.008751332361070766,0.0012493127110654602,0.03988017368234366,0.023410378074520333,0.020754615523948833,0.0061933297291847786,0.007274470837046334,0.0015677100659574976,0.007810741352575437,0.527384032147791,0.27475271507142507,0.024467038717049448,0.008787732989357122,0.006789781950733943,0.008696950233597841,0.00024561786664682863,0.014102123499854525,0.0011747818418020423,0.007759828285466956,0.008947333058562344
task_te000201,0.01649544911649742,0.02062187221849781,0.18095221680996174,0.011014758217821228,0.15344375949657083,0.07645526034520184,0.007567339828890387,0.09274330240186156,0.01350040214210821,0.004771394964683862,0.04331770205428359,0.047412099048476194,0.06316333872641551,0.04347923223566308,0.011727756065793838,0.1283584723272516,0.011652698273734042,0.047006040381458246,0.012591433126459063,0.01372547221837004
task_te000202,0.008236618012854321,0.0280419566533128,0.004436536516137,0.014157318691019572,0.01675810967288007,0.0025698331728299315,0.008592045913711141,0.00934220133793438,0.0039559727102617785,0.005195790868082235,0.17352255652064336,0.014350856430576814,0.07812418887968589,0.016011690234081763,0.05954934745725594,0.036116617708081354,0.0026811330807039505,0.19705947888482714,0.014897908392980988,0.3063998388621396
task_te000203,0.11606057624804395,0.09220520986952348,0.08871612567151217,0.05850830328285815,0.014338759786575908,0.050961208937674134,0.09570719791956266,0.021193400657651257,0.015766623825023144,0.028191498518830876,0.025713078483353517,0.01966828193109616,0.036369504095090224,0.01772364076049008,0.013042858223038233,0.11472598715012743,0.08456047337914126,0.044853408477532816,0.04375215658631526,0.017941706196559267
task_te000204,0.04213277457010029,0.0470106701509149,0.0583790361656302,0.04355875313231983,0.04881143477377443,0.050938679092035005,0.04904076820035981,0.05863521343656718,0.03927243864948921,0.05428388759901762,0.036873798034381226,0.06252965321356671,0.052325362723662214,0.047233544788139986,0.05060546313791055,0.04731569322110125,0.04835014379547935,0.03839444584941126,0.06263543494013903,0.06167280452599996
task_te000205,0.19473262648853018,0.03838571325598338,0.0775365880908994,0.030096392763130104,0.04099271637990572,0.039510342249921934,0.011521866209638807,0.0017329746134680506,0.008784414023501653,0.020304642204316506,0.016589872592980108,0.2837471526601762,0.0073534849613001605,0.010032718168728355,0.021450159257666107,0.061758260757518314,0.021581072585885108,0.010487430166368066,0.004384933581046189,0.09901663898903566
task_te000206,0.04705714623564265,0.12535501176552405,0.002683810091444029,0.00486256608946659,0.013523325781580081,0.018349267254551816,0.012389645030213475,0.007069317564808069,0.09948791693461954,0.020984211670894825,0.03787755908803775,0.011609497481938697,0.1679707015091063,0.007750991388489394,0.12969681545685255,0.0266047236043934,0.01779434753811759,0.048743937122438616,0.02282681486684179,0.1773623935250387
task_te000207,0.13491702562853838,0.0023743978254885697,0.03597141992405811,0.014208732932283278,0.010332973996228066,0.09786169207801669,0.006319671947150763,0.005799806483348486,0.0972003768491837,0.02013616860203322,0.0036415937152007296,0.0037993607129499637,0.0020311630643134798,0.009374984613819177,0.0275871753012358,0.25790667602708434,0.0064031786970218585,0.003139427211837945,0.016655785040299992,0.2443383893499076
task_te000208,0.08519990068222001,0.004971695068333769,0.01654619244035584,0.01352834660545596,0.005788222392214662,0.04248601186210363,0.029099725757307973,0.13013846099565973,0.02101659492389869,0.09211336016562185,0.03295164866000091,0.127506395789778,0.06938906187236436,0.10988550943990193,0.040078964747333405,0.003932760318298836,0.07456155487397664,0.08079804766587113,0.015972125249293156,0.004035420490009468
task_te000209,0.046244632026030616,0.04537523708018799,0.04545885866066047,0.05001013307393032,0.04825759606195397,0.0439538562501574,0.049004634858221555,0.04632503767929533,0.06770968863420455,0.051283386031419916,0.048452553069331376,0.04506179848560413,0.04748308101374016,0.04531651496728632,0.06753676113363863,0.05931189727570256,0.05364594811873175,0.03552934270165169,0.06013769504698084,0.04390134783127035
task_te000210,0.05226895630814211,0.0658524420848769,0.06251298015551225,0.054631309687404074,0.08422866702307709,0.03741429988912463,0.0526586194705001,0.052298870055941166,0.051098428881532855,0.08871309379788839,0.03473504611001676,0.042903965526380115,0.0372658282835737,0.05272371071054954,0.039691453271128316,0.0443565470826546,0.03123889266106891,0.052763512448393814,0.03512774699723409,0.027515629555000455
task_te000211,0.038694598188052445,0.046773513924197686,0.07905047484238138,0.05381159571049843,0.07157731267885989,0.052109665175245914,0.06352617624443477,0.055459983882879545,0.043233955223496025,0.04603424680812153,0.04248895819737795,0.043382013832062236,0.049432704482340675,0.04771461681918781,0.054675913305866256,0.05301959925393299,0.0441414866187301,0.03296848007109278,0.05054179154177356,0.031362913199468156
task_te000212,0.039645795190662046,0.0594352774472079,0.0526572021852656,0.06497294202652486,0.039541709175117984,0.04063056961242024,0.07753194218465165,0.07807544774690303,0.05396931755436184,0.03703740833269903,0.045758466162107436,0.060974170367582986,0.04837969837006205,0.027172241744397394,0.044617030369750024,0.04385480125800829,0.045685781103302174,0.04073585246051391,0.04573792455794957,0.05358642215051196
task_te000213,0.0024050379855843984,0.005646070168287859,0.016928262864998884,0.0004139635475834294,0.02540574523154998,0.00168873084297172,0.0005942020956353714,0.019325106437203195,0.5826883706389727,0.0009488580088408991,0.0008600545724194602,0.04684268172905356,0.05983132757834624,0.1546193738127215,0.001071078330866724,0.06421808188692522,0.003358984232220697,0.005918501434069609,0.002333175409772718,0.004902393191975657
task_te000214,0.015274216215035219,0.014743866288409175,0.02771922608743121,0.006977702998438375,0.15244234136513002,0.00676478380134501,0.027656626049311097,0.018883909249888534,0.03267659791055672,0.24728284083063543,0.19179201265320175,0.0260359241954883,0.03825721997005488,0.026626715057906068,0.008008715493611752,0.029719223514692698,0.018326293910940525,0.026146110754355942,0.07859714320224861,0.006068530451318683
task_te000215,0.020418836947084712,0.5721136259761556,0.0028235652703440233,0.04038957349762769,0.08530420862846216,0.004385223939134431,0.004154611984164311,0.004510203113134467,0.003995395513129637,0.07149058369445684,0.010854542125902396,0.03157828995160526,0.006770440778441828,0.002132749355546805,0.006906623588180614,0.01493631280542228,0.022086165342742145,0.03387778640214288,0.05360130888730651,0.007669952199015507
task_te000216,0.06267446347261936,0.04313518891873589,0.06529484500352746,0.05326823132553528,0.05156475279269659,0.01607926756849209,0.02581226516963965,0.037057730118895744,0.031879395016262975,0.11543678607005385,0.015803034245798066,0.015360509050874053,0.027961495768013777,0.09843803819670681,0.04538817967492306,0.02140520668344066,0.07282129694149159,0.024464366406636313,0.12009887245650804,0.0560560751191489
task_te000217,0.013980532599783496,0.0057275634550538225,0.044652219386504155,0.016261974299687464,0.07069833490073624,0.11186257948719618,0.06118808177887118,0.04507139628113278,0.016012603709070358,0.0976319590947965,0.06919483138271679,0.05858517978797863,0.09884956254794527,0.04065822413103986,0.007399397028270389,0.01374268643436419,0.11801518677784346,0.06992630027737605,0.009594379752256927,0.030947006887376293
task_te000218,0.271945713260788,0.021909858494943958,0.010057809892579636,0.02973713154461566,0.040653133512716655,0.00920146123749418,0.005287796430909534,0.0045581538706183184,0.37371802062906706,0.0020397460197038803,0.006193464919734714,0.003865507925748217,0.025080006065722034,0.07910694514997746,0.011079241673681272,0.033298990910236484,0.01552102942289468,0.004768778725713605,0.02703507898706261,0.024942131325792174
task_te000219,0.06738206882540869,0.07382427733105001,0.017369703318268225,0.025318014400142256,0.09063284487762488,0.33674702796564066,0.021813420764570303,0.011422337713810852,0.013166723996795962,0.017536222251768797,0.007553532706373396,0.016571151354178394,0.05069290690018417,0.022792849481919505,0.017631240019835657,0.06498089533193795,0.020068671822630436,0.06745897831552494,0.04347702217833988,0.013560110443995164
task_te000220,0.018410603196959106,0.0425035655064898,0.04089173265018251,0.049342500633266784,0.015590378946854557,0.07535460676618043,0.06371026889420968,0.04572840911674241,0.06789349560199802,0.023316664585718953,0.08407795646369166,0.023016831314756108,0.07613642647532584,0.030101998696718046,0.07820556513735061,0.0437591059276329,0.050768993667774945,0.047131583839987355,0.04423047904138406,0.07982883353677629
task_te000221,0.05681619680557412,0.06109459543540115,0.05323480027734591,0.04425933482248195,0.03554253567509953,0.03595878281832409,0.04138791258788232,0.0662342311296127,0.027156264862962954,0.039794825546238186,0.13501464401228824,0.031065854910792133,0.0270580255791215,0.07175361977196866,0.06315194699412716,0.0387517787420241,0.043854601083206095,0.03543263719910156,0.034849171881512805,0.057588239864934894
task_te000222,0.07918315058407067,0.044398426770705525,0.036313261286480956,0.07318419100545547,0.04622986503076074,0.043264286719437696,0.03789489638454334,0.06381527707160795,0.0539958024356669,0.03910401664525495,0.044609287659696316,0.04323125165823966,0.030375528746317385,0.06957985069316434,0.04952387554081502,0.0446905129337157,0.05057813234592446,0.041378053585300556,0.04461611983809634,0.06403421306474615
task_te000223,0.000410416662918009,0.003362555267585463,0.00045628274101957255,0.01155887488306581,0.0015094443655828914,0.0049553518500170075,0.0008741498770710095,0.0010960706986610329,0.6950543246618188,0.0008309677223011619,0.009971097172543852,0.13378837479800204,0.004348172615132128,0.0013518063450828303,0.009601222415399827,0.08329933702431025,0.004822095338104317,0.01864090544722218,0.009105486958548386,0.00496306315561353
task_te000224,0.058243839823891703,0.05300793520009255,0.045981569652988996,0.04998301026969377,0.038977194543779146,0.0561158183682963,0.04567211433773741,0.05665432001986407,0.06010468222367872,0.038735935439126054,0.050519580043757846,0.051964290685359855,0.06074029462986795,0.056048252260841105,0.04516009543895257,0.048355053667619115,0.04684565494900159,0.037456005399013864,0.0499590509471397,0.04947530209929766
task_te000225,0.10155661334480236,0.016248016318229242,0.030568920177876335,0.02991851727591994,0.1391574255248507,0.019477941433187904,0.026718915622524823,0.03322342606552648,0.07987538861863558,0.03601859648570151,0.02563276506803392,0.011089784458424226,0.03612408614201848,0.025010736062990865,0.009461551569704015,0.11488709601398156,0.12171894820859815,0.016039638791567046,0.09613038980207594,0.031141243015351133
task_te000226,0.03268875905171559,0.01909653896423625,0.04193268569214377,0.01604877429599559,0.01947732075866671,0.02742479790656301,0.039235059215286,0.027368542971224645,0.015895195238357588,0.00868835510416171,0.09212379457310566,0.031906196941730795,0.014313299433558635,0.013230474168618441,0.3585511955404984,0.02114694175966333,0.0220342353702768,0.17556838947943498,0.013947347259228304,0.009322096275533744
task_te000227,0.0150130271830956,0.02821063439889071,0.06756977054465807,0.0667348572102095,0.1062633765296109,0.016966236027900296,0.022441411515990547,0.01488832211512554,0.014741132732907268,0.03113091412310455,0.05255744688333559,0.11044870327956113,0.016507911294523638,0.10519640432379111,0.04503143391248794,0.04837932453193822,0.0694666786117829,0.04570768720417457,0.11765133463355788,0.00509339294335397
task_te000228,0.04171351309311749,0.06591990932424813,0.02885607541587662,0.03718555609417882,0.0732926590233198,0.03533799699622482,0.05147843239859135,0.018756265960449957,0.054737213369766266,0.051614008494457665,0.024845870495710156,0.013741716753547208,0.022206933123803164,0.10426493138855993,0.11647361801708263,0.043739064467453286,0.05963801532372514,0.01282162872290665,0.09539953634995664,0.04797705518702423
task_te000229,0.08257109832988939,0.01843214226595752,0.07330168777531171,0.018685567535422557,0.014818798463593965,0.01915195175804797,0.04144411217129706,0.08876981985668032,0.038677696216446074,0.014411159553647485,0.03143315696420853,0.026082141368325908,0.042476808727045116,0.09702830898735036,0.2292759525834911,0.022395508335316713,0.022789973978814132,0.05249760032061369,0.03254744175790047,0.03320907305063989
task_te000230,0.005255894914260651,0.007882226998004943,0.0020187518918677178,0.10401380555983526,0.008731411126784407,0.10336096624126041,0.008602255648034081,0.008788161132095707,0.19777993287434753,0.003756332043460523,0.004487687579188734,0.17221301494906965,0.22144028651295974,0.01391343904167152,0.059051993794279604,0.006143353739101159,0.03780897724969289,0.024708656734812536,0.0020718168338034336,0.007971035135469626
task_te000231,0.1161237522689469,0.1621738723799372,0.0973266873382884,0.07036354036794243,0.020421896161260354,0.057097593121925916,0.052314795241695904,0.04578612685018759,0.041663654604560604,0.04294716251012633,0.028777883311501263,0.02269339004316633,0.046978873503334934,0.01824921596196763,0.01692951468501611,0.03799779243985398,0.06212142504636456,0.02685602049350428,0.017583988050693514,0.015592815619725767
task_te000232,0.003639988033735238,0.06006264872401319,0.006196615383652233,0.05501957126201811,0.12912342153442885,0.010113984764213798,0.09657965874793381,0.007158308794159978,0.01435127249380431,0.009513827794488625,0.09160629414764741,0.0036407239372555776,0.10214124280703776,0.04178119916550157,0.04841816328486388,0.02896022671541152,0.007671842407665101,0.0800332067471488,0.059787787660692496,0.14420001559432777
task_te000233,0.05234460692827572,0.052198870622989606,0.0658995543366852,0.030286087523048195,0.0410036656516916,0.08413425284674818,0.027370487946206022,0.06555718373333151,0.05767129162642834,0.0400544928604391,0.06513991378687391,0.05536070369579868,0.032897424513248924,0.05207615078585637,0.03693724104186258,0.03714152338269591,0.014770367806335177,0.0441022796866575,0.06464475088504915,0.08040915033977825
task_te000234,0.02109782369301241,0.028890844545346864,0.026079062081546416,0.014592382406464663,0.010298169444612594,0.021764450788167026,0.026214291723524574,0.13367187105972617,0.013086193823304632,0.016126180314662095,0.16775417091350278,0.014939279879356842,0.05393600729231991,0.048350213427419374,0.0842518820739965,0.18508665284105294,0.07876084300986032,0.02800459953908999,0.014269447484756935,0.01282563365827694
task_te000235,0.08706560261623225,0.046157563352053045,0.043703453643975924,0.020954505406963832,0.024987461597669333,0.02413875967689515,0.042905397949913,0.03545224172232554,0.03909977069428749,0.061605222224233064,0.0436461723662913,0.06892158975694815,0.030862822472689896,0.03254868884519285,0.049992157568584716,0.0772428198863276,0.03768803175970082,0.062074062879191476,0.10797950858733046,0.06297416699319405
task_te000236,0.007108914398545422,0.48885871750840937,0.0036440645463730347,0.0019054237732663635,0.04965812294199714,0.0015500332475573452,0.0016910039068035703,0.0012568228728983895,0.012093268775544007,0.0016698146471689126,0.049370429124717945,0.005054463023056521,0.0028765228275974995,0.001956289176521068,0.005590513456538887,0.009071170577337116,0.0030131756552505447,0.34323248588896615,0.007757587522199664,0.0026411761292510546
task_te000237,0.2668694313811819,0.0005828797506532058,0.0100827260439444,0.032559463727519125,0.019849320746451984,0.003772752950438135,0.011281085749766677,0.042604800072420096,0.015198339841807622,0.04415456323039495,0.002543428563118755,0.011942763510637342,0.3986042246166373,0.08899868851585434,0.015684835478433554,0.005894899317866513,0.004347388833447089,0.007229515564303815,0.008711658111245937,0.009087233993877163
task_te000238,0.024860413188357577,0.005506683397515352,0.10787169760017047,0.1479180055235078,0.014378026748607869,0.0011189899263672604,0.10559204330091715,0.0004662628005795711,0.007979623983368562,0.06563156314524664,0.04957087018153287,0.06169797325301676,0.011377623295356834,0.007568494723186758,0.004814385457248577,0.056582494428385956,0.05806633132055876,0.007824051518615155,0.005522002271465674,0.25565246393599433
task_te000239,0.05506712230256464,0.020644478080088523,0.018449214349108668,0.025079812372091725,0.0978071888610308,0.13552255881205075,0.01447490213729834,0.03270858539284965,0.012396652908788114,0.040512390526511045,0.025915863437839567,0.023469485350844803,0.041314311467107144,0.038889438833678645,0.00945485811135159,0.06296773057606725,0.06565394169645658,0.023571699288010388,0.10405878983501567,0.15204097566124633
task_te000240,0.060253021217872016,0.025240229609437524,0.03982740761225821,0.04662758062061468,0.03051950820179761,0.03642027602805424,0.05523585316461929,0.04234592750088299,0.03356696265472229,0.05611874506720648,0.02807807260082622,0.0547864934222979,0.041788157346963145,0.045586164664379855,0.03735144078794388,0.04841711873660997,0.06621161017989452,0.09095565367403467,0.09689454912607352,0.06377522778351087
task_te000241,0.0008070754007397336,0.023118411098799765,0.004320199278705794,0.030885488972713652,0.005758853011348945,0.002808724349245356,0.006916467781909071,0.054259403465995434,0.0031435208448833195,0.002113299805420863,0.0279242998695389,0.21844323584381803,0.012698033519850287,0.142522679909379,0.08387467697741215,0.0010846734795043691,0.14993996004345062,0.17542751599990392,0.03854179505034534,0.015411685297035438
task_te000242,0.037207062036313056,0.08962301101233315,0.03942295117892074,0.032932178642131715,0.05077631000823952,0.050686504677247717,0.06469893759709247,0.054859849976338734,0.03328037278918788,0.03863188943258758,0.04632555197849338,0.03586523410713645,0.046235739929664774,0.019529520007850496,0.10388837493839571,0.0724137232367007,0.059956125714995284,0.034171630066481266,0.04782867355297125,0.04166635911691809
task_te000243,0.06157203128210253,0.0685076859275579,0.03411939072164567,0.04360246743855831,0.03745674790207465,0.026465378225502805,0.053996837521984545,0.026993667903351875,0.045998278663256,0.029732378404892634,0.1592479350867612,0.04587578470155351,0.030840662889977492,0.05824250888374683,0.06908873903118742,0.039159348403344,0.03238349619635381,0.04523327251404943,0.05225881480221073,0.03922457349988863
task_te000244,0.036320228428175345,0.025694373985832214,0.03327098792863467,0.04905832232522424,0.025683934124915445,0.03306318849385195,0.03999080728232804,0.06795591264728634,0.04016870046890107,0.035192197403205686,0.056621715521078024,0.04188829550249274,0.04364830609461534,0.061738954910186716,0.059400393817864966,0.047190750361575204,0.02389789632279559,0.023424230760282452,0.05467022694792913,0.2011205766728249
task_te000245,0.024380152589647767,0.005763319153109383,0.016776499404669402,0.1440247233706634,0.12750810073118293,0.0026327996637580523,0.16703919497685174,0.010392849503984947,0.026850139269821972,0.010123019857235044,0.06429067226023152,0.0019658316693703425,0.002712968052010548,0.004027890920372595,0.010425028420751931,0.2584249375094727,0.011036889668353865,0.006061903128462715,0.10356676029371505,0.0019963195563342654
task_te000246,0.010285811305447588,0.003317294840048082,0.03778552889248125,0.013668328726048482,0.0780139340423921,0.0020592930226570895,0.013231788510009172,0.04484796583619031,0.03890678641561908,0.12013732781445033,0.0008785477351203845,0.1644340865163023,0.06077511048979855,0.0036345880828859358,0.24216767972375156,0.0010529870690006607,0.10931653071382944,0.0012604658048655957,0.04776559312186703,0.006460351337234993
task_te000247,0.040632606086352774,0.018416430924130322,0.015484367562655706,0.02702709977618687,0.06193398584538046,0.1715823970886087,0.07273423308550774,0.012810234764095952,0.1596985072270163,0.04380283290722137,0.0712298826396612,0.013040363537074481,0.04622542194073107,0.04690688439654206,0.07194393487653536,0.07130082569906827,0.01815107751492941,0.016207885843887243,0.01351257138923192,0.007358456895182735
task_te000248,0.011152936497011469,0.004635421640239599,0.08124283215096131,0.015540978477680536,0.01108009894753634,0.014135017306784098,0.006943838351679603,0.004180062268402186,0.0066817155698388146,0.009410985136657389,0.01769930593833756,0.006893717161639511,0.004455113246908991,0.018071125960804797,0.01798172783655874,0.010088439083678537,0.016001027666926567,0.002704898424741758,0.01335377501122223,0.7277469833223901
task_te000249,0.07492125018395014,0.015131446912825117,0.10486499053834725,0.11863814608316271,0.012201315096586849,0.09065314570230948,0.09249091674206535,0.027222323258565835,0.016750719796957195,0.05653442719345057,0.04196815159666946,0.010082111059287774,0.026357357693299298,0.013716568697276737,0.04714370950427119,0.008589930410114658,0.0650578558870151,0.15405506081779266,0.012934060390911302,0.0106865124351415
task_te000250,0.06424809106358229,0.08932317652252313,0.03082576045045356,0.04324023978364535,0.053449332950785015,0.021093359082384765,0.08823657962393022,0.024934828587642593,0.03537527329467881,0.08109314207797265,0.028448550745536986,0.05064986174880585,0.03456300493857508,0.0401471742826629,0.061335498516579705,0.08949205226021123,0.018878244576845785,0.05370381861478317,0.03948844803681618,0.05147356284158465
task_te000251,0.005206226138271771,0.002179216889888622,0.06067085602601178,0.005990123756160669,0.004124340634688362,0.0032535051894003447,0.003361533497900489,0.0019523274973388114,0.0022904378373207403,0.0038680554338919528,0.008439194556695452,0.08344116478244024,0.24152607567650758,0.061331819416639476,0.0037262619824406785,0.045639876385012296,0.15109553946769091,0.0036813526354734422,0.300564596073875,0.007657496122351417
task_te000252,0.045387419238889434,0.016298029958428654,0.08784299831511748,0.029323926685729786,0.023173763709329973,0.16768837909164333,0.04146290010338832,0.09045170678075698,0.028683173146584577,0.02924532576529735,0.044266064517616256,0.027335989896256376,0.042240205783790445,0.09377509118754566,0.04736542111679627,0.08031852764492511,0.0212221224277498,0.010964649222220065,0.040696323502584446,0.03225798190534961
task_te000253,0.047974107334193425,0.06083779065330193,0.0841152688052532,0.051963946037877816,0.02515669276227127,0.05457753757334008,0.05370083180100504,0.034327143514574845,0.037927158543500546,0.043104141125841426,0.055064851910484575,0.05341984803146767,0.04868586583071491,0.03466813337696915,0.05961806833817767,0.04856715919983998,0.04298571025056338,0.04371256156207404,0.06229370655736137,0.05729947679118766
task_te000254,0.055746386430265776,0.028306628173726287,0.02175974155114829,0.015050864740786802,0.16369715039802452,0.02105114176236553,0.026025447641023415,0.0869896357861966,0.04034522424916069,0.07353197333150527,0.011081317185928093,0.06576684267313541,0.010555346703571873,0.01946546643833741,0.1284226236681125,0.025377034558984313,0.018283101429542453,0.009403074191621506,0.13198565527424483,0.04715534381231838
task_te000255,0.08043643028822586,0.12710357943616882,0.005958868609273887,0.05095068051685467,0.004395499612301279,0.033589742072542436,0.23673230770350423,0.005108170165537673,0.10250373048832075,0.014115664088409498,0.0038807831691466243,0.020754571079579176,0.003942578843364285,0.007033589498637515,0.009298739589532371,0.13783181012761858,0.080961669011764,0.011474213468073606,0.013925568753143006,0.05000180347800169
task_te000256,0.011301848486899059,0.07520679092563273,0.08582628132459745,0.06927889151983883,0.05645657483515462,0.01883415484999189,0.037767635872831225,0.05881403548403717,0.010839845316280242,0.09518999885093933,0.03871302189642435,0.04253736785552138,0.008920195825349532,0.027999072966517886,0.06915240102047912,0.04620071945714998,0.04951020415076895,0.05370987040446227,0.07891454717583696,0.0648265417812869
task_te000257,0.01883905550869969,0.08802822714323318,0.06744754400357854,0.07702253343099648,0.020070063349023892,0.11758032426245721,0.0034258955212878145,0.09344087610938465,0.03680096681984737,0.005617037870649349,0.017089863034132822,0.05593945658712616,0.016829277525226793,0.0035270112067866594,0.011074646221005017,0.020422263268872056,0.1177792633142632,0.12279993081326777,0.051455375837061744,0.054810388173099654
task_te000258,0.010821498791536465,0.10610438902821878,0.010975071779472989,0.025311133814039297,0.08049910435386101,0.026135595141867765,0.01992578728833081,0.1714687188863729,0.05847059845127145,0.025640072608024717,0.014412629501830787,0.0276627567553161,0.03157339192152241,0.08449680403490556,0.061856967755298406,0.03514179194544627,0.11137087121991508,0.045392872331134974,0.026591400637032532,0.02614854375460154
task_te000259,0.009279765532267623,0.012511686822254559,0.004146507763392243,0.010080273562709229,0.0022457112590846184,0.017675465727299704,0.0052466202098395065,0.010118614289211245,0.001846624104903756,0.05771164875033855,0.006651530953830774,0.018708373839963297,0.0031348785050445815,0.6458678306297791,0.01769757029521191,0.028768198896008467,0.002795720076776419,0.02530010280071383,0.02869300323133705,0.09151987275003338
task_te000260,0.025788905930126095,0.05316155358019267,0.03980467216631029,0.00322939829285574,0.09957628539822468,0.009104209046248977,0.058864499366845624,0.02726600554380047,0.0370394331017385,0.1782788141446125,0.14285719072897743,0.021420086592625436,0.011002998088573851,0.044166140246780776,0.025372260650032095,0.0596688382159258,0.09200625257002631,0.030196720593283592,0.007035104192067138,0.03416063155075206
task_te000261,0.020065256025874268,0.0996180100597237,0.03946058796587762,0.04286573603294261,0.04118188566685247,0.05645448044426625,0.033684167494832246,0.04863361884485059,0.06016252751888326,0.03912888900965134,0.03980951563089574,0.0639678108944459,0.040673162365410194,0.0620891657229047,0.04438337199575563,0.06717298049077729,0.052845225154911184,0.06774430679889813,0.025725295967937323,0.05433400591430967
task_te000262,0.017567535467321614,0.23584995870489814,0.001898975426136058,0.01206323095749306,0.0010112195240323048,0.00016574261692236305,0.02334288350080774,0.004906836007740468,0.010522167647850604,0.18412045481805542,0.0083292809766418,0.06556790008949864,0.0013081086017637,0.36812698227551977,0.002195813399494548,0.009842675680972841,0.038828454967121756,0.0032822230688742213,0.004039946298640233,0.007029609970214725
task_te000263,0.004134000589227909,0.045337159081021774,0.0691849655036962,0.09945683830622196,0.015641232701235595,0.047482549030821566,0.06463481559896543,0.09104808504105848,0.06786496714860957,0.04125708102870207,0.04801286697448623,0.05246697891232717,0.015829382677347265,0.06034098511735694,0.04925944419804754,0.014258669516239556,0.04349370080564099,0.06658977540892917,0.06407190853630736,0.039634593823757086
task_te000264,0.06610745154706787,0.0044595354294702265,0.033530548528391727,0.044676668412725204,0.009506356578992996,0.09592477763906233,0.005255468140325671,0.013523114367443119,0.12200509814768432,0.053876890951878996,0.12939479728474568,0.005455933528249295,0.02367317227383179,0.10273730089488742,0.10383875914996152,0.07456155434293564,0.01268672380839312,0.0380055200168297,0.05264492563889926,0.008135403318224268
task_te000265,0.039824350120594675,0.02544567107610291,0.03754108390522863,0.05297511680989364,0.05085898635453201,0.031981302970060965,0.0844826955319883,0.04640584548461817,0.036899385538548254,0.04476414376774991,0.04438387609025455,0.03909263849677339,0.03816404146430253,0.07522500555925343,0.05483414235882122,0.052102555594206165,0.10225662144384255,0.056742221709224834,0.05194355085526433,0.03407676486873955
task_te000266,0.03207621323680166,0.04948767721999851,0.036062979600541833,0.03071849656348663,0.03899471028675724,0.019613663913465366,0.05007097145490327,0.030265067075560884,0.031147958513251313,0.04358143598880244,0.025667257209482763,0.021682349771544696,0.030402095684051368,0.01998337759719593,0.2988959083287905,0.05637491264814975,0.050297899085613565,0.03471681861008192,0.06581003820630361,0.03415016900521688
task_te000267,0.07949575593703963,0.039539574206656755,0.05051531786299811,0.04728885601456589,0.13088126269025258,0.046145596398658194,0.04447064094279209,0.0290063558497082,0.0426025404277604,0.04902317844346717,0.03115725190491749,0.039331830022127985,0.03870287738734302,0.06291221271473593,0.03895485485908057,0.04649159693063618,0.0349138753950893,0.04007979284262732,0.060638285667741564,0.047848343501801706
task_te000268,0.10839957872719888,0.01768043968207812,0.014218035931081105,0.04133946281347243,0.12601811081153497,0.030059094726017675,0.01423960679753491,0.012390696160218656,0.02601911509882367,0.009156743100755734,0.010787986544485371,0.046491037451429996,0.05466955069934284,0.05244398675964496,0.011710919192231104,0.00873253617456018,0.04771806458796803,0.042965103234538435,0.2984851724422692,0.026474759064813846
task_te000269,0.017955690991975772,0.012216224992638363,0.019593467457061888,0.037730999342571535,0.1027390418205835,0.07250784863990568,0.09961217311694834,0.09717025745217091,0.004963924975149761,0.08641150994326567,0.005420453460698026,0.09297860880237753,0.01272589648076296,0.09678773848226342,0.0035130889608521007,0.051838871278486284,0.009406139329690347,0.0526808588329511,0.024244928991068275,0.09950227664857858
task_te000270,0.06976949698647694,0.015966571341884936,0.10060204014658193,0.05113895454062494,0.03054618398652107,0.11443699274991997,0.06940771257986048,0.0634209063767745,0.034483860016259756,0.050573704695410254,0.09756828242752034,0.014528453463487086,0.035284929709138185,0.006016551479812877,0.03941354260822092,0.04503907502718243,0.025101102582339663,0.026845232601143652,0.07448355262061686,0.03537285406022324
task_te000271,0.012443095505274965,0.018559151188230892,0.00310449242718396,0.27610589802398383,0.017708121515358357,0.05335476807523876,0.14233896702781132,0.016201934914369425,0.07079075782024706,0.10290653690666376,0.04417657466165441,0.10288125686765894,0.009132033330890492,0.010624531072516619,0.003435966155099775,0.009932007458666368,0.029922041065297833,0.012003861536953417,0.029347707551955114,0.03503029689494468
task_te000272,0.041368166076383196,0.050592361681528336,0.0430841864683842,0.03824406497978043,0.03810689915257479,0.042207955882717925,0.05478295151626487,0.041767952585584384,0.0636875112414916,0.03576027807979381,0.056815834247914296,0.06671991760922741,0.061704760278966604,0.07245885874477526,0.04724554046612903,0.043807977564211786,0.05902467715709186,0.03296974658631111,0.05908641113772587,0.0505639485431433
task_te000273,0.021408722978807925,0.008250265486210573,0.08885968937478832,0.00276682181078643,0.009368468493239536,0.007247698241053249,0.02924689747913028,0.08207133527101663,0.009653913808276047,0.11839474592067509,0.10507615037320293,0.019275960533148298,0.014865494780083104,0.2860576432933567,0.026899762409074417,0.05187136551604608,0.0009600442506867953,0.06169910639522093,0.04019711514729231,0.015828798437904572
task_te000274,0.05670621244091209,0.06175888365905488,0.02940538243025103,0.053251586484223914,0.05185726567010047,0.04843642495233644,0.030647072129252804,0.06973286567323823,0.030356740065361827,0.0611635266745113,0.04094946675415202,0.0759046166136707,0.035243079032882194,0.04114113408626513,0.061231888181475375,0.04945531198216043,0.028807729562216257,0.0451337949171276,0.08160697090804228,0.047210047782765024
task_te000275,0.043366778668152126,0.0532553905252505,0.055476928141950085,0.05496311281972664,0.05796700651846721,0.05325727443290195,0.05482002237730285,0.03982346037054213,0.05661124496360564,0.03923492601831714,0.03284544694637714,0.0505595980324613,0.05465922660998404,0.05282697564108275,0.07574255373816981,0.055082639548599405,0.03093219722379335,0.057920185106718584,0.046740732489057225,0.03391429982754015
task_te000276,0.011047109587435962,0.34020841942871544,0.027812990116277518,0.009626811033929063,0.014939995976650551,0.03912072723192397,0.008490036622556306,0.04137789317719747,0.01575974105881536,0.010302163926726752,0.01783013926742609,0.0423688074572216,0.03645404256462064,0.03951481376646076,0.09229700790071706,0.05988471798535342,0.07920065145978607,0.08533983350163865,0.014165601193643452,0.014258496742903951
task_te000277,0.01133779049851109,0.011693918748573557,0.005573654453459123,0.016718819543806513,0.0010832512513489025,0.014298989471143879,0.1544469214118744,0.07477665634732576,0.007501016835266445,0.06776178514608638,0.003956480505850384,0.008339011874286843,0.008719187451365807,0.009290515104400071,0.2524251777965039,0.0954806848303604,0.0046227103049055,0.005620158510229633,0.002142368934343099,0.24421090098035844
task_te000278,0.11639436350080405,0.021090534598440243,0.06784879338205091,0.036785238110712604,0.02785591297870755,0.02007496883930191,0.029233029789744795,0.02992162643248716,0.025883737738598186,0.09011898441904283,0.023098861572272374,0.04716926087176542,0.05917596220587614,0.028394091931706923,0.07713614747757419,0.03288589165007796,0.15305487224954104,0.03770259618461355,0.05758584113799025,0.01858928492869189
task_te000279,0.01302283838496184,0.00573492853738299,0.0021767008631860775,0.002521392266535734,0.0018970715297731255,0.004481825952748141,0.11073549468001177,0.0031779164241370196,0.15829578126097346,0.0037646680412497012,0.001618044237522336,0.0019397298963510607,0.0034180817431197765,0.0016692284314353694,0.32474240710162766,0.001770754541129274,0.23258565523133848,0.0022640255703885283,0.0026241238125760346,0.12155933149355173
task_te000280,0.02471867662122371,0.021339182674464306,0.16078771127159375,0.03448644527452828,0.019252846308849717,0.029160895302816976,0.03086147419377848,0.018274069335460243,0.030781794724392336,0.03984427242878057,0.026792252785431347,0.019705702408989074,0.01784277039348111,0.019485607312412695,0.022232696497316965,0.10987134616722102,0.02098348806762843,0.012127791471864432,0.02665201124297732,0.3147989655167894
task_te000281,0.0489596553070727,0.0061640638459285,0.0644538419102256,0.05697013992205176,0.08275828216343416,0.07019888767934952,0.011531064708235901,0.05383359807990475,0.0032854387112359953,0.06959197769176177,0.061610453091411395,0.09000680436522111,0.0956240334952795,0.08758111274849252,0.017658741075022553,0.01617185626837377,0.009758299072509078,0.06290237974862391,0.06073264768228133,0.030206722433584195
task_te000282,0.03730311324055731,0.01652217609248371,0.04178692454847159,0.04840639318775675,0.0954174016739729,0.03832204079820091,0.034240328957131395,0.056950030620781855,0.04820031803877813,0.046478325323380185,0.10253844270102469,0.030342710699782605,0.0452071309542232,0.08336403858259862,0.06625498922888602,0.05545520732124444,0.03570929562602925,0.06012454026757443,0.030929527336015873,0.026447064801106313
task_te000283,0.005637846117268241,0.006870648670302817,0.0031911692246478066,0.20390962577195043,0.0054578188828285955,0.00735723817399804,0.01750904459957822,0.010835565449396359,0.021562504881927458,0.07533360688011621,0.2078249110051632,0.009060115260110612,0.00440079037418558,0.009936331443986427,0.03559201009482151,0.0195774472490304,0.12963828273822864,0.07676425050200171,0.008449414865388185,0.1410913778150696
task_te000284,0.06680306837117286,0.03379169189135884,0.0668920594493151,0.049548361628934744,0.057523940500897444,0.0456624787375213,0.028092236332084734,0.07135780786378863,0.07195228881830226,0.03486047553334773,0.0409222919789536,0.019973655127110135,0.04193534379182372,0.04594663618674606,0.04254157738165605,0.03281714587676698,0.0714033764751274,0.027447924785750796,0.09212849062067628,0.058399148648665446
task_te000285,0.013291764838068309,0.011541377399612062,0.013690256012336035,0.01794909471939401,0.05827050118550328,0.12232706016215619,0.0593186592823603,0.12075687414672802,0.021766003513118862,0.0032368226957200604,0.011110752338479227,0.04985950802026763,0.013024561539224488,0.02215588519179766,0.028894952487142266,0.02671917041292028,0.051506814074539366,0.051730338146772074,0.10986361592931698,0.1929859879045428
task_te000286,0.06654816952040289,0.15392860024195767,0.01189336072229557,0.057359806632427776,0.06617818621350018,0.027411002546763347,0.018441516449179136,0.02561316903506761,0.2059973165285634,0.03383358990841766,0.01670414724628191,0.06962871572894984,0.08100821741433259,0.03202701166067548,0.024893593485260795,0.06025267750153951,0.008677821487394396,0.014721965521662614,0.0119290476236791,0.012952084531648572
task_te000287,0.010928117643843695,0.02004087316435652,0.015159245117272124,0.03167077112884853,0.011112327958415375,0.052557258831344274,0.019312021095068313,0.030965385833433164,0.03614873516309274,0.00592686445089433,0.19943441110723467,0.049963935317078705,0.02711792449585983,0.037848740669796904,0.15083570138455643,0.11258243364648741,0.016692370366150268,0.01803733502099444,0.14708233493217665,0.006583212673095695
task_te000288,0.03004596764421288,0.0066813706898752765,0.00447681301558501,0.022645935005948296,0.0045756434506012975,0.012078562892029668,0.01001361193450065,0.018970874239508558,0.0023034472777634383,0.0307109639744127,0.07054616846519109,0.05044501098706469,0.004833249959585362,0.0077884241782236645,0.31689043147858087,0.005954691548168601,0.010719585763065791,0.004401856185386985,0.2442133737081982,0.1417040176020969
task_te000289,0.0478077602697769,0.28833576901173297,0.025362491564878,0.016256193200266052,0.020686294555532954,0.09502201920144843,0.026027320782377357,0.018509149481244314,0.07753035386768971,0.025953341202578917,0.05349465720558281,0.01834401807267148,0.05800158969055334,0.02766279046747715,0.029754311723373186,0.028907139761540166,0.04732727118543626,0.04489269118360996,0.029981542417279215,0.02014329515495098
task_te000290,0.004606489161517824,0.020211710041373943,0.04823015406974452,0.0065699716965145274,0.0019108567918464004,0.03797675261601849,0.050971300786665556,0.005446618243415268,0.016085485935203883,0.02441458207127443,0.27357502741636575,0.013115224794266269,0.00961562166656133,0.3682131942289673,0.005024205057261201,0.006622295407947206,0.004689107571267784,0.018216272764404302,0.0672536494555166,0.017251480223867455
task_te000291,0.004739838517367234,0.02934813377232075,0.1155312802241058,0.0231118564735207,0.015004276216629602,0.006266961026457137,0.028567732256061854,0.05938618755724577,0.0032805326901541843,0.009060598685928546,0.41214000652274646,0.03350903448629192,0.0013757337445287029,0.22164048194597802,0.0011444938165941752,0.010418963496920999,0.000109720277089344,0.02223830800679594,0.0006573355502829283,0.002468524732980128
task_te000292,0.08447979368998541,0.05027759188622054,0.06564523578911671,0.061906493816032394,0.12594625518662114,0.04542038246380179,0.021559449648191512,0.01515413770133174,0.03668724195876651,0.02115672432717115,0.10552245728251362,0.054671854855594254,0.02241061995531747,0.02345627221757497,0.008271919072456444,0.09003036350578457,0.023533092191458542,0.025625264745295664,0.024352659798877088,0.09389218990788853
task_te000293,0.05050273974697893,0.02340161789996856,0.0163445712033373,0.052797788309335854,0.06741486368298404,0.015547399502349558,0.027651614994698214,0.05132235516590548,0.02309444011176369,0.07979177782999829,0.02734294302864908,0.04243479254386764,0.05377988345283131,0.051869307012797065,0.025963875516802036,0.11871562679076382,0.08324822407652116,0.09937382200206771,0.017492213909219546,0.07191014321916077
task_te000294,0.03801414454909744,0.052058485835575194,0.08278995462727604,0.08429228535446798,0.013198521031850466,0.042853981295342604,0.05642510206883108,0.09442956275991833,0.04848344900845873,0.0303335265800785,0.012284227685087273,0.14422612476487243,0.0326355494380894,0.05859265368724662,0.027798472179269423,0.04462618359399794,0.026070883927537602,0.022047620786232295,0.02078862584133158,0.06805064498543902
task_te000295,0.035867069362775617,0.048973464719652686,0.057647351682503824,0.04389542963214159,0.07087268550832192,0.0711844702002813,0.04472616392314777,0.055147121323423025,0.0577677209845002,0.041691993525421606,0.06699285002250713,0.0647717442553239,0.05912192971949601,0.04448849426849553,0.036438545260994555,0.0356939810761453,0.03511441276707475,0.0422013442596497,0.04180277407763408,0.045600453430509474
task_te000296,0.06182629107516683,0.03621544787474793,0.05100009251935813,0.05390619275805702,0.06060957801487301,0.0517049288209901,0.0699306709746427,0.04355655908786989,0.03359977850638505,0.04599334022053797,0.03333797004224121,0.07766948162382027,0.043499862195480916,0.04292016108938791,0.034258906703124106,0.04597159185983544,0.03621847533491846,0.05300825176102731,0.05916458348336705,0.0656078360541686
task_te000297,0.04370153207840208,0.07786900447824213,0.055480687710606026,0.060015183109081875,0.06078918853281634,0.04353375114695332,0.026574504821580417,0.06318193647035361,0.048319897030105835,0.07282060070697845,0.06305115180663809,0.022383342521158003,0.04888635624922078,0.03481051949960634,0.07448951353142215,0.026853273960698094,0.03561360270519217,0.052042321865738046,0.02562597111996618,0.06395766065524006
task_te000298,0.05838797998089058,0.04335154801027872,0.037771196938001884,0.048390559595059536,0.0551831977534787,0.040620160459820386,0.05067457677129246,0.05127811390635278,0.044461992271466064,0.050490785587811754,0.04530910631494089,0.04650944516251453,0.0433123468752921,0.07512352527440923,0.07024245242993454,0.052512334219210706,0.046542445144333415,0.044932270023849204,0.04338223526487167,0.05152372801619087
task_te000299,0.048386294389210584,0.040026860146184055,0.049329159842422934,0.033379584753614765,0.055534880399323694,0.02697713133249776,0.08091543427745365,0.04953921381229714,0.0657457779694596,0.058054205249405494,0.04066137154072661,0.037140513149828025,0.03030599110083142,0.038492264395481056,0.07591384172672597,0.0636052176581121,0.05003822011747074,0.06302600578865579,0.043652591099599625,0.049275441250699
task_te000300,0.5505897731475731,0.004716785642511798,0.013013949343335905,0.00815256993433271,0.006630819234026995,0.00680661773131416,0.013238935817864735,0.0007719390269768079,0.0028828217839141756,0.0011744451450634325,0.0046524522859973366,0.32592397849653737,0.002900146806482989,0.010428656059316126,0.01306596690570693,0.0016321431729046587,0.008210042396432134,0.004267838467138268,0.0076263963717410465,0.013313722230829538
task_te000301,0.015798481803743252,0.08604161306367984,0.007210617630635232,0.011398715551025023,0.03697697628085842,0.029939354382351444,0.008687353832390183,0.005514101418875635,0.009752876795738183,0.04915880462531121,0.03584401522997767,0.005760513170274436,0.022697574681831572,0.015092847822243672,0.5982131301190984,0.012896631683696355,0.005871062449387661,0.007610859389240837,0.01375296669111148,0.021781503378529563
task_te000302,0.06010528928336645,0.03894580620587878,0.050224258604487926,0.010669114309727145,0.039641400302553885,0.026468739539336282,0.03096558711085262,0.03937001994703975,0.06308865117555004,0.06299200142339616,0.048880663293041735,0.07107960647116393,0.08043225577567871,0.05625955655056605,0.02518371377305303,0.040945732541895284,0.06321616199740063,0.04576766321896541,0.03998487016350887,0.10577890831253733
task_te000303,0.06279021025496635,0.010355887410289413,0.2410122171087204,0.012780333370475058,0.052723159341722094,0.02635512256147415,0.02690081006762874,0.036596299472887596,0.02310538520021192,0.03228677197751359,0.05254239550330943,0.04784250010513943,0.15533576929678597,0.05610516018712215,0.028636547758451193,0.0018796390893454807,0.041118899008821104,0.020142827252585198,0.030903357350029175,0.04058670768252162
task_te000304,0.056938914558136204,0.10602476233052772,0.03514666555943158,0.08647823974892298,0.02166076923344861,0.016236439211428647,0.05531637515423606,0.026429778437302973,0.061714342322456026,0.03546319451561139,0.0242941902467228,0.03579773736927908,0.033874727851736605,0.07041255758208907,0.01164761075211342,0.06369870287287802,0.13776305157858185,0.02854353934002421,0.024113441997268083,0.06844495933780481
task_te000305,0.07039449986810602,0.033079709828882656,0.0758261500246901,0.06428798397585246,0.08436248492530594,0.037453416394986026,0.046730198216844335,0.03489322017826527,0.052759910640006645,0.07427779134675534,0.028869140678906398,0.04535608141507625,0.026915804149450183,0.03592450531527921,0.039081077618656715,0.06485016430566329,0.04554669176342581,0.0535634153325807,0.027517879184525803,0.05830987483674092
task_te000306,0.05198858601849532,0.011631385779136196,0.00930293925947628,0.020107096382958056,0.0738442369141049,0.0033935008925885693,0.04336147435747633,0.07152718828940706,0.04218295928298286,0.03244309982903774,0.007395699816439302,0.1507748054781224,0.06133973680377382,0.03607962282317357,0.05127271311890094,0.00323720950358424,0.1437548286357963,0.10821755731706183,0.05964384040743922,0.01850151909004517
task_te000307,0.008857979080763799,0.0799963096471477,0.003615152700094443,0.05377383442206132,0.009243513257028152,0.04740279383668294,0.018696436326569116,0.05759763555515688,0.01990053449090482,0.06385416435853489,0.4501023730375765,0.02023344248146879,0.008795619079804641,0.011990222210057574,0.021176496726599343,0.013409891709307693,0.06575268141910369,0.014509327631400361,0.007420060543833455,0.023671531485903945
task_te000308,0.08340835398426097,0.040093586421614036,0.04525762533265599,0.08705197968945064,0.09881777852068481,0.09546860080292698,0.035000292873796135,0.05923100718571802,0.041185786651559995,0.05996719927472041,0.03892360439450255,0.039243056632445775,0.06777703434788207,0.015452129260032439,0.04200901143494299,0.03338310133360797,0.018255501789373116,0.041604091067695324,0.02797300269265338,0.029897256309476344
task_te000309,0.06448836052584832,0.034669499138597105,0.05560067552674541,0.044608103803031124,0.05780411967833007,0.08103181757926223,0.03966962063445176,0.044764566861020566,0.06006550891104833,0.05679490640656671,0.045819369311322834,0.037742050861043486,0.03333365050858185,0.04962975017412832,0.05021862387222487,0.04595117439908618,0.05431090091391854,0.03349014704942782,0.03331388414399576,0.07669326970136882
task_te000310,0.03470083473344897,0.07666086923594351,0.07893327434315074,0.049289724614102116,0.03256886234728225,0.02521302838564936,0.05495802722228119,0.041567201250769986,0.03951670977716091,0.06352886169765623,0.045759272456065016,0.05831691449184588,0.08821781145156667,0.03336302688801765,0.0561474865493186,0.04392809715236692,0.03768580216104623,0.052039116952403104,0.02904092278063979,0.05856415550928487
task_te000311,0.0009173554168511649,0.038981498405238076,0.008351088008232862,0.002215285538166905,0.029843289307994507,0.007626548191643432,0.00908852540125423,0.013543954052842226,0.005451852244947373,0.6097936879859431,0.004861532294563935,0.00588757241678208,0.004767524486220564,0.012758598176615012,0.008604491784895958,0.013138082452804633,0.0077954361245447835,0.016010673610882115,0.1643286404614424,0.03603436363813459
task_te000312,0.03517230851515524,0.08212050446845665,0.03703331133872124,0.013364748100949562,0.06468256990156991,0.019086259812557762,0.029662479245319028,0.061241257089200654,0.03494261315477539,0.017485381220867117,0.08218797681215147,0.019172521661160333,0.16210542135392073,0.017017256013829342,0.06113015842155642,0.018985580143332896,0.0955806697369644,0.01377317813251033,0.0663827289924565,0.06887307588454496
task_te000313,0.019247096541446653,0.0003680035941807841,0.0072751687200646835,0.0834981152101632,0.03612892102584031,0.017409514719711507,0.00580737433503373,0.007320159761762122,0.0056310516300847446,0.0021717820925999643,0.02910754374604972,0.00885225493111837,0.38778527280726033,0.05831059638594346,0.0006096582092854284,0.05289989493568379,0.25450880114200614,0.01877292143830438,0.0009191542893753409,0.0033767144840852505
task_te000314,0.033376861195250136,0.020522352126830522,0.05226663830197628,0.034561930492349825,0.16964075217506022,0.022943030316235728,0.028353968574614197,0.0724659569148332,0.041656744326442334,0.0339445239713616,0.08552117047182886,0.01594987539102193,0.018985472469807335,0.022484229270962715,0.059761928503110406,0.07583546116087525,0.07928582582945655,0.06808880833156764,0.04574601348662346,0.01860845668979193
task_te000315,0.04383938880781205,0.04139901047753284,0.054097023989849086,0.050781621849002694,0.042042154799675435,0.061045977224612955,0.07563924733691894,0.08989786874024985,0.07314246627250565,0.018254100733614935,0.027179748813965506,0.08644106686444229,0.047806544213562334,0.0461453482997163,0.037628482257255964,0.05495288535542272,0.08699054957450066,0.022840143537528883,0.02444701646217855,0.015429354389652572
task_te000316,0.02913281454967564,0.141367209852038,0.09151948349300405,0.023650120384761688,0.018959677847134666,0.015535688914041368,0.09384917843651713,0.018816428006723254,0.25415781893573786,0.018535635563098885,0.011696488572693337,0.018339569744964448,0.009594648541506682,0.01086837478173633,0.029748468744467276,0.026184879454647286,0.14011841155381485,0.01546401943684938,0.015786535456000898,0.016674547730587116
task_te000317,0.08089161740787089,0.04092251207487313,0.10674339084652262,0.015290431787745926,0.08301310238022384,0.06468930691908882,0.1071869408430621,0.05866038033441717,0.004380656697099104,0.014024922817131287,0.07703331177933645,0.05283835322326154,0.08594299600468516,0.0033407988999403517,0.013888484052084258,0.10339699221964693,0.054828218969529934,0.00797851450154145,0.017692679689251086,0.007256388552687867
task_te000318,0.02407947351578895,0.045884064803019334,0.04813077246259118,0.05553362715978147,0.04459035973867119,0.04543583643388708,0.04556347417769807,0.0631312002515446,0.06136347437751614,0.05882001763406778,0.04774370648929012,0.040546028367823006,0.05351488427499208,0.04511478405847375,0.04203614586710055,0.036899313948689595,0.08290485277623881,0.047605075120274475,0.049256330903653354,0.06184657763889851
task_te000319,0.10282076548480447,0.008203682683263413,0.007352469715948939,0.03957234991145184,0.06536831773217956,0.08378487759785798,0.03486933930042596,0.082426186662277,0.03872962693479666,0.014677196357357855,0.008936454210104685,0.05598098832135962,0.05494485700853461,0.04243026903766722,0.03220213607681162,0.0476746928301105,0.05582298870890789,0.047486466351741356,0.12473680682211502,0.05197952825228391
task_te000320,0.021623299752147333,0.024001347289264983,0.009867032544874327,0.30962054436087394,0.02341686638255723,0.013774712600497362,0.0006477569024056907,0.4059004591445813,0.010368785793795412,0.0217592877796617,0.011060087018052459,0.004214481849717833,0.04312204653935442,0.011957906803760307,0.035039405288398245,0.006852624425707993,0.007511933169956456,0.0056745343110915425,0.02151804481542743,0.012068843227874035
task_te000321,0.02467877904357117,0.02692065423052278,0.029216403647185602,0.07367267206359142,0.030913987156879888,0.03604972106297724,0.053957855478711826,0.04763393785701188,0.03102265514346502,0.01911258532535721,0.05474751402560486,0.13483417694016286,0.05336849904282652,0.04198245401710222,0.06078589447152957,0.022436592455486105,0.036388365403882544,0.0774154409764253,0.06736684435552591,0.07749496730218003
task_te000322,0.011335927830862902,0.04363660009933253,0.024874352152552886,0.01707787641186122,0.00991154433119612,0.032205336237550654,0.01432448887965774,0.5307996381862751,0.008200226694831014,0.019336738569153352,0.044947618419745844,0.004368952843710912,0.022721902710543987,0.0523823513193824,0.03127215665603863,0.01648845798716592,0.01236341472141987,0.04045281567263388,0.026429224028447197,0.036870376247637796
task_te000323,0.06465402579747098,0.08749922238128807,0.05761295318890041,0.0463675169599326,0.026585838720546335,0.03906369149178518,0.09784533307691282,0.012417299227912827,0.036074598286092725,0.014932776162152207,0.038320162031302035,0.026607536060133222,0.030509565218088928,0.021508595490130622,0.09362361287637372,0.08239774324816058,0.023742310792228365,0.030375736820735407,0.05885022372886466,0.1110112584409883
task_te000324,0.05590319973671877,0.035564321319937704,0.036337566825507664,0.06024339401529192,0.03531954276485978,0.05000281342715671,0.03794309644871314,0.0390478359548277,0.05274844339336829,0.05637298795927682,0.06474797593005857,0.07909042817744535,0.04603290183544756,0.0430455039577402,0.04661718767449815,0.0496136173297135,0.05196137145266952,0.06333565031984921,0.04594488782037677,0.050127273656542674
task_te000325,0.031425581723842196,0.05090562028633042,0.06933576315848701,0.0797592231723879,0.023018988744347525,0.04400294988740396,0.12854896976952185,0.058973597593451055,0.017924720068903523,0.10594867333295106,0.03469525300077429,0.0235646330987232,0.02672214894710438,0.02026820158968148,0.0656457327462393,0.026302736635798584,0.07606329431688749,0.024536685330962513,0.05785011220627518,0.034507114389927034
task_te000326,0.013178939147807277,0.34169136209129963,0.02696418200033773,0.019883172288593414,0.1095219250157237,0.06260337008118773,0.02673932285648178,0.023612662557540763,0.029881171589437486,0.010190257501863158,0.04401814778741498,0.0228291919563763,0.06544933055094485,0.011876327429582327,0.03591889503609765,0.03062402327933323,0.030014149797563634,0.03171395880618197,0.03927362372214445,0.024015986504087778
task_te000327,0.02064714038961809,0.06217260640676944,0.01575790878365973,0.022686064316908422,0.014805197590349295,0.04990725560106045,0.035880962514125196,0.026770604619022132,0.013693440588426791,0.02849138065772262,0.10458391433943313,0.026330646000261068,0.09367197479288003,0.24568206322039135,0.07829611102757868,0.04753837082292113,0.04456386369611612,0.01377173152201909,0.031106980935850136,0.02364178217488702
task_te000328,0.0403795346785844,0.03024540864028728,0.05005868844940642,0.04359792750867767,0.028276573724677536,0.21334072697193382,0.029972294914432943,0.020197778572410566,0.06951071297619757,0.031869201629100494,0.061833953613433114,0.019535697609271218,0.015693761208423338,0.04791247926191399,0.022156884159448158,0.025270356279778722,0.10373282023880334,0.018464636523485976,0.033364365960859024,0.09458619707887451
task_te000329,0.0383599444053294,0.04870842557306496,0.05644367767736518,0.04675826429668448,0.047474212300552404,0.018906940265662725,0.05839637140556949,0.02901944058610681,0.07520512570883979,0.1027522946912077,0.03873983544575958,0.043264947851540975,0.044379658376033554,0.05426264221226557,0.03546324776652512,0.061732123042475655,0.06000625856238253,0.04005918453764032,0.045113218023059815,0.054954187271934046
task_te000330,0.04088407429612887,0.06051358612083731,0.033568237619602724,0.03532254066246999,0.0344603482703298,0.03950728732762458,0.05170523913438228,0.050758152639208964,0.062486566685924706,0.05513858316462003,0.049951424614936145,0.07639354211945844,0.07055013560729732,0.05091346314613785,0.04864156278196511,0.029215448182993757,0.05817142404602898,0.046973687652773384,0.04959542616430346,0.055249269762976366
task_te000331,0.0014566976384996501,0.0022021715246766443,0.00853632110910056,0.003039763764930057,0.014070978258162364,0.4154105815476369,0.3078519358123023,0.0021436246655955485,0.0309732910507362,0.04874977851455231,0.007480553485064756,0.0037388429751764297,0.000939561256884442,0.001813935078306811,0.09412344037841867,0.01117802815738361,0.0004333679043791075,0.04127813279681339,0.0037331464109631378,0.0008458476704173175
task_te000332,0.040285588464484,0.05653626738319719,0.12343932382368582,0.03479541388537704,0.07365768200140242,0.06465922624214115,0.023602769661173816,0.053630035364947856,0.08079959747974842,0.021951862780654696,0.025558325259104148,0.015142137595290747,0.14205361768175948,0.036438775967230344,0.026483603256424706,0.04240108544395037,0.04312039488834855,0.0363610848317865,0.01308337993705107,0.04599982805224166
task_te000333,0.017420420047312323,0.014953085146908499,0.02084909198434037,0.017757977116047385,0.017212663760317718,0.015147174328904937,0.017885589281640826,0.02336708983018617,0.019598686411764925,0.022060626368782973,0.03155712143767777,0.01583907918567972,0.017073673817107046,0.01860020260154298,0.6332858256710806,0.018828250377770715,0.023765180776046,0.01834635145171965,0.016678379624024298,0.01977353078114506
task_te000334,0.043052622732607695,0.006607480972375456,0.023959386137290616,0.12896341170537545,0.0985062564445537,0.1665771083495398,0.035732367762536375,0.08135324710576376,0.01765887886387422,0.014261384091737273,0.006044716038457005,0.016270301244732287,0.08734891935346652,0.06844611888353455,0.0019725130251467943,0.008920011401722482,0.016482029243804708,0.05879600847524661,0.1053998187543439,0.013647419413890692
task_te000335,0.014571632554773672,0.056235927617830854,0.01012507606130655,0.0033291813956875314,0.023988087663502626,0.002764378359941151,0.020031260556506243,0.009195656314686136,0.031570912366678174,0.0028657455197361233,0.0013275915408503857,0.3178231024960935,0.003777894261805059,0.013610275030235775,0.0043337688050919514,0.0449173290384754,0.00537647842607182,0.10611533014551229,0.32330719571085764,0.004733176134357179
task_te000336,0.04471793499089481,0.054023057835024084,0.04497798035034374,0.04819117835307042,0.04997107224289525,0.032269409031399285,0.054983608609172736,0.05755564240999893,0.03522747447494966,0.054471074734575395,0.04529054815382588,0.11287543158787748,0.05472165303450453,0.042601632548476834,0.05361591003015848,0.03974802774286026,0.030969546901639056,0.04874677949291673,0.04015917345658931,0.05488286401882721
task_te000337,0.040436637797585634,0.1650017664885574,0.08181659858905306,0.11453042498702103,0.07096186848789204,0.01650217967407751,0.04795035327228411,0.02687713353581838,0.017400580782528072,0.06256144115023782,0.017497636380157906,0.02939063321931421,0.025609061528289543,0.019860826592938502,0.06775935886826359,0.018328790115144048,0.07765036560404004,0.007493749477287123,0.020503823733813754,0.07186676971569608
task_te000338,0.03206404445261063,0.03053284271263995,0.07068931265738543,0.040545723606008645,0.036307233702616216,0.11614253548888843,0.04161073868181379,0.02392228203216986,0.0203257023551138,0.022021122450146688,0.0786961834027776,0.03422530428794031,0.05805794616132341,0.05413556563134001,0.04268593386569642,0.04154804305296079,0.055829500987165895,0.08009709698829974,0.07186758208729926,0.04869530539580307
task_te000339,0.07825442916482221,0.03383768100938915,0.05722440991554033,0.05409159511144741,0.0520929078751936,0.06803485809583024,0.0357073756472496,0.01919959858265773,0.03124028256655859,0.04660715243586927,0.04492978216680204,0.054369712816777334,0.041199167973166084,0.05167459626233113,0.024936507339230248,0.02917188163182335,0.07056450755223427,0.08031480823148672,0.05961158561262786,0.06693716000896266
task_te000340,0.023741930836789372,0.04154714816199362,0.023673030012465544,0.0009016111130537899,0.0011283394212214031,0.001473562983871235,0.04563872495352688,0.014570879405926064,0.007988938334343717,0.19751745824337094,0.019300812903775895,0.001256399567984321,0.007114768998519232,0.05668841605335706,0.05439022424868882,0.14474870689861238,0.007491293605249995,0.05753463178228217,0.16237940114758126,0.13091372132738613
task_te000341,0.08620370509220594,0.03744906827460761,0.040245878819869,0.0381397476970504,0.0794969796816384,0.04562541015249381,0.044520603398395316,0.06065958261444132,0.045669345384682786,0.038415415863593476,0.025892168634214802,0.045107860672585535,0.029325760019801923,0.06574945057218777,0.04825921417855829,0.06080688298499784,0.05119126623826269,0.05087456533395793,0.04486065776753158,0.061506436618923674
task_te000342,0.013368643083306802,0.12928622525796984,0.007122746849596673,0.14542690761014598,0.0041208481928102225,0.12141696912967236,0.222725339323568,0.00391873791338051,0.09283372253772607,0.005806632390522756,0.006328757641147576,0.007598846777515955,0.07622713272569943,0.011698942804118423,0.0892405168403153,0.009314922853509456,0.021715766573774,0.009292028860837012,0.01707007055005888,0.005486242084324742
task_te000343,0.048924928560826024,0.016648206377101606,0.07085493405804698,0.012578702707817054,0.033657266509704256,0.05365610080197017,0.09888388202752786,0.05551216522378184,0.07796300937566987,0.0345800950892551,0.06392425029701272,0.04114785103106193,0.06148178441713132,0.036883041270351614,0.020065866798532044,0.06381720594886695,0.04427724792598153,0.02768459571154174,0.013345239860052826,0.12411362600776664
task_te000344,0.048357658046594226,0.05015110138283206,0.035355849692541734,0.033206814917245746,0.09020331927329063,0.04846759073457558,0.038959489920703035,0.06664963766955438,0.04854704562671643,0.05459568225488207,0.046816413400492196,0.07490469112209787,0.04449789368140405,0.040267752341051184,0.036917846682951186,0.039636680408685,0.03800659284164408,0.06284448184703732,0.056621387836210436,0.0449920703194908
task_te000345,0.06499287241422261,0.047055383618203765,0.017828847182269226,0.01144520242959566,0.02761933251727099,0.053372956557925656,0.06405521975984446,0.014400441807460744,0.02704484724053334,0.09858087471229185,0.0871934449305892,0.09534073317775008,0.03904600882666034,0.07792444258848026,0.04258033801805152,0.04756804015022908,0.010277114209732176,0.050866869987769195,0.06700115446780294,0.05580587540331687
task_te000346,0.018262192320216523,0.07054581174251455,0.01784663647961049,0.05816409510514552,0.055402853672106255,0.015207338759640155,0.04527670264895914,0.05385302976801857,0.045899778396282204,0.08192460909432654,0.08628426870860884,0.01230434380720125,0.0736314457450565,0.06327323968853753,0.013371265762933992,0.07029233843395566,0.06382288492769819,0.0628445763740721,0.044759114570762384,0.0470334739943536
task_te000347,0.12715202781824547,0.051475655877126804,0.14614540113673086,0.008751321660155572,0.03136685211827573,0.23753278760226543,0.008274232680296992,0.012750272142721085,0.013891745657262667,0.012514207403627702,0.021015895938530274,0.015583816649900575,0.009584161584522724,0.011244797411859304,0.10467619764716382,0.07848296055779014,0.023531399562387225,0.025482215181107017,0.04534392515353412,0.015200126216496397
task_te000348,0.03787635444051911,0.05468944911841235,0.060495393551216824,0.05590557606632937,0.04491205642519742,0.027858459654188383,0.03584112974822833,0.027919801089976753,0.06060331943298977,0.11152904332898919,0.03260353553446572,0.013419827893160954,0.11748449929002718,0.010749705179213946,0.030721556673797355,0.055191321233996886,0.04079952264287702,0.08507326109555997,0.05139651775742913,0.04492966984342425
task_te000349,0.07720924144550495,0.06257367510115275,0.05293877098730153,0.12542729956989426,0.0042737505987758976,0.00391667173583034,0.06231939968679074,0.0053740011044887195,0.10895051577245278,0.15141506959601458,0.002391388079843502,0.03226320881494606,0.14648101428149868,0.001275722950856176,0.0037795260289471178,0.005700413391692203,0.02787617077640893,0.011832618181428299,0.06747466918516436,0.04652687271100822
task_te000350,0.006195952188881981,0.0010350919804811758,0.010786021915229144,0.002485528999198068,0.12746904263129233,0.004047865337018989,0.0016446961319310947,0.004753452616748113,0.007311900259565121,0.00256133452194914,0.0008236778574956332,0.05990650653808739,0.014733546164770576,0.0005784749569521711,0.024354812289859855,0.0007929897837360659,0.7218356101019958,0.004501048436624753,0.001816943282437043,0.0023655040057454758
task_te000351,0.03264200235729821,0.0570688956987581,0.04166312038847215,0.04807709315867432,0.01042738124215114,0.018745468146207332,0.06529535237169376,0.05544632774039558,0.06721422309281681,0.06287717513926747,0.0485155097072113,0.027621505789290044,0.042000804931184334,0.03843960132913605,0.03194823727108203,0.03793773028588686,0.21161603700076811,0.037852491845113995,0.04797881586598495,0.016632226638607615
task_te000352,0.010345896009594761,0.0110415190461604,0.26190764955329754,0.03199292119954925,0.00919331566868361,0.17564673015581064,0.01820998923959454,0.006828800411206276,0.004382184122061741,0.003923120613225043,0.029626150181977545,0.011882589900528068,0.006964165164753327,0.005403596790478547,0.007866512136487373,0.2568980943021006,0.015045626093360593,0.0021272943085638924,0.026231401653982793,0.10448244344858361
task_te000353,0.18264976960015034,0.08081986683587837,0.022996617644636917,0.015630224828455604,0.04011457485003805,0.08238046702302064,0.03700984793431595,0.009421663913699894,0.08337727531211166,0.0833908518144266,0.06719870645984367,0.027206054133909842,0.06952397360500702,0.028140680616342544,0.015739485447525146,0.019150012185711395,0.03467695548781474,0.008436977492158302,0.021333778845330394,0.07080221596962287
task_te000354,0.010570503605873966,0.022989373676685358,0.07557429210426926,0.007482530447044029,0.24833687133353635,0.010161955040831717,0.11203185308475218,0.007785096248587411,0.009528998119439561,0.002218254172184854,0.01340136812119617,0.16677995030914852,0.05015102003641779,0.00802958637795697,0.014559234035680274,0.026684381128884726,0.10050022661431918,0.025038235332925127,0.04507259121135481,0.04310367899891179
task_te000355,0.03652994453814228,0.068468719037481,0.03938192896401851,0.08524939147436594,0.06440751204459706,0.0376058109806779,0.06415453873922808,0.034631131230655546,0.07317088539597896,0.03471029528284017,0.03625376699163765,0.0789176875395859,0.05052372620906765,0.04153876360539629,0.03842604746792345,0.051050453297883505,0.039582731424690445,0.0334293841540791,0.042545702730256534,0.049421578891494046
task_te000356,0.039559666510986594,0.04836427277342458,0.021958107366840868,0.014170439868541104,0.027103316351784246,0.12333158064153295,0.06558953072771326,0.016026908852025793,0.06282540772802449,0.07791043207294061,0.027509892555224777,0.07029376472479405,0.05999080383926939,0.06619643906230668,0.03453043743085094,0.02747283798957237,0.055750743347992356,0.05468768991708206,0.06310379289313957,0.043623935345953484
task_te000357,0.02048732432552298,0.014307531338797629,0.016318945993931695,0.056612674009741626,0.09101491210724012,0.10358866810301427,0.03251849345872561,0.06325271515660716,0.044476911256184824,0.007959092059647493,0.06309505436734114,0.0794915258225441,0.04157760851854827,0.06559912161711072,0.04140628951884367,0.04618285661297959,0.06535326052844759,0.06256492526535311,0.06597476499738449,0.018217324942033968
task_te000358,0.01837796874012275,0.061649486157820996,0.04038202662408161,0.016806437406298967,0.0904303115847169,0.050160672637178376,0.06430284823235206,0.037367861233872014,0.06665216200474117,0.04212562778522292,0.09453566214840886,0.018250873525502885,0.05836106900845374,0.03144547035757618,0.07109125963293161,0.011199709300621108,0.0752975844735638,0.013141408915833049,0.06071641088696647,0.07770514934373463
task_te000359,0.1502192100722474,0.012077537858846328,0.03706027628503916,0.02205488155622476,0.010774139871186566,0.020711117022110728,0.04209958654785299,0.08902875590592929,0.08732716253762005,0.028224496444556647,0.012255186827349154,0.026677939868966626,0.029798072689123305,0.020955775336203523,0.003995517321543783,0.10164892612005995,0.030506034460986903,0.01324271534182516,0.014153675805444556,0.24718899212688317
task_te000360,0.011455055152089161,0.048299409006123985,0.025373046853435118,0.003735905046075622,0.01478870088303583,0.017815763806498068,0.01316812481137957,0.006411874358045231,0.0029984528622430165,0.001905083028945411,0.003930182910383467,0.00959095708416186,0.03146844992958218,0.7443191089806817,0.013781667183658947,0.001754916043073691,0.011198162797727205,0.0006442099809075976,0.0021893086843699674,0.035171620597582436
task_te000361,0.07602707087092869,0.09414998323530743,0.04924437226613551,0.061318520874634054,0.03528047482292899,0.05431057866926831,0.05549979321682616,0.0300553331512172,0.06538572927510278,0.009313405719285496,0.051136603858886395,0.04796275054143184,0.034877880113902936,0.05131946402450237,0.04223902344334405,0.0410239802162845,0.07751741867980201,0.03157533485474099,0.0417155889458035,0.050046693219666705
task_te000362,0.03776516682505976,0.045728423620474655,0.07178761108553049,0.08705492810342468,0.04723927477355146,0.03247612040701253,0.0418182754121152,0.051462173924226313,0.054847558667592354,0.04715854670446605,0.059450124310343404,0.04640324013956765,0.04752288745225913,0.03617806088510693,0.05869717069440175,0.04733094550601218,0.05079875532113932,0.04251289571527515,0.05055141449682317,0.04321642595561777
task_te000363,0.0034694678196223743,0.0029816259148990926,0.002562826918309691,0.006215708393837733,0.001583188350710694,0.08146484560764383,0.0027408567762123603,0.25827792374693964,0.003305979897590857,0.009204863678902163,0.006076489466788196,0.07363416437028826,0.12915346296777577,0.3635378865224708,0.02720157267686252,0.00432559113363818,0.003698834901555278,0.01759022300629468,0.0013088497278091762,0.0016656381218486008
task_te000364,0.1660652089238825,0.023366880519636975,0.0625204374312126,0.023536549948713147,0.0181085311563346,0.032612858579052065,0.03591831083955587,0.08201718517940275,0.04451578998411555,0.07950999437337397,0.0358212613840559,0.03083381871682339,0.10233771155673571,0.02469611556244291,0.044016813937780626,0.040771769706404344,0.020052583502510005,0.045232621200675616,0.054169983925131435,0.03389557357216011
task_te000365,0.08287942026429085,0.0025747592367987193,0.03978634670120597,0.0018472885575394349,0.0007804312707372556,0.002224475209975695,0.0003271835504399667,0.12094690335862049,0.06145042665903164,0.18105111989354156,0.07254662958519673,0.001199523716339619,0.41962062405031614,0.0021686407301253407,0.0006738317193136979,0.0014775938264162333,0.00035343991057154887,0.0018577585792612877,0.0021757914320933267,0.004057811748184325
task_te000366,0.06390131620177454,0.05841962659927308,0.05516745125346445,0.03577137824697455,0.028424139909582057,0.04629540189534786,0.038430989718004474,0.0532037869805705,0.06633264220276582,0.034190815241229404,0.028013696995596204,0.056361164450340076,0.0433050344971084,0.03917603603881151,0.08400294904603035,0.059933385370121744,0.06618911940629688,0.034415746127467395,0.06331846033224205,0.045146859486998536
task_te000367,0.010339143421036362,0.009829601890018568,0.03155680624273043,0.0075850716096985,0.010688548986673251,0.004156169355618517,0.005520004873911779,0.006531461055336594,0.044112422740216456,0.008035681895125461,0.0029199395314907944,0.012262117757253724,0.04649090814241943,0.005522097519043845,0.5922653426427941,0.07664989708623542,0.010422484166213029,0.06581135700786296,0.008553745396771005,0.04074719867954987
task_te000368,0.004492069466371974,0.09447209801374548,0.015218118086144681,0.055440505540420765,0.09243131640663033,0.2043155307011762,0.06309918092877743,0.1354009659249775,0.013153272739950915,0.007810657715010198,0.005492991962873387,0.043336492609487125,0.0030369856115346704,0.0062773064017968,0.004191936471110506,0.07854880288443851,0.09608222014384973,0.06667481117518656,0.007574384403569979,0.002950352812947211
task_te000369,0.19865937893763336,0.021030880474177643,0.015350477914605937,0.014441910148821444,0.036308321274897165,0.008772518479364404,0.029138387252847817,0.08116744761140533,0.013167304563669682,0.06521082006406634,0.025225755037252103,0.018644139699641942,0.024153355825924865,0.03405614644687895,0.06531573468004258,0.022543668194711975,0.22845049879727844,0.05323441318603758,0.01799224004081093,0.027136601369931422
task_te000370,0.043709375392246695,0.019787992121901535,0.033242171034452664,0.018848406046216654,0.23397893452998247,0.025921017229462395,0.029584290645973937,0.05786016402062857,0.04961138276119367,0.022887640374314958,0.026608394709941748,0.05057536191307729,0.04283805640513029,0.04091078599473017,0.034423149108067534,0.031076173184003356,0.04933693729632168,0.11799448976793377,0.02728725915596601,0.04351801830845452
task_te000371,0.01931370877953473,0.017372267012832215,0.018521681588264345,0.03236852831142892,0.012322689403916228,0.01164464405637963,0.03383976861017879,0.1973293964440795,0.0763147516527007,0.03509514917470995,0.01949025523586644,0.015525384404587254,0.010688200887045004,0.08052496943182144,0.029175623429777062,0.01971718759386419,0.011496325539117815,0.06367579723662256,0.2725817035468245,0.023001967660448718
task_te000372,0.034646425670754266,0.0313780042334571,0.03869223258846895,0.013188357722342557,0.08117839521078143,0.024112875264469022,0.05661796995834565,0.030990424604265765,0.06391269355637103,0.02405767031994464,0.05834501206170732,0.07245056067726455,0.022880184376224733,0.04743601784127519,0.03912237933514304,0.03772065917344064,0.03653168297697285,0.044963621829603555,0.09781360131110986,0.1439612312880579
task_te000373,0.25285244694155784,0.020391343512827745,0.042734225054492314,0.023090624413121805,0.13818692823587075,0.012330164338859851,0.00688852628432691,0.0497167864559698,0.09340863986528039,0.009888502124699317,0.015398613150053449,0.021516210957402016,0.017240521351076347,0.009819187113215326,0.042457692874733347,0.07422237575654207,0.012901607064766743,0.022886381182831636,0.024296478628601795,0.10977274469377069
task_te000374,0.06012554429390232,0.053419377235499985,0.05786314096824341,0.07034728042565717,0.05878829561050382,0.07373655053183058,0.010792445767533049,0.07339739366602697,0.03689894929205796,0.07169414599494989,0.031629925723820486,0.06031314682106952,0.09731169971435658,0.062153169989257205,0.011379089273251854,0.009745285162272048,0.005390020631062655,0.08645561773372684,0.006573268165695143,0.061985652999282645
task_te000375,0.02238667477620623,0.008787750392085215,0.03425647542341857,0.013123847485522927,0.028978340288429796,0.029523981813938643,0.0834574362368548,0.11629421393272817,0.021967856296459542,0.13624838012686755,0.08754931577320926,0.009231437448669636,0.06734969721831786,0.06831623322590112,0.027779534408353766,0.03319931365641617,0.03467682081951012,0.08494974273122942,0.0700545839073566,0.02186836403852451
task_te000376,0.02100957471504251,0.008715392499735852,0.12482905259342157,0.11719652073420962,0.025246757852921145,0.045075037309001566,0.057688701539183554,0.018041585681340958,0.03492596510471152,0.04872249713638062,0.07110118122531625,0.021171032095965575,0.06357518469205768,0.02570184817786627,0.0033103428213375335,0.0047376992007331885,0.020433060083403617,0.19081090301249012,0.09442438077636542,0.0032832827485153888
task_te000377,0.08171749654438906,0.03621922270031668,0.008179444062272676,0.07502523989288339,0.0315877683599952,0.07330086823844893,0.05061312780502262,0.0495528007466671,0.06461887885597815,0.05045213442789891,0.06383275104560285,0.04174021060874974,0.024172718668828093,0.02671498637256904,0.026239983896168995,0.07532941846545264,0.07131871888034044,0.05325843814386624,0.06826747390637965,0.027858318378169582
task_te000378,0.020547679565428745,0.03384347358941474,0.0354975349889899,0.0359107854482239,0.05525471223234274,0.023569036662321848,0.018145962744877512,0.03976133540088096,0.11844317610578424,0.032375917329043234,0.03913562544403288,0.027876240051383845,0.07364198865156808,0.05220143467529706,0.06395477730445061,0.090289228561393,0.056643906321227504,0.03279004712670348,0.03841585031285776,0.11170128748377792
task_te000379,0.004094276590471554,0.00809995753170752,0.007313306432427787,0.005485056082989856,0.037614380041010115,0.06570799534954438,0.11285163121552644,0.044646431096361745,0.01934777388755204,0.03541794438251434,0.07197907277493103,0.13077715231175882,0.02345802375332362,0.01452230123912682,0.048134246037436976,0.020975409800082768,0.12937556148731957,0.0063312701882692664,0.1415179785793704,0.07235023121827484
task_te000380,0.006790294792435659,0.021247772256377362,0.0060969710749430505,0.00557619086762504,0.008913230502094173,0.040777684465049334,0.14679436899385354,0.014084459115678016,0.012294233417705849,0.05485718030632334,0.01646290061687903,0.026530128420920777,0.011713167525207048,0.38900601718374783,0.014831614498518934,0.09515132113959815,0.013531132255631254,0.024096352285051,0.007845843012313532,0.08339913727004715
task_te000381,0.04564425482035686,0.047721815797071604,0.047726510138951225,0.02814945712906744,0.07370771506934685,0.034916130166713334,0.03260773101586934,0.06048363304249526,0.05477084119826002,0.02429151669144439,0.051036338533675556,0.038837747137990895,0.04788413353770168,0.04533991578239814,0.0597302194138805,0.04671335786268592,0.075091167612428,0.06386565266237783,0.04259756041209881,0.0788843019751863
task_te000382,0.011017519798382398,0.005255583383725917,0.051174875932843075,0.0260018277145811,0.10306482487268193,0.009468265901432715,0.0038574142379479343,0.005172925878251723,0.15109501003537454,0.008655056554857753,0.039965825586696736,0.0049471986519555354,0.04961524850852694,0.15210887283624877,0.09591869934932022,0.005713959996346393,0.010771629759939439,0.10534584773076948,0.11144600018451042,0.04940341308560701
task_te000383,0.04213168478701512,0.07319033501784232,0.032938678359441885,0.02711129940181899,0.03479610703717582,0.015350996005583963,0.08284540290360613,0.04840927105247273,0.08635422844008983,0.025761342905014188,0.04560540361415201,0.03426286953730083,0.06604091842314355,0.031496467841844074,0.0494598274610101,0.06754461129586557,0.016594391725142734,0.1061052750753333,0.055936055851960285,0.05806483326418646
task_te000384,0.017659138531046073,0.0402037934326477,0.09670650719537148,0.061526952724289055,0.04167631932691625,0.09089198485097696,0.05621938804187135,0.05816665033580544,0.010546440479686918,0.07047225105009425,0.06831176152333243,0.0219990479919437,0.017808113140560522,0.06906056205231278,0.014560649013784484,0.020665768454138263,0.05684527810980374,0.054937077969312784,0.04983473095225769,0.08190758482384823
task_te000385,0.2684306953552155,0.14703472128127004,0.04021536726946721,0.003942495373889141,0.006158579626951572,0.007452284921592666,0.030343159490771116,0.000635489457221038,0.03726750210080514,0.0224766114238185,0.005317877762637095,0.043675573647685394,0.003280972038162248,0.03761405916698807,0.018957106730022485,0.2612377623984891,0.010441571589254258,0.002703994525277197,0.0060835682877209635,0.04673060755276131
task_te000386,0.0051405822233773196,0.00391088660182491,0.08912765769513879,0.012067047016695103,0.09288488628511847,0.007809347739726845,0.0204226718964443,0.0024846851277444005,0.11492800747829052,0.0182361356904987,0.03263594989048909,0.028872715597131025,0.011822569252205314,0.06305220534182093,0.03616014904544176,0.00965435571116629,0.057303226124728296,0.0030844036027021394,0.38424119073093044,0.0061613269485253745
task_te000387,0.012637598817269934,0.007902644915725293,0.014413584265060345,0.006660895838420232,0.007422004259531225,0.0012806229074909467,0.1850271752106299,0.002215842959853466,0.02799422655965024,0.025655914703747854,0.012032096376379524,0.005829022831576718,0.00589789628614544,0.004889252627440214,0.007842042335948074,0.004108141363258097,0.012949585878337116,0.008639786498345509,0.6364598370494763,0.010141828315713532
task_te000388,0.04420933497391698,0.03319188556630337,0.12579123117246638,0.014367339708192803,0.02152967122643852,0.13743111586946274,0.04940987807688938,0.02497805269252522,0.025007784767989812,0.08173558638016361,0.018141400566757917,0.06408035181841776,0.02324929195506922,0.08694287375511912,0.021946684659675968,0.04246608025247867,0.04369787765803934,0.047413919074226235,0.04881348281456784,0.04559615701129921
task_te000389,0.035781107865861,0.0721596020175689,0.07162849880804849,0.01630960095537266,0.016773850896858934,0.06577775431704364,0.09487903096003293,0.02036588964156388,0.042455861982970154,0.013759224474339665,0.06686083653400625,0.0478951936613329,0.05366449159110225,0.042254976351523026,0.05769070333955128,0.023741024566736938,0.018087177647793513,0.03314216948042486,0.10520078592754281,0.10157221898032602
task_te000390,0.005066312373346051,0.23904452282359964,0.05666608366512563,0.09745348954635959,0.02983668803610364,0.12460647679264437,0.003148813496820846,0.0017574716996735511,0.0595233398713905,0.005490722216558595,0.00671036281592483,0.0014906561817351054,0.0031185927959869104,0.13306901406377192,0.08255920831358789,0.07001593408271037,0.005792227846053101,0.0031504323187449977,0.0056565130675984765,0.06584313799226404
task_te000391,0.0209807796771134,0.16773185185234923,0.00236425299775284,0.007570694786791907,0.008805544005459494,0.0010069899128824645,0.009902388487624222,0.009450584996217962,0.18277832206636851,0.010552008516669983,0.004181799801438494,0.008613808410531906,0.23116167143194546,0.2043606823393653,0.002549640548139827,0.015619169519593634,0.005143072310998269,0.044454968772223824,0.012587276417342558,0.050184493149190545
task_te000392,0.01787091915071623,0.0431051895950867,0.028209038851076264,0.03912792441906393,0.03491491036577217,0.010379014435902369,0.011324495776328521,0.003934645333908135,0.12831946361492577,0.16211054239242198,0.019669324264999972,0.042544426112531904,0.11966791467867342,0.046957370135252696,0.13655087144792896,0.044048648695339504,0.02051022674762934,0.017237587188942024,0.01629491648780848,0.05722257030569183
task_te000393,0.15990846129970138,0.027945886917141016,0.04554412532262722,0.07322200459306787,0.021281599934015835,0.016441600978889585,0.0726427376638106,0.06354046240832201,0.026470873035866517,0.05389868373101485,0.06371106960359277,0.014466407961800933,0.053047324014740715,0.08241469048876474,0.014266350274769532,0.037086718137432154,0.055449277389472286,0.054576505368800834,0.04103460746013455,0.023050613416034687
task_te000394,0.019723538745090106,0.0024490633953272237,0.03414063801894611,0.06972873231314057,0.11989805647065994,0.13953680959919554,0.03380713464958546,0.0036353958255889362,0.0061375238218662,0.06047014087896114,0.009378882749091289,0.012233320430129124,0.009357227230852092,0.013905956302743293,0.10631241549257446,0.12103637501595763,0.012436082405524868,0.08788858310676588,0.017486226061420234,0.12043789748657989
task_te000395,0.010526182791204838,0.08468174449230645,0.004196395270794106,0.015747092360927046,0.03183910376870736,0.15478279123792657,0.02037690667403683,0.014543617240896489,0.02507305786594466,0.3931574923404116,0.013265176519310926,0.03975614589148579,0.004309227958067395,0.01132206881347345,0.025317314065533628,0.013395522875879112,0.01870510154467628,0.03270430692528496,0.08481609588489171,0.0014846554782409088
task_te000396,0.011025256145241856,0.04353311066610028,0.012667242333991068,0.011850811883572513,0.055765323745793995,0.08386909023569789,0.00916370734571868,0.06694562322646196,0.007076367013458977,0.004220527774947811,0.0063886940128644095,0.10365558217805229,0.06700578609925503,0.08870689087255372,0.009477353942716074,0.017246590270647774,0.11962741400374756,0.10618482144964145,0.10160465187281659,0.0739851549267201
task_te000397,0.07385159954189319,0.008531345268034058,0.05846879303544127,0.09045931774905006,0.007780960528414417,0.09662454799042629,0.031257969197613526,0.08186058922157244,0.08607990851808722,0.00795504377526834,0.059690753722098276,0.02866214283452624,0.01665389114939647,0.006945521730534546,0.012427717036198611,0.002468649882099406,0.007443752980829043,0.14988345754230625,0.07919209394022346,0.09376194435598693
task_te000398,0.08040286550799405,0.05380398383689687,0.009815755128626346,0.0743455140847777,0.10716302442411273,0.06412749931040909,0.053616469317265374,0.10195755789862732,0.04486414809969512,0.01839589137370888,0.01948293257559922,0.009999723301792779,0.02471045399098599,0.040641447912311425,0.040386047660695465,0.037108810535109275,0.030686861988599854,0.06235730865363014,0.07072971759463653,0.055403986804526
task_te000399,0.06173027053663267,0.050058380944589434,0.04375635877487369,0.04991463905628677,0.10005536122157595,0.05625948891317504,0.035625729889170794,0.011123494477991266,0.05207382552280518,0.014436608407626087,0.014227717784342562,0.01829679004633393,0.07732268083053094,0.028220110682291875,0.13221068321116686,0.06972595409771833,0.042880958999308834,0.019695385356590343,0.08536651875967106,0.03701904248731847
task_te000400,0.10223313250318378,0.10283245165011097,0.11816038066571238,0.061832924619260175,0.06985876886110504,0.0020183582752568434,0.0027863692268165056,0.09316368927670958,0.11647962065292648,0.03431251355291173,0.013555076569509814,0.09181247101665184,0.0031386652278276696,0.011618463091926679,0.021317917009304885,0.0038028052863258383,0.029525317968298832,0.058903955892729516,0.05763631044526247,0.005010808208169146
task_te000401,0.08062910936985555,0.01685523987021784,0.020708240878026512,0.010980345559797756,0.03200323722653718,0.12356262567131084,0.020503053864528237,0.10872550935920451,0.024029472039598723,0.03651529524020335,0.027899206241010704,0.02682780371332869,0.018155566588008182,0.06982683661935168,0.023446938199065244,0.10787779934664676,0.03207145128764931,0.10077625228593083,0.049374648469702936,0.06923136817002519
task_te000402,0.05945886885980932,0.044034726266163456,0.05297333781100759,0.046753449745549736,0.04297543379148093,0.039112849833122916,0.06025701039434084,0.05015268742214409,0.04654758891688544,0.07393313296736827,0.059361554059661266,0.04451817992461927,0.058555765356335096,0.03887516001190914,0.04368837179137658,0.03742629401228507,0.05748347694524572,0.04986379321437838,0.06165907604846512,0.032369242627851805
task_te000403,0.055291377108869416,0.02489292040261401,0.08865464535598215,0.03802540358522572,0.03431008318954067,0.05000186115788197,0.03178128016152767,0.03384693723849538,0.019156747369713886,0.08982810784176745,0.07720752899680279,0.04047891991963007,0.12361797410108184,0.04959772678315077,0.0419334742401546,0.020053796496415584,0.05051570436862948,0.012855861377514825,0.07214641776651162,0.04580323253848995
task_te000404,0.019897183491894555,0.12602946062936504,0.15580959798089056,0.08703452862411318,0.013958216156632543,0.04448061247128696,0.04028800467566631,0.013850727687850718,0.07330965023968125,0.025285944206430776,0.013190505039946234,0.01223577955738932,0.0778090493755253,0.0475679244498849,0.06867159600697559,0.09718737821717452,0.0021592458648745216,0.006902602754903644,0.04229756188291915,0.032034430686595096
task_te000405,0.01478405179143722,0.08034941525086181,0.4773950021677721,0.0038398463013384274,0.0023762050328354862,0.006192122802774173,0.0062959239502293225,0.00776336980052653,0.0031851137429500325,0.27020641187444805,0.006873182413536719,0.01358486098193217,0.016200877206846084,0.0402650458874339,0.007441045759043296,0.00255992571884559,0.01809603474620147,0.009754957310436735,0.011292663209086813,0.0015439440514640381
task_te000406,0.018527839902708725,0.03478001706254,0.003838748192696965,0.006178768185322095,0.01676284375108062,0.003983816310974581,0.001624749900012437,0.020461889953598253,0.0032596474125672374,0.005316493907638992,0.12511970856074733,0.7004637746540011,0.003369458250017771,0.0031430782950673144,0.010585848963193404,0.012206717037876931,0.0022216004995588017,0.0032884304858404123,0.0009849697320421244,0.02388159894251508
task_te000407,0.059057834093941865,0.07410990677383222,0.04011551912387224,0.014425048249976468,0.07252484941208469,0.022407158749440364,0.022712774636647698,0.016598615360911433,0.06471384857952864,0.07555842563293906,0.018300704576022266,0.1167312376074989,0.065187955093295,0.0611911365523531,0.0391785731518442,0.01675353147667368,0.044823514377557334,0.07951099194546955,0.0728054563587306,0.023292918247380785
task_te000408,0.053778238497103184,0.08596607480034571,0.027279729908853897,0.04724174838301689,0.049695041191829936,0.05193741948795186,0.04334075150205426,0.06414459101501903,0.04572229985723814,0.05028374452476609,0.04207107787814264,0.05109670511320438,0.04703157567379334,0.06758366672476628,0.048949979596826065,0.0290157129956558,0.05122070254092575,0.03944787037139769,0.02699350324444496,0.07719956669266423
task_te000409,0.044937910262116326,0.04444698406062392,0.03000328186968355,0.04993405651805389,0.05533957077371984,0.05620434564159747,0.04372565152447429,0.03967345030918385,0.05322517457319958,0.045606850327032586,0.08364306993970372,0.04179216316554743,0.07040974042173836,0.04527197199660159,0.032754282238903386,0.042646102192215894,0.041484981910162685,0.0929314242963512,0.04518509685816817,0.04078389112092228
task_te000410,0.07577926174284558,0.031633541458781986,0.013914666094952323,0.01207434367693178,0.04357396324394018,0.011263127986257882,0.062333552999532804,0.006995458167719294,0.009394486988766514,0.05645778286770727,0.03775830637632414,0.06549987630496516,0.047213651251569164,0.06153155991258538,0.08109262856037226,0.09243521516804877,0.08202515957634926,0.04307008941467273,0.07939628097591528,0.08655704723176215
task_te000411,0.04929140334947279,0.049818866757194956,0.05916418447821114,0.05119805725773558,0.04847666361060757,0.04924758780636414,0.047631697645653025,0.041879982706517146,0.045155580047506735,0.055957433804619344,0.04436486458872587,0.040864114416309195,0.06501286295385027,0.058906816158233975,0.047968343721080275,0.0522377831068983,0.04067105886017612,0.0609022576923279,0.04934321530067308,0.041907225737842474
task_te000412,0.012444468096999303,0.04623700443755992,0.12350828915769861,0.041464264068711856,0.04002122831408307,0.026365665919033606,0.11147055226334204,0.005444623357922281,0.00374008128180517,0.031049211003211584,0.08542327121415025,0.07528202665179494,0.10311777330055172,0.013988677100343608,0.022887340577251024,0.016511023673963128,0.027646306676668533,0.040479577240493905,0.15898594992584722,0.013932665738568245
task_te000413,0.009780716483915396,0.07373196457942391,0.030441819955769753,0.04305526085960697,0.029700456374117713,0.023392475006099738,0.0074061191806534775,0.10105095246105454,0.10543787625727237,0.04003590613451755,0.02966022412883503,0.03339794888161454,0.020181658472164195,0.007440232036807857,0.08939112357372557,0.07881812656543433,0.06484120822433725,0.03992071539100007,0.06702889915287889,0.10528631628077086
task_te000414,0.012034014089749712,0.11430087051518646,0.05405753038804494,0.10739773149859685,0.05568503245772793,0.03611763400260855,0.020380489871982228,0.01898391463799407,0.018542860895173784,0.030804539522276825,0.11581839010576155,0.01664002479214057,0.06064191476472769,0.0674637029570106,0.024498038292266086,0.02146293093965443,0.07984097273710217,0.05481354773588175,0.06513903451336121,0.025376825282752664
task_te000415,0.02582876954829755,0.060472705955113816,0.04965000257499787,0.03785690587730288,0.06334093076033039,0.05252954490141886,0.044075913794185295,0.044193025928306956,0.04385493849810314,0.04941949894531471,0.06110053313045312,0.05344860882479203,0.04658073763757396,0.07151404429768324,0.022506008118430915,0.04123722941447433,0.03724690912572454,0.07318434374948878,0.03834375816031794,0.08361559075768965
task_te000416,0.06262891964951443,0.06507786013655362,0.06063114547171685,0.0315071705759419,0.029824310499620334,0.06104822055048206,0.012810651964296454,0.014395690547667447,0.05358237971604295,0.027909658186553825,0.0478851804844534,0.06895018048208307,0.06626340146190046,0.0768717715169998,0.04269829042245201,0.03054752576419161,0.06469015838279674,0.03236752265122241,0.07335773172906873,0.07695222980644173
task_te000417,0.0268208556498567,0.05977330923595692,0.019117944032073942,0.02375708341976962,0.11833036514156153,0.010433838419158858,0.006174199525267205,0.013784083705581754,0.007761075452375375,0.052599883263007005,0.014773672788047804,0.03174026079641258,0.27114273440207864,0.007241190485901388,0.011519395126904182,0.05020301701341842,0.007675098322274893,0.1888870633866594,0.06886521138855295,0.009399718445140964
task_te000418,0.05961504040910314,0.13759863385448864,0.014854473404834924,0.0018502495596324213,0.002638116881842902,0.00033383529279587516,0.001738183346765843,0.030199883253476577,0.0015328102736931932,0.010456980520419417,0.013227802388053739,0.0015270370704290421,0.015662002581377916,0.0017883150136407276,0.016609771667346715,0.2848934859871628,0.18035098732178342,0.007965617777864068,0.11308753701724199,0.10406923637804663
task_te000419,0.0370396313688277,0.03863834276109226,0.04425683217427451,0.053551597220431284,0.04690835306189708,0.035318240711316944,0.04611527662143965,0.04913492975996012,0.06589284346174608,0.043085585153971984,0.07110615793537034,0.042836643444471245,0.05795745891445702,0.041582882558728336,0.05600624820663729,0.049518879422741365,0.070686670231169,0.04900133130491727,0.05205873335709482,0.04930336232945573
task_te000420,0.09182058524274742,0.06295608578931505,0.04315974085232964,0.026986245407078002,0.06557222188322923,0.129457731556247,0.0422872754923727,0.03611151708605644,0.08817913244169655,0.005011478319594482,0.09800286316418366,0.07507060764551869,0.004204500665710711,0.009878037939155718,0.004054828198550079,0.10557577831400741,0.009651379672942866,0.003887337744187924,0.07105520860202459,0.027077443983051765
task_te000421,0.01959380330201346,0.0033178530654925232,0.005889267352110096,0.0025031626788856154,0.02268382303591019,0.015021525339655463,0.004009663014837662,0.028869882014035717,0.006253557089479152,0.04919038835294051,0.06407768351769615,0.013011566045129597,0.003411192105318554,0.3368231294697011,0.043487994931177214,0.0017762764339511296,0.0038164217222892145,0.006090744121555197,0.3132992838311558,0.05687278257666559
task_te000422,0.025514240860396505,0.030139257925390326,0.0585897662255164,0.050918247996108806,0.041837400468546365,0.04843166072079437,0.040768785940579366,0.04223124411921032,0.05004747564160384,0.051805363058706894,0.06799243596663956,0.06889639634451579,0.1243742660332186,0.03670485667382705,0.03936190358721225,0.02812525531697165,0.02970498510631,0.06707658102635085,0.04254402329438536,0.05493585369371558
task_te000423,0.03833675476246601,0.04681950921786439,0.041277333710453994,0.06117264371166254,0.03315403411740929,0.04636086999994532,0.04370104013943353,0.043670512329366265,0.06146721753335959,0.06540881424510757,0.04262978515086111,0.02726157006246114,0.04636341332552025,0.034588519028851274,0.04267373680028709,0.04466989101812701,0.05680682607122182,0.055558589248381744,0.05133844864044059,0.11674049088677953
task_te000424,0.027172460183547426,0.02719073262954744,0.02450165661417964,0.04651643190314327,0.045608160921630635,0.044582472776354895,0.03706656241871437,0.04730946387598316,0.07893810504274001,0.07174864277072812,0.02507169158445809,0.10312555259841827,0.04647781045914682,0.026811141642643862,0.048975978066382556,0.041666011744311324,0.07981802686564082,0.04280417305243592,0.09332339355216264,0.041291531297830766
task_te000425,0.08460084843116981,0.0287183284000381,0.003754219480668785,0.014047710688982393,0.17572546407209969,0.0466315843673659,0.018057263710224692,0.004498985918178235,0.006690604775069913,0.04093211837292926,0.011130670344741694,0.009585155963536018,0.5022901736315165,0.0008759148977253632,0.0065862769555244515,0.001853529521609398,0.005955410329494616,0.01750571401392337,0.007120811832438997,0.013439214292762939
task_te000426,0.06029272685882506,0.025258548682294737,0.049518952937533244,0.039560374340185646,0.036568917289209406,0.03975367023656519,0.046535316001895095,0.048715676626257545,0.06083209454102851,0.056761504489423895,0.05388182075526975,0.064824999491497,0.06932403935677238,0.05270215601149734,0.0427061637407929,0.04803505888012063,0.057531564684059844,0.04143983680698918,0.050136670532090304,0.05561990773769244
task_te000427,0.03874800867215708,0.05176724486582496,0.028406347556510374,0.03823523582630679,0.051334953916091754,0.04809653735822536,0.04477551448149436,0.04809766975145491,0.04822126960914806,0.03768734750714781,0.11442061728022311,0.0677674233546133,0.061826843202213475,0.04852873917931042,0.04435709687715732,0.05146008331066898,0.03474367292868106,0.05262806420168604,0.02260105758563652,0.06629627253544824
task_te000428,0.0443893339167647,0.05328798925354619,0.02023103966674503,0.19124073758838886,0.028607122735810068,0.0018494142755193638,0.0010347683549306289,0.02347464030866159,0.07783106319889842,0.005896636835911107,0.0458597117753721,0.12300562456006363,0.00379526439189008,0.04447016708573396,0.00975411573867717,0.11581177135210914,0.093551280613211,0.04218041523541665,0.037178469761826,0.03655043335052428
task_te000429,0.011582624743891256,0.14492120634382805,0.012129755946087997,0.0076615571640320105,0.01849374845422041,0.31741197304575,0.012063858795363272,0.1726679469132897,0.0062898242383179846,0.01532142215847466,0.006968528021729043,0.17217595246229506,0.005631942055739007,0.004016947861266468,0.004092528021751479,0.0015345269269651238,0.039636682598751284,0.03341786819111473,0.003997281856692194,0.00998382420044025
task_te000430,0.05760539232325204,0.05470562512405435,0.02652174967314903,0.008833995479958202,0.07771208157569004,0.032398866727725954,0.05764440033380256,0.025948701445797487,0.1868165872822297,0.04258007526363284,0.04894523214326118,0.07379178431908937,0.043765413577598646,0.028750732243922914,0.047266846500722486,0.024212359636972932,0.014495564113948254,0.05759290629258682,0.06439908479481833,0.026012601147786755
task_te000431,0.04728347382703298,0.04859513627087959,0.037450005066591484,0.07158618761305031,0.038455437795964935,0.03851993434480153,0.09686156441956228,0.043054993689660655,0.05400733222797205,0.037188174948454764,0.03636482129443196,0.059801440932752366,0.050791429136427875,0.0460822537913839,0.04086219215742522,0.056995976901754286,0.05240124400273427,0.040147022152164265,0.03717986415640677,0.06637151527054863
task_te000432,0.055582342121448476,0.00740605929160168,0.041922697682115845,0.5089854091069976,0.01816355744211925,0.016668691190970246,0.011505292470623627,0.018474887933734384,0.015599951781553094,0.02722087461248361,0.010425267735339177,0.0076833303606116815,0.00738657649946818,0.01878475542322698,0.007880950573317778,0.0033523151059399506,0.0010232159170397194,0.011089913268525799,0.03160407024910583,0.17923984123377706
task_te000433,0.05725018774558613,0.04283039167927447,0.04830911349973753,0.0724220410558923,0.0346222905801654,0.04573543330011147,0.03957394716998679,0.05607095928776358,0.04742347868164733,0.05539583396057648,0.04002813637568713,0.04320262934664376,0.03979296030404272,0.044695459418462535,0.04839788616148737,0.04416806583778666,0.05446953105669033,0.05780339738671637,0.06273958377727769,0.06506867337446397
task_te000434,0.06048565834805178,0.0008166606833874348,0.0026392104888367865,0.004344352701131497,0.003849069443177405,0.11382086866339808,0.3378829494998298,0.012277625467481826,0.013790588153082328,0.0007101481250052356,0.00212072949329028,0.39405577269779374,0.008267686843553914,0.0024364672142908814,0.007337868297366332,0.0002211978180013444,0.0034928679221967475,0.03044582083226012,0.0008973529692546447,0.00010710433860996735
task_te000435,0.0848598229406873,0.01948209390813568,0.05413356411416619,0.04468306249550724,0.12809084509685717,0.08319857565160357,0.12229325509077035,0.05725875240081954,0.050355289629854305,0.01958522253856621,0.07558854357847344,0.061239602758481344,0.026883723342126655,0.023336854799121644,0.015493776612456614,0.012229723192089955,0.03910450857866588,0.036474147136007794,0.02896426096324197,0.016744375172366953
task_te000436,0.030721816473784958,0.0184490541019914,0.021529608576498646,0.007755838405925085,0.04372696250375076,0.004014173122077297,0.027492465070348318,0.011185999892457348,0.004767170714042031,0.6010975019962709,0.018378427385194036,0.027260707147195973,0.012299650550966554,0.008892020134534235,0.013160830121226836,0.04432964986040534,0.05019344104321618,0.0021041277884649113,0.028470321920540064,0.024170233191109065
task_te000437,0.005146157540257265,0.025057018585459084,0.03178499189849575,0.01987770356781247,0.20400832735621874,0.005647380119468822,0.020689567307891957,0.013067090204782326,0.075452904032834,0.03490681864277065,0.12203826236484905,0.10398507813547817,0.03023826617392786,0.020116637972908642,0.11856877940625096,0.009671909549153285,0.03923697729335966,0.054553014270600886,0.05178383450657912,0.014169281070901311
task_te000438,0.130953399491261,0.10727006193867576,0.009219939015724507,0.10210415165409259,0.012172490103846776,0.07503505846243205,0.0018687864134998848,0.017840721685814517,0.0017997038968418976,0.006192348256245515,0.01174791772116816,0.0043419945918800485,0.013712763316914798,0.030923690126718497,0.007924131505117388,0.013757548608717042,0.17355031878457988,0.06603001685786403,0.009536765553089438,0.20401819201551605
task_te000439,0.007443516772399051,0.01015619312212408,0.48385295247536597,0.004559836309918314,0.026868944119416933,0.009499715578075949,0.028978732081661737,0.026821589281682358,0.0112708400851645,0.034608084382226824,0.04909313903078107,0.12372188518051468,0.007578896138611402,0.006510435413684477,0.013309562802578242,0.011534742333887665,0.051633373590014686,0.0060891927831456345,0.02953372295386449,0.056934645564882
task_te000440,0.3609595580735752,0.031205886523357665,0.00047415692715656175,0.23661691504308927,0.023795562314240366,0.007209741914259686,0.00039150116604280585,0.0026890295300329133,0.0009266687559789855,0.0045104463238955115,0.01687206813495875,0.006000565364969065,0.003488508407247721,0.0010585004269323972,0.08003297450640716,0.0004503613427482173,0.00887945386928857,0.20966633322364328,0.0029373583337864813,0.0018344098183894755
task_te000441,0.017727389161836728,0.03101851695652965,0.059170693540361904,0.060521020480847044,0.08165013162074304,0.044470311817608875,0.08020026543017024,0.0549125655697743,0.0479572565855618,0.06151198016872401,0.04708124357178,0.07900882842179462,0.04449135579720103,0.015311275686005073,0.05290460903911301,0.024806303287908997,0.07161350567559113,0.03442526412479791,0.04145296399533685,0.04976451906831367
task_te000442,0.0070885734323267,0.02786204174119589,0.005736733189934615,0.005291140772593468,0.012183280535350524,0.06229217344834695,0.004365226359117444,0.08108241411980466,0.00577857641611655,0.0027470752723147396,0.7278877736160546,0.006668933449956913,0.012655341783873399,0.0027617724210369887,0.007127239020332292,0.006774033965784846,0.009015603485698494,0.003386080492274992,0.004176377444977726,0.0051196090329082835
task_te000443,0.011946137865660799,0.011481824271500293,0.1005481598089206,0.010622199223890889,0.06543262313728526,0.023563712541357813,0.005918148198466076,0.01208769390284764,0.13398763635591768,0.028887584501083762,0.053100365249505295,0.0047120900689596205,0.0056528050178730445,0.004762227778238414,0.0026316083168151524,0.007429950985628839,0.3111824126901562,0.19049628596772783,0.007517318368989731,0.00803921574917525
task_te000444,0.228492524081562,0.002080350992036868,0.1645686799732645,0.18984880746631155,0.02825918303007665,0.0014122645812314992,0.0010959649205785611,0.00040630206665706164,0.0028188045704315022,0.0099540198544919,0.0017300905908023169,0.16301791931055015,0.0017765182610602432,0.0004353514982170155,0.004664715771756603,0.003816621147623815,0.17499419216766576,0.015256162723089333,0.0032020814136956024,0.0021694455788969598
task_te000445,0.010585377688312166,0.0052630462608682866,0.0012435189637243107,0.0062465294024348335,0.0027058171427732287,0.0037780572530180857,0.018422095047310804,0.0009638424587442229,0.0066808727850810445,0.007375248053382959,0.0020847074050231954,0.004612478793226876,0.0018390421933226337,0.00048264575837362353,0.00814607798297666,0.0039609476079008705,0.20165264536850866,0.2623617182864745,0.14524508818799517,0.30635024336054784
task_te000446,0.04940544590550327,0.041739704217041596,0.04315913104795463,0.05387459475727295,0.06603418235272634,0.036601696371395424,0.05527001070054577,0.08321274428308228,0.019260536210516144,0.080250353245649,0.04046449732159738,0.04483321618554072,0.03372150475954014,0.0691928470270963,0.05136415582730122,0.016697771206713858,0.07500615199195651,0.04536775571786,0.05100699164644402,0.04353670922426248
task_te000447,0.04693128677269565,0.03920621721654204,0.0517695510746002,0.04039787127285341,0.029800120321460233,0.072536220760391,0.031803972626298325,0.05631649370691236,0.04606619719346783,0.0344194718599443,0.04943670377184443,0.03159387726452194,0.048493894803811104,0.11826397705131168,0.05122561586167904,0.024122503655662094,0.08958714851307703,0.05565789541658652,0.02130155564128188,0.061069425215058974
task_te000448,0.02524151585635296,0.027172002957013514,0.04839965495882739,0.05442735018149212,0.006327314387277044,0.07516311031762088,0.04480732176251075,0.10239447977533703,0.1697078480961238,0.0036260796148748493,0.03890126832816785,0.010810992713816187,0.043607221042359146,0.021478475309183388,0.02677467402279978,0.05003618218046804,0.017660077827176657,0.03751908499121583,0.09426705338688797,0.10167829229049495
task_te000449,0.04266300057508927,0.030295840292988426,0.04552241011238825,0.03394887589796403,0.04921917059223326,0.08886261935585395,0.058918769645832675,0.04896111004889741,0.05725957287475153,0.04130208882560818,0.051389272408880714,0.06442687586970434,0.04908330735889989,0.04592979087518939,0.04710015377320039,0.04484024857804608,0.0588585286285142,0.04854204245594184,0.04818435762740909,0.044691964202606974
task_te000450,0.1267251072547889,0.022734867349030952,0.2522012330438914,0.0037691863032214157,0.010629334910470262,0.010645099737772681,0.015143942563512409,0.00917855924849956,0.038042974209970916,0.011974272915368928,0.002383912539656806,0.023616484947478446,0.005326940268982923,0.19217009278213013,0.00677493263890719,0.017690786123909702,0.18661789047838126,0.023851642648426073,0.0019396645372973338,0.0385830754983027
task_te000451,0.010881462578699222,0.08524877859371252,0.06923937798195089,0.03841923058333666,0.03658744536500226,0.06062869735822514,0.01985674915637261,0.07033761817186597,0.04620246575594656,0.01848679545947135,0.0735244883398193,0.0350336521375689,0.06304726296558394,0.048447532422736056,0.07563086490625244,0.03366904439450732,0.09191724717657394,0.05304514497291563,0.05416656713157192,0.015629574547887517
task_te000452,0.010859345866063255,0.03747677799654098,0.04147883841085654,0.008739546634006378,0.012696960583726154,0.10097111571998292,0.02229606524381808,0.008666149519616972,0.17323033789967715,0.11758286019094022,0.017835358294642587,0.06352910636769443,0.008985922867445612,0.08846821573935879,0.008892352846111689,0.006843582587434922,0.01198231372291358,0.018394510930643662,0.02262835793307207,0.21844228064545407
task_te000453,0.08401041835403338,0.04118897883850775,0.041555901737124666,0.050696073020588324,0.08641832290645202,0.03984600795269626,0.07533833919598168,0.02593188872346663,0.024959803560872212,0.02626659593679966,0.030937471693441757,0.017452519889158014,0.06593325119460502,0.07859128769571903,0.046624159048264335,0.06597291241896985,0.059387291589737594,0.05273559593815417,0.033039592717058384,0.05311358758836934
task_te000454,0.04253878948221049,0.026136765534251212,0.03332541734646757,0.03134874885504901,0.031111230722577363,0.03671038797537868,0.37331219376308655,0.04534713330259299,0.027570726867330725,0.04398796988304648,0.026319946549013467,0.022988723338716033,0.029223624372395535,0.034439343071314826,0.02846023554154093,0.03232910583085627,0.04644903517437737,0.03159021013279443,0.021776739544793425,0.03503367271220656
task_te000455,0.01553730704556102,0.02666483481885537,0.0163479324524955,0.028178848829803312,0.007680323431063845,0.08137194534552816,0.2535810991284165,0.056965103332722554,0.030316387921484656,0.051619283935517964,0.03820388710054767,0.025574358326657866,0.01721619711388425,0.12200790191745105,0.09742696150923404,0.015306795714939548,0.05167553006625624,0.0322230951257037,0.021983793302139516,0.010118413581737378
task_te000456,0.005609284670879366,0.002488474068393561,0.005003824245584109,4.2564713874676495e-09,7.23717927739341e-09,6.079190814195975e-09,0.1772745054486651,3.789266606691668e-09,0.03201611936346271,3.803838674284788e-09,5.689585135457714e-09,5.220161122430652e-09,0.03063303404798411,3.4589801109937622e-09,5.407952840791822e-09,0.618263752697238,7.68831157477598e-09,0.12699429539847557,6.059254481977281e-09,0.001716651369125587
task_te000457,0.057186610027194974,0.02072721286391756,0.024388912788537734,0.025416226593287683,0.015599876053225306,0.007161304586716984,0.055897648417644594,0.02426902662748817,0.06250549035265072,0.06770397878118013,0.09504678002173361,0.05424805137148059,0.06609937602867419,0.02697734203798846,0.05700409161785161,0.052364624166693456,0.0968802598558859,0.08882712880057415,0.07346372351454035,0.02823233549273397
task_te000458,0.0407493759004511,0.029199274642979212,0.04460087838895569,0.11343975840373668,0.08567617966324731,0.030654166112485042,0.08475345954215487,0.04917883865944983,0.015615514296871786,0.09498580974408738,0.03825177425199024,0.041651451075132274,0.046973345543272635,0.01707287738073445,0.07136526383516993,0.0144883395458911,0.07272220883641954,0.044538798407843326,0.033145954388326807,0.030936731380800872
task_te000459,0.1322079218210481,0.022351260505015933,0.05661766969768203,0.02349982321538004,0.02866385854198132,0.1249640866502103,0.06225504514228273,0.04905756937853599,0.07536888343686385,0.05667601854237029,0.01939316719697955,0.008852746104763725,0.0735645841693029,0.019173277549288516,0.04208566116193838,0.007130793469856481,0.0800930823170043,0.040020533054912884,0.030718141592262462,0.04730587645232019
task_te000460,0.020640411273965372,0.07436002553439172,0.025779923391299333,0.020928007131851972,0.09228177827177925,0.04506861326065881,0.021040967523686258,0.10579904335724397,0.08337443415963418,0.08384313444368385,0.019452312454651753,0.014881966769045019,0.05614406548528744,0.039128172124065275,0.06549974482166979,0.025242428626313314,0.12395477629322607,0.014021277040400614,0.014971679209800061,0.05358723882734616
task_te000461,0.008498215733975672,0.011100849577058515,0.01197126661357047,0.06675975123802107,0.06979174729581104,0.017188141640047148,0.05244826767358202,0.09391792262065245,0.05929422652080664,0.029076308192810082,0.013317483386616664,0.09111436146365656,0.07009777234187366,0.05588291700783825,0.06798063638788325,0.048979186040935804,0.0684802229636951,0.02242110360491944,0.057691350762858806,0.08398826893338739
task_te000462,0.02812632633695416,0.015174095966419505,0.057584922068293014,0.254220974792141,0.011235759301983075,0.022385623493463253,0.01327881501349382,0.01695273179330659,0.017040348802819617,0.007831907040101768,0.03529694025617352,0.02678821024601686,0.09247927125710052,0.03186151070048509,0.023893107261949768,0.04736501762690206,0.010083910735401528,0.11460815429558645,0.15097704394721526,0.022815329064193212
task_te000463,0.037185611868915336,0.06215732737527691,0.029924755549941184,0.07004761472897301,0.05167120822833301,0.054506422259457524,0.06450875443654461,0.023098704450982794,0.01499027949762669,0.023022154070827684,0.05609210224125496,0.07322609876425278,0.05208255908451003,0.08666914415482316,0.030136046624153756,0.060212993690976754,0.05898863373187852,0.04861211414820492,0.08596519303656569,0.01690228205650057
task_te000464,0.009030451263888158,0.07492451169418808,0.014406755991903608,0.015036906475068175,0.012534612348349045,0.006969292257029284,0.014303621821868368,0.1523820183053366,0.010129130221135698,0.009137079807995191,0.029725919325406365,0.014307427846869888,0.012131590608361916,0.28698353196221377,0.09852770750884471,0.009869072888486098,0.01720675630793846,0.016618908371431724,0.01004671397250678,0.18572799102117807
task_te000465,0.03221792954776001,0.02900611702897949,0.039875671787059114,0.06317553591981048,0.040630130921580764,0.045706457104553164,0.042705834101209796,0.032912064626290406,0.22343165167750892,0.03209820277451494,0.06812157511649665,0.037558114210359816,0.061305590862892605,0.03779562690058957,0.022819427437726657,0.05116720317785553,0.03930339072817049,0.028898000558976487,0.032652157692388224,0.03861931782527701
task_te000466,0.0699518091737937,0.05801574486430196,0.054535294516869975,0.04798760314342707,0.06977839676513171,0.05703933739169506,0.04965796470324233,0.09287088876896908,0.04335644484784993,0.02143756200080488,0.04499915100931898,0.05963352557805151,0.054262351386717894,0.02978768448237668,0.01635011467366472,0.0489188777430193,0.06990724350704966,0.011513615462249093,0.0426170877416592,0.05737930223980743
task_te000467,0.044063400051500425,0.003273455102066891,0.018478450407533573,0.025042714588447493,0.0390069752922338,0.2923461921759033,0.0032032684023647765,0.01887744790852263,0.014288102423905857,0.02305627251792712,0.23858289918221587,0.021066003544023798,0.04060919062384014,0.011238961572721985,0.010433008572149367,0.019957363133503332,0.009436153316794352,0.09847429963778154,0.0061610770565735,0.062404764489990265
task_te000468,0.0522937758318544,0.030658089386264072,0.04783371942988373,0.07219832031251935,0.03927839739112296,0.03394184638343423,0.08292046125663154,0.08404200985275882,0.0676066045433615,0.04535701292389882,0.0526491163534835,0.037208385973273486,0.03541980080819588,0.04136694330451973,0.0479340501151982,0.03585863701096693,0.04422070089695151,0.05183790758506631,0.039433433397655995,0.05794078724295895
task_te000469,0.06874757695500162,0.01800515994869808,0.027218881481699594,0.05036892925656993,0.061723479719511025,0.017387812118619256,0.0698441568904848,0.1348453690568641,0.06411307680815505,0.016151076629969636,0.01861883367738061,0.06042127328297289,0.06985009907407626,0.06657775148528493,0.04066869783781831,0.04383097076049322,0.03643340870832262,0.039584975723072804,0.034996508048191155,0.06061196253681434
task_te000470,0.05534637720247927,0.04749862411734095,0.043855317848170754,0.04874539473160247,0.05666733017108102,0.06180551779164513,0.061218686983313765,0.05501940173681322,0.06661981357990701,0.039124151262252424,0.04251355639116477,0.05473296013791174,0.061168214448078025,0.04507796853097501,0.03667937112471628,0.05508894801628771,0.03977667175759037,0.043567000977266845,0.04361858660491151,0.041876106586491844
task_te000471,0.0481464849318116,0.01946694737475791,0.050189869136199876,0.03177770529240632,0.035800147116722254,0.03416223911282619,0.019649441187490038,0.0496509178415734,0.05133991178347927,0.032652241911025184,0.036072158859233615,0.02319397846335153,0.0291793283581527,0.2735461152315275,0.029978506788756992,0.03394850709976959,0.01641065251115983,0.08957109321625197,0.06037340518488362,0.034890348598620655
task_te000472,0.3829223317168277,0.019005151659849315,0.016722271320659905,0.0521891466289698,0.007296993801808047,0.02704619402430405,0.019449183923446748,0.007128261748843883,0.012457621595504226,0.0036646917541661144,0.008496205929310061,0.013085421879394073,0.01645359616017761,0.010425034278663741,0.09908482824713956,0.00723252155936032,0.02837788868762346,0.04056570508824947,0.2236072995049765,0.004789650490725188
task_te000473,0.09480402071237938,0.07584612402344956,0.07649595641748888,0.09721094609667638,0.09482730181075379,0.013587128189445154,0.060149371959878725,0.009512445795863966,0.013019938473865443,0.0722015220639379,0.013925210994028209,0.01334001438722082,0.04536369087766023,0.0018606511164568082,0.00943733465001825,0.0644584330271976,0.05040846650599273,0.05354554426952706,0.059557355488266905,0.08044854313989222
task_te000474,0.006165396186208496,0.12650727612932572,0.05637659697147189,0.07494187918045639,0.09835909246136408,0.045118490784864074,0.004403009079539545,0.007067460704455559,0.12415484462460916,0.18202225821989343,0.05113237763792447,0.005877834518826132,0.05235347123846351,0.008438978446819213,0.010212058914510717,0.1230557824393984,0.004700485760466476,0.004966018444513951,0.003764847946806253,0.010381840310082597
task_te000475,0.011466708137977816,0.016580896948878397,0.040242222474220685,0.013425061570248928,0.0204999697570622,0.06603713404312746,0.019312306733169745,0.1523930669890761,0.14693710982643826,0.045104736908540305,0.04021075682729408,0.02629835321604934,0.046119642015047306,0.1064595407935984,0.016211549689130036,0.09394304398319331,0.045296249845802966,0.06352956653996311,0.00924891029515074,0.020683173406031017
task_te000476,0.010411784012642542,0.024278873149107965,0.010267071550298703,0.07549050414254009,0.021825307841081006,0.1441251571439007,0.008416379286659798,0.054256157324819095,0.11498328219392599,0.11035987671102752,0.141362991264916,0.0728290743421902,0.013088035228508512,0.044274905367021326,0.03713874929839839,0.03066671967939335,0.008831824762648096,0.018516798854375353,0.026954845216859917,0.03192166262968559
task_te000477,0.05363872168672226,0.03161950788393422,0.04412586624216527,0.06385577958227022,0.04193932237772367,0.041326927334975526,0.042834358512149784,0.07458107483169193,0.048272936233617364,0.04377823118802435,0.06307781545383499,0.061345044326695075,0.039107453305117876,0.05088447521893183,0.04445471037211158,0.04925489834209347,0.0456743137422296,0.055813994929264525,0.044893591512982105,0.05952097692346423
task_te000478,0.08665487012787675,0.1074050525295212,0.14229423762356877,0.012564758311722478,0.005410283264373738,0.13261975781176616,0.004408725603937589,0.04661667361782431,0.04760634539847666,0.004216437709642409,0.08543281884914013,0.0060988652701970646,0.06993346365928195,0.009955202704108969,0.03964998741079823,0.014314702815805925,0.1125363086897623,0.03741121170839539,0.020895009460736164,0.013975287433063827
task_te000479,0.08661903249104005,0.045005355325374995,0.03060473426192763,0.08374592700339616,0.05613582505473666,0.03602801453721175,0.05078759634637791,0.05410323337747199,0.040790633118405334,0.03182687737665327,0.06552638203162632,0.02884472520047017,0.04032496145177382,0.06426156719345731,0.05519613142633462,0.019873915959146376,0.07621542019981004,0.050686630195502756,0.006162371559171901,0.07726066589011087
task_te000480,0.031172978311261396,0.07548707959455858,0.06465478415129516,0.006793701396251816,0.006510027667607366,0.1701728216816134,0.06751602383662957,0.017037413504505477,0.009789320398926313,0.04833057863249815,0.008561084808518292,0.01628917067377426,0.007654596231228014,0.10912489613005899,0.00700850302070428,0.18241568565644622,0.017089077476200747,0.11573443512424743,0.03125237863835476,0.007405443065319733
task_te000481,0.06546962859138702,0.047365152602974456,0.053597810753205126,0.04283439796129696,0.019169988804082598,0.05563417429661879,0.013733597822537157,0.016486817014178347,0.0928808288015876,0.040876949274142566,0.07430473034224447,0.05612489128682434,0.012256727239574383,0.06393911371409036,0.06144441795906333,0.051810907150349375,0.05095527628231473,0.009957932718071438,0.08449200366693524,0.08666465371852165
task_te000482,0.0421188564630874,0.024154480331856756,0.02300102621636688,0.07764263211952761,0.02809265271511717,0.02662299241477015,0.02160662967601082,0.015310983275014189,0.027304585502968822,0.13116069925690724,0.01579605442506611,0.030961947321093496,0.02506129222896939,0.02784838684274019,0.04489451300859885,0.01881594072888228,0.03138963032425806,0.2976193044736248,0.05401682504370566,0.03658056763143406
task_te000483,0.027401091160433034,0.02939757100986446,0.12541352307837209,0.028815560127913274,0.027119433769115527,0.040736504497711254,0.06325002920709386,0.023366263612298252,0.10333430396746715,0.05558887891901501,0.09199527114116082,0.06013762215084979,0.04397922138762726,0.041911353851766496,0.05081161990170127,0.04891120583656592,0.026793195833449652,0.021345744026515467,0.05106732722202363,0.03862427929905588
task_te000484,0.06891312712163473,0.058864901718050006,0.04374440966440522,0.06415637382505356,0.06581433319952386,0.05035495621047351,0.0415037529367847,0.04214726784513516,0.03525072690415983,0.03345684012160102,0.05729085416961527,0.04630621833995163,0.046635218569924385,0.04184624470385422,0.06985474113536284,0.0313144681577884,0.03671371779550599,0.06479674245561844,0.05575556972424496,0.04527953540131228
task_te000485,0.11085053624045539,0.06598085728587762,0.013765757793212166,0.01340010677116537,0.024978945660686865,0.034347083739153905,0.027083522894802124,0.043965556568863896,0.01293774548282946,0.05249150772323045,0.051677033138811,0.012366620767000432,0.07702446894230768,0.0937704559120085,0.04614749103073098,0.07059518159100568,0.1049094207237807,0.019309311710179404,0.059749451932501425,0.06464894409139696
task_te000486,0.012260839836489491,0.012456278499722128,0.011341333047263513,0.21034898811017005,0.08148105329951245,0.0048364294447813885,0.033269437996616615,0.026464756245209466,0.1392940958007163,0.09422113384811419,0.011253004263217549,0.022627583374283635,0.041186872846858937,0.007788289473495542,0.027760041491159494,0.0243789730785068,0.06916654968208406,0.017252263841421082,0.12293424717559459,0.029677828644782772
task_te000487,0.007986664318344796,0.10556344184578904,0.007166692274201648,0.01008011739984296,0.15018223501556424,0.01053800902912464,0.07245546562464636,0.16747087452589426,0.01237090492445866,0.0016232393194766592,0.011317114612160001,0.09962289326327034,0.08404990040410786,0.0020454334694695727,0.031826035322981026,0.0021939452867709153,0.12462714940878027,0.08916685858931032,0.004041709847370694,0.005671315518435661
task_te000488,0.019608288819168845,0.016570531766532323,0.012737664333197047,0.04941092407502754,0.00796863916914237,0.020456700877620308,0.017760604207262887,0.012539657517879702,0.007783517440279233,0.027917227874125778,0.014370650188609533,0.018160698545770772,0.09456613644578188,0.008227292400884809,0.019743046777326613,0.03579163809802742,0.02166464323948443,0.060086528343292055,0.5235043201658072,0.011131289714779394
task_te000489,0.08592231029006785,0.06748422012461014,0.03912530972141977,0.10734680713776419,0.024780147671315235,0.03245699039947496,0.06149420306745395,0.06654078088932654,0.03953538440064624,0.05637012315742612,0.03519943641911497,0.03463391820156705,0.03223938737843406,0.07115098885535348,0.07783760670459762,0.07312371400487602,0.027844272153105063,0.01869454792241692,0.020911905384641948,0.027307946116387993
task_te000490,0.00195481505945507,0.01238481669096499,0.0019897953239486023,0.009287071125709631,0.09611368981396429,0.016855847858471093,0.16697536554562434,0.006268676557142557,0.031205336261374422,0.00922798384821268,0.002375123952565906,0.0003150529953499913,0.00569755459298835,0.1321628345228932,0.29608987262969727,0.005902390233663147,0.005049490023775934,0.18626281707629663,0.00024208785838255467,0.013639378029519283
task_te000491,0.00977883705196898,0.0013496634443086065,0.024902617663014943,0.0061009449045567425,0.0009714816632839918,0.005767967733069477,0.00967097758614993,0.017194025789632892,0.39461826838330544,0.024405834796954087,0.03300046321904069,0.0011772388374859369,0.04901311337286495,0.003392935244864305,0.37565454332147163,0.0029218729255367126,0.0014489997996197986,0.01729797148438454,0.009375905631990523,0.011956337146495896
task_te000492,0.011236415322406487,0.08354786882559781,0.040114276962708445,0.057860717814352175,0.013521189592765083,0.027533482192940675,0.0470248230237452,0.026106717408325077,0.0691949405837311,0.06107421298557992,0.023024747783604686,0.06854945210150831,0.02392718762783438,0.03928913158205595,0.11182064296561778,0.03672843419809738,0.06209793560982137,0.017560740380521495,0.1607409890142772,0.019046094024509668
task_te000493,0.0249766729359774,0.059525736343158914,0.012648669556054487,0.01015461894855859,0.04335300477496885,0.08610362000441825,0.029179124460198293,0.05886514323501936,0.01447652159999498,0.0863498438333609,0.020248437002031727,0.0524126509819192,0.0823562231043941,0.08340136601943413,0.030195135157125835,0.08136760603283402,0.036462917967124815,0.11186738578614397,0.04760778185463755,0.028447540402644675
task_te000494,0.019320375897228313,0.060699328444894375,0.014158215826441925,0.0579832695752915,0.017353542522135827,0.016846205535944948,0.20221735310365005,0.1008073788194388,0.04435339032429944,0.0344156350372414,0.07850034332542943,0.06954534890046374,0.02381940016819112,0.019011632118604828,0.019767790266653484,0.0190199118390386,0.023511842597485712,0.11950316809707112,0.04019323502418286,0.01897263257631252
task_te000495,0.047732243062371074,0.050062646110366496,0.04006578823384073,0.05991747792510344,0.05107074891218992,0.03870436763308232,0.0512893683289426,0.09648160567542344,0.046981249046540385,0.03415534109075428,0.02922063738133416,0.04136240555645253,0.05217476978212798,0.046130302990223936,0.046132182237307154,0.022784250671300212,0.04264543688410438,0.05630176205618813,0.07058100732158236,0.07620640910076458
task_te000496,0.04930859079408121,0.14983726398879357,0.03893077787233989,0.0712365688742079,0.0342982776023179,0.06483559869522675,0.03798274436772157,0.0346800507142391,0.042074568267569834,0.050626460395764704,0.03281097621468237,0.04115667641176792,0.05093039808354282,0.050719264848785924,0.047918659963081096,0.04747818916046238,0.030873261002232172,0.03197632131981585,0.047369399785149986,0.04495595163821708
task_te000497,0.03376421174429359,0.1737011791097735,0.0037085620919223203,0.008919471449087304,0.028696643024359654,0.07186064212411232,0.08707840318314657,0.006909483039507406,0.029307561291771447,0.01729760873338751,0.0095517716482073,0.00439857455462287,0.06845485208341452,0.022815281223072467,0.008325814025790216,0.1548559315426065,0.23472658558803794,0.004861661877215359,0.0021067726348688995,0.028658989030802367
task_te000498,0.19616892548924764,0.011325589295234776,0.003597755121479386,0.15248668933133566,0.05040262087178745,0.010384528263486579,0.16097429837149796,0.01497398363448547,0.07626029830605192,0.009255807656120644,0.018654645442369427,0.013265561948607767,0.01798573992331241,0.06104937177161882,0.022088713148434455,0.06846693135462328,0.08640742507452323,0.011824445839154853,0.0028385870931497436,0.011588082063478607
task_te000499,0.001901174987479231,0.023019810591395472,0.25704977958113145,0.0840461853934188,0.22137303782922285,0.022552487459235274,0.012503306378793806,0.003341464484465512,0.004503407333095492,0.00813758053131251,0.00765752095918662,0.012522993096307937,0.002571248740837611,0.01521746945820625,0.26035779981086504,0.0008257557043945887,0.03738336774395968,0.010664452837809315,0.0035849003488376946,0.010786256730044904
task_te000500,0.010671077247435524,0.13019096136560476,0.020850934859018126,0.06256212319610993,0.04233657598349321,0.10173143756926163,0.03264813674417952,0.039543085910661115,0.0506247523827167,0.0342807270761915,0.11861174901809812,0.0399925229172692,0.023407337150641444,0.0736388461878346,0.025900621310435027,0.017142255232468,0.07207259042366174,0.025741585042346967,0.019423084100816047,0.05862959628175679
task_te000501,0.013957733766314555,0.1453226230456158,0.026876431162853202,0.12781752344623462,0.004405301322277474,0.12866566174711694,0.010278878079043837,0.016662267665537855,0.014461128496681835,0.012866021244203893,0.018435839623754995,0.03115093777029136,0.01274617901000804,0.03576807714096021,0.04437186988661434,0.016728791795880715,0.017411502817044764,0.017397473471356832,0.008988707181069906,0.2956870513271389
task_te000502,0.00816017976469788,0.016688474821498857,0.008982631473719764,0.009116236222254784,0.034148266380448426,0.013941363084717717,0.011495231328738803,0.12116078480339072,0.0032274537633218635,0.009434361589313304,0.015203101629589572,0.12783265502829888,0.007212436098541953,0.01587316587158674,0.023679979062349494,0.3409448007549042,0.1795918614587392,0.02077045344266381,0.028327377960316227,0.004209185460907692
task_te000503,0.06540034357755643,0.04699993773454034,0.05969774814095094,0.16989673451132178,0.04580461682543521,0.03607957139339619,0.0461048278517567,0.05580011125109447,0.031651339454999955,0.038869164747874975,0.03327456332814286,0.058980823490901495,0.017275391701001588,0.06882928853639794,0.022687927905560977,0.048207177009579716,0.043226298550464316,0.03973083933706541,0.0518693654376338,0.01961392921432479
task_te000504,0.059641222423457194,0.17152054697518526,0.05347998589367127,0.02458946038427233,0.027313688410088025,0.05513390212036784,0.02072543628564477,0.061769793650204484,0.02746880372639242,0.021375494028007733,0.05040191546957457,0.025659196879076345,0.06989227145504932,0.027494235721403207,0.10235124715566105,0.013035796394288576,0.11263273923174037,0.01589101675852811,0.01952151297118944,0.04010173406619776
task_te000505,0.03596410552102301,0.3326871606055813,0.03323487776619373,0.035734426957536404,0.039880432809851145,0.039575111570382356,0.03568131297796272,0.023570014754003735,0.023283303990415782,0.008416602034505782,0.14764231294459307,0.03919226995225406,0.012760474851729363,0.02244375464405558,0.03568630224445902,0.02057365568615491,0.01780643435108495,0.03978439139445017,0.03511661220084338,0.020966442742919592
task_te000506,0.00882962365922008,0.05941296056972331,0.15517912230093917,0.0691563409125893,0.11408517249936315,0.1833724036403709,0.009328831373885226,0.0036084666644559567,0.0031411037350703597,0.037428883460906094,0.03713868400140212,0.015043137365648723,0.012805868296053307,0.1998356474691625,0.005617080904197421,0.008237471089607476,0.0158282470295586,0.015579321348465344,0.03940169355895146,0.0069699401204292135
task_te000507,0.01164280633624497,0.020497566453414065,0.07628767374270068,0.023998669853509114,0.056759879486689126,0.0661941486405271,0.04590365691913196,0.040149544976605535,0.05308022276187143,0.0488195971988213,0.06876751082662187,0.06795756590971072,0.01080294770876991,0.03495507999925452,0.0722767293133251,0.05376108241469893,0.07726148528475524,0.018517559358044552,0.09237627370056951,0.05998999911473427
task_te000508,0.02293440172523912,0.03519069456443864,0.0908305350139162,0.02417811203508185,0.13181610460956936,0.02169847487677574,0.02568576470861769,0.0793026584284714,0.027365453638840912,0.02138241076221029,0.04325911494612214,0.06774758048974297,0.025203299836668268,0.07145360347841805,0.048146043892859085,0.07450737438956735,0.01911755217462026,0.050620514178512516,0.05604213611072214,0.06351817013960608
task_te000509,0.02693082878584126,0.03247863250971077,0.04260466940159716,0.07129644672637922,0.0946581765951451,0.06426108685798163,0.05910437314005079,0.02095419943029975,0.047904976537737905,0.06179305770193605,0.06462328072727695,0.04736340269531265,0.02565410004879757,0.11102920579136379,0.05293682604743487,0.03159940395289861,0.06897854838909209,0.021143564456337974,0.03961131530401841,0.015073904900787439
task_te000510,0.004867150973612878,0.016261172644355597,0.07393643241181563,0.04189840623849348,0.03283958398747407,0.009981455148366729,0.06708795108107159,0.058325060347983695,0.004955740209928664,0.05916115267391282,0.008277729510608574,0.10170576165122104,0.005075778902309207,0.0055843193519817085,0.007079238410165265,0.09661854409840842,0.1886993989069276,0.07696272102110283,0.12885521850792295,0.011827183922337248
task_te000511,0.0038290190848322735,0.011007299382135655,0.00992333537401545,0.06222969312577937,0.031812899351136674,0.18429935291264174,0.012266376876625322,0.020798284776316726,0.008505592624016331,0.4952716976295041,0.015879636548691865,0.009343443508265667,0.004780650746453216,0.026446665089415008,0.007887795033143479,0.008021558019664383,0.027427816247502627,0.02578934733619008,0.023334373860261562,0.011145162473408245
task_te000512,0.06526404688732748,0.06852025998090958,0.043884722039048994,0.051037376661810754,0.052353956621772064,0.03329528083237247,0.14601964175769558,0.029236150924352076,0.046223913905449485,0.023852835253328722,0.03345340408966868,0.044574599840697664,0.03697295188633015,0.043732657543698636,0.04580287719194028,0.061231677637128425,0.0542197223966458,0.0410772346558035,0.03714558726957567,0.04210110262444396
task_te000513,0.03286687808508816,0.04617275157762956,0.04514302308915503,0.06264771929473478,0.06890701209876557,0.049994940165032906,0.031344694109337226,0.04001315871976634,0.056413458183376224,0.05363935038486129,0.05899596812095207,0.052390141860994686,0.08341775839022747,0.04664729363867537,0.03758425724388174,0.0412642270083977,0.07345834052316005,0.03025943382640868,0.050438983112763576,0.038400610566791574
task_te000514,0.025829755361370756,0.04090030676346091,0.024740348008885783,0.010402410386102574,0.10369904177507543,0.023101019172449312,0.039018864887916525,0.0684148017312388,0.11784369827275122,0.03901804088959653,0.011575157246832312,0.14959129443361843,0.046919499894868884,0.011842585423438131,0.010551389779790638,0.02581109705354921,0.04916423113560758,0.039337487455497915,0.026269096264361753,0.13596987406358724
task_te000515,0.03768764979374482,0.041858310741813703,0.061066390476726455,0.04377159275281896,0.04896389901113911,0.060925350194640356,0.04724753112739886,0.041938219843619215,0.07293949979210436,0.04476278519510091,0.04504762446824459,0.05118034140646851,0.06640706153665377,0.057755172388201825,0.05569690034075588,0.05581812815163857,0.028151512571397058,0.05304546898396327,0.0408412870679644,0.044895274155605486
task_te000516,0.008664292542592282,0.00023373248732322954,0.4337400087046166,0.013560764574973929,0.006882501644098704,0.0017028129525943213,0.07032203935855427,0.22332311452952358,0.02292750451038244,0.0037326914506975186,0.007063823564139102,0.0061485078635169655,0.01638282201832709,0.07402862940528081,0.005341164255634677,0.006369278115315929,0.029547329260573116,0.033492270212693714,0.003938469715374222,0.032598242833787365
task_te000517,0.05150692844303151,0.04526719925158037,0.054674254781810754,0.03489339415460674,0.04693484964893058,0.054858557878209965,0.03923405904039816,0.05235318806086953,0.06091641226196054,0.0518491888447699,0.06354818211029256,0.045034265676093456,0.05417162627955066,0.07766841670459015,0.0329784145685019,0.051449086014862935,0.05239678241754405,0.04212621996497996,0.041855214766980134,0.046283759130436045
task_te000518,0.026450719240800842,0.08503015817599062,0.05232476366646032,0.04047672309640256,0.010508989927376701,0.128899084041284,0.09741003434822992,0.07321584420486614,0.11944439840349991,0.012340734107798493,0.02459052504990315,0.01302486621493447,0.0037489599376826035,0.12167156301395127,0.0987253126543101,0.013434822760383368,0.026892546793155107,0.023246878018084043,0.013999420071648937,0.014563656273237574
task_te000519,0.010731989497302339,0.0025054701485195336,0.10791751290234348,0.0031784327734036433,0.03327415990825904,0.0113816532066962,0.017300400707639264,0.06725137685857101,0.08667700216056212,0.10467099498910906,0.10972816825218132,0.06518032983287277,0.1640027140025263,0.003223853476535147,0.00493227221965368,0.10463801036417604,0.008431873186986447,0.07986097372496018,0.01196205834060321,0.003150753447099112
task_te000520,0.3735561761516474,0.00961289021449071,0.0004893519239026378,0.0018034604805981663,0.00040926034075652304,0.006335972579716927,0.001735259835620545,0.0017223554835575263,0.11799730785718975,0.0051718485224405645,0.3107794212128671,0.00200277921117254,0.0034898382643295802,0.0066109546315655,0.0035846034695980137,0.0005576886972292438,0.003515952159177816,0.04672729117089585,0.09697332429497257,0.006924263498271135
task_te000521,0.02909504178802421,0.0005229049663165937,0.012141510870165233,0.002667813943816495,0.011959930542824937,0.010779460296585951,0.02546246271859845,0.07479123558272203,0.004221405989103769,0.004897644467559987,0.13705178511848332,0.005029751798047623,0.009185163610012426,0.027858923417846147,0.016071395863483336,0.004661308006363979,0.0045054528894696655,0.008213770110815961,0.6063787441290618,0.004504293890698139
task_te000522,0.040203156822887394,0.059711570894674146,0.06153894498090497,0.020821851059309608,0.052855320768908066,0.04510777220951069,0.0427326274509361,0.06974402527163454,0.055901253065466325,0.052588101773748216,0.03516050853376872,0.04728223112738752,0.05463720129434021,0.059192328693993504,0.050596213337010185,0.06455916958075301,0.039936165231195635,0.05528272175936084,0.05098013488923439,0.041168701254975945
task_te000523,0.0041713933523192135,0.006642819811406318,0.06712743098923328,0.024237679894056202,0.013607298424414497,0.0012167260736968002,0.03462565911163423,0.007516042683102264,0.1271406638567589,0.0026006866276064777,0.004265893634787947,0.2781990401496551,0.013495298022237978,0.00446510071923287,0.0064045397676985825,0.011499796163352258,0.020569822547039793,0.005284448714157239,0.34271083519410456,0.024218824263505613
task_te000524,0.037611604531538174,0.04259446003355895,0.07426846223899587,0.04686811323538224,0.07756948161677096,0.03120704279369767,0.03715426153262044,0.06561593431860724,0.07945624927131524,0.05506200826563247,0.04858694864972958,0.03319425487591044,0.040658461223452576,0.027913640201051627,0.02772422580583177,0.05312450533328795,0.031136721225260254,0.0462511059317108,0.05978248805281463,0.08422003086283118
task_te000525,0.09080861734474961,0.030811956011857308,0.04639385867223542,0.038386475913005966,0.03547546735333534,0.06278237426656208,0.06078561496438661,0.042996087419631575,0.036283301653779555,0.034934877383402306,0.045272074557661586,0.050954844405953915,0.043893942147132076,0.041255986746792504,0.06170423530129667,0.04472765011564111,0.055871991483063925,0.05129297253419834,0.037233724596062605,0.08813394712925167
task_te000526,0.0780918108857527,0.12093256509720096,0.08311417354049891,0.014560333122219668,0.057564959432097614,0.15060592152216884,0.02116342332930363,0.022010954907679833,0.05901350300157557,0.008946058013664299,0.0165221833735143,0.025224918738857502,0.006925040410427753,0.017793287637551697,0.05890957329939697,0.008380014705499414,0.02102703510167753,0.12179769753593798,0.10007901285955229,0.007337533485422815
task_te000527,0.031460724260297425,0.03852529783978316,0.023928762973148894,0.06457369705671039,0.05678869769286289,0.019576909554910964,0.21170506470087339,0.028999985112773224,0.06798906315255636,0.03797082938994914,0.026093371830930915,0.01811758986359992,0.09698529603717039,0.034406250353662945,0.031758554728469945,0.029381484236078212,0.09313484087913541,0.036516520875307025,0.03267287320345731,0.019414186258321954
task_te000528,0.04900900479472075,0.044062076774348966,0.047665146757729364,0.03498013214043185,0.03463439532259762,0.06739239911034281,0.04872427883140599,0.052834514157379484,0.04255719084382874,0.04597902764125471,0.03957419589061202,0.05064171904104908,0.04688883447926072,0.03984196967799285,0.06290090900130232,0.0613145840158226,0.05579325473415579,0.0507074136552973,0.05653271752841881,0.06796623560204836
task_te000529,0.10731112861104385,0.001272525207307602,0.003939099531612163,0.001575390321948966,0.5344950430422981,0.010711044233709515,0.0011581692327924341,0.026903429257682878,0.008144781232871923,0.03315853748179488,0.026346377526321185,0.002651114470554616,0.07752165372472249,0.0021291008925541904,0.0054618544833792484,0.0023001776893631608,0.09961245663358528,0.0021426632915073685,0.04918208756730383,0.003983365567646383
task_te000530,0.033313168565335616,0.09394380429330383,0.024742736354173258,0.008833259846066267,0.3315320146537723,0.06100452800763121,0.014282821358249409,0.008643248062882724,0.048906745668335715,0.0032386535107924897,0.036779946853182865,0.027883705325666298,0.0259193490836825,0.023402140535075087,0.18379685338230312,0.004392975521645475,0.004717277061269504,0.014651106580573375,0.02890494087701466,0.02111072445904435
task_te000531,0.08181079612788009,0.012367516041032688,0.03628767280003394,0.05305150079381352,0.06735747549954385,0.01972777812789608,0.025325837710350258,0.0554490965815001,0.012558655620734344,0.017206268444543975,0.0822846334070671,0.03125738207977663,0.03622577450434833,0.09100407284915982,0.10593468922734475,0.10456874751115015,0.01878738188530027,0.03580297756874921,0.05515161761939481,0.057840125600380266
task_te000532,0.04899661584043247,0.04924632910732404,0.06101262221537173,0.04829960715315883,0.04007621597795791,0.05168440905717612,0.05183838925851502,0.05284253195131294,0.04307512949781473,0.0688365750719302,0.048816219330331964,0.03846666830280714,0.05149587275126656,0.04000745752465929,0.04601200714858468,0.04492372493156932,0.04137395642764173,0.0714215247575619,0.051772412426479446,0.04980173126810399
task_te000533,0.05217699132023047,0.053190859924508394,0.08959695273616404,0.0255337029633525,0.08844058862160166,0.010602893029955452,0.010767597987186527,0.030272698920062055,0.06219568065773838,0.06664129355155339,0.017882902448929282,0.039153943735190586,0.02533218240024125,0.011603914298653237,0.11446718125075804,0.10177347321029721,0.07198369163481107,0.025900889721765748,0.05130437763394717,0.05117818395305357
task_te000534,0.05659753494301442,0.030819885477325757,0.0673588497055435,0.04404968245429561,0.04215172991819372,0.03011704731393973,0.0476631930705877,0.030078750183319566,0.0455611755852501,0.054970494043010486,0.06727034341056347,0.05702881480234826,0.04391120218435511,0.0534439917500472,0.03546009245484411,0.05989708370301456,0.05802530950913271,0.062043424496859574,0.058829309787331564,0.05472208520702277
task_te000535,0.04608585364397023,0.04813818464718748,0.04652438679934022,0.04282721873303426,0.053611424136166035,0.058624065988178625,0.04863597795207621,0.04581202139369872,0.03908833516144719,0.04182387675732832,0.07651147324924307,0.046248646228482265,0.04533306578028534,0.043352596124736055,0.04762884217086053,0.05268577884006131,0.040619373148709066,0.06393147669345094,0.056523318329773,0.05599408422197124
task_te000536,0.473463323725321,0.0012117457099232016,0.0023202717340938027,0.004840429274663039,0.0010611841129884447,0.0014431164283563273,0.02246948694148294,0.015271738470085046,0.08110406407821687,0.004736581056259675,0.0026195430956330893,0.00459776042281184,0.010668669714235317,0.1797806450105268,0.0016143775850204836,0.0024537027739843504,0.009308501057205935,0.1729509609826467,0.006233758544850866,0.0018501392816942983
task_te000537,0.041239202245071396,0.0378453305366526,0.0386118319655024,0.046739660759954685,0.06937412957929702,0.0648891040193841,0.048395879470201845,0.03414415711677873,0.024465738349684425,0.01903092473051622,0.08336809449421712,0.057269586041809296,0.08296072490704941,0.03115148272947758,0.07892541965293218,0.04227707673297096,0.08408276062669141,0.05544244935925149,0.029141904764865462,0.03064454191769176
task_te000538,0.039800942048543106,0.09708005896763482,0.00563470387908575,0.02678673270059188,0.013317937420983928,0.030339011548685266,0.038905483116534315,0.00996197636039316,0.11321718020012728,0.0064488736707721,0.025152896404634497,0.05593451706489824,0.05884407541871221,0.04781612695142108,0.01975769086318753,0.02094999800790026,0.007061734874707023,0.20198242801893748,0.027181642774569265,0.1538259897076808
task_te000539,0.05810143842305592,0.02549240559829053,0.05659444926258294,0.05845532656736328,0.02308873830756546,0.029491542986759236,0.055976047208901876,0.0880091476278379,0.05239452943149404,0.0417741489303281,0.04111784986881124,0.048550866273884094,0.05201200171364476,0.10040292592226036,0.04440175063037853,0.044624435494166295,0.05237666244262479,0.03376437355833466,0.07742419816971495,0.015947161582001
task_te000540,0.040405936809572926,0.08216709401916342,0.08200028861736669,0.08516046081184922,0.009355290140645458,0.07439822652454127,0.03151693245766177,0.023814015426680334,0.03129237145285273,0.06345724482454848,0.050580323879339736,0.05544594692309016,0.027348441205994316,0.02244257963572297,0.028534876732142816,0.09364207621991169,0.06433514477588882,0.024865816487792996,0.007531890177811111,0.10170504287742317
task_te000541,0.005286490812688668,0.07507891878885627,0.014855795974494612,0.0035973211894233244,0.19580188179399483,0.004777642059879834,0.00650827675579774,0.0024557214816190594,0.11190679531616847,0.019093168558136035,0.005664579312891608,0.07813278089164843,0.11163418381127406,0.0032359261599095956,0.34221925099050304,0.005378911341684914,0.0009439435950369976,0.00704908787553936,0.002861245251943422,0.0035180780385097054
task_te000542,0.02333050545520929,0.0839094956305684,0.007999470404460286,0.0573322540672886,0.05159775532993579,0.05554202251167813,0.051400024806515746,0.050507133330295315,0.05119798465768087,0.09205355713574069,0.01583214494632716,0.0660634265501585,0.06359820271220033,0.06449022735618208,0.03577914955731575,0.02035899428693196,0.021994683228745336,0.06959122755807318,0.07060503168955762,0.046816708785134976
task_te000543,0.03248406193654827,0.03639164127088745,0.05523455778316455,0.062222087144530286,0.047229590359496726,0.048514619110669774,0.05687529091320636,0.03371661486597886,0.05653628904925825,0.0724909384051353,0.07500891101743055,0.042389828364304744,0.040995429066886996,0.05010984302202192,0.04745995939288546,0.062489263824496995,0.05495315079266058,0.03484466528256706,0.03866833595835532,0.0513849224395147
task_te000544,0.057150673881599626,0.034656105999675654,0.10839775154721214,0.04841400361250946,0.033709586418361616,0.032357339876654755,0.07915735211797086,0.03918548724958789,0.038726718167682854,0.03853703244327558,0.056576973982665195,0.03998794022223469,0.07067225995711987,0.04177489464376283,0.04921610110642206,0.04085198068234854,0.045625316850510717,0.028804655364980485,0.06194901285505448,0.054248813020370705
task_te000545,0.016014936733188927,0.03289635835755793,0.01396812992324595,0.021822432267999157,0.019914648731882097,0.10572505064250948,0.03415652361632555,0.04184143040943481,0.07894219441007824,0.017829821629041714,0.02170842859890641,0.09249985585830849,0.027741178117714423,0.011183841095610192,0.02827264409987659,0.25990672468944237,0.033652185966838076,0.09307833390118098,0.02014469120122932,0.02870058974962943
task_te000546,0.012294455962369456,0.0028005677117551387,0.008200996221003714,0.018074766959856433,0.22484373007973266,0.09157921949484857,0.002880689169291773,0.010016071231813067,0.01257470134654915,0.0043895013006084805,0.026553000707803778,0.08954442490137857,0.019407077953519307,0.010333936890667758,0.0014946597502027202,0.1955135284026471,0.01217196342603658,0.19075193742424013,0.053722530156009,0.012852240909666593
task_te000547,0.0392914232955762,0.04393775614302165,0.019983902824990313,0.05989389586136293,0.04706317788881694,0.05372172890006769,0.057648186017160874,0.05805881957800948,0.05827672463090586,0.0453855879808649,0.08779965213816086,0.0427854116422601,0.04284205712652408,0.03249832526902463,0.12396382230126732,0.057227175166050484,0.011262812870251191,0.034743897765529275,0.043632483933032526,0.03998315866712266
task_te000548,0.09637427137741258,0.04426320843328342,0.048512363499818544,0.026243968307662017,0.05318040126819793,0.04190263335146234,0.026688250611174615,0.042349925765982635,0.056090441023245154,0.06478227938210922,0.06483321157466497,0.011295257142168093,0.023949912675694685,0.037016394298018784,0.0573121234191838,0.05401803130141017,0.0643073308409473,0.04875888814059399,0.10171032295050099,0.03641078463646873
task_te000549,0.04665936703801481,0.03943119126738827,0.03139331867145103,0.05198699444496031,0.0567236464214178,0.04641581412918783,0.03450767708121128,0.04238919124475077,0.02632719541574205,0.04124188748148567,0.15643212130102965,0.03961364535841146,0.03061016745578496,0.029619046478460986,0.03712257151756474,0.04705703468209836,0.11176197742075222,0.041691668015950936,0.03951839704740198,0.049497087526934935
task_te000550,0.03952594569983562,0.05001141911098855,0.04988099581503636,0.04094714141112175,0.043147910550375694,0.03829995157977909,0.05834168291601675,0.033313485851612444,0.08228779694826542,0.07757028741813128,0.030480094820076638,0.060588017419084095,0.04019467333923378,0.04136879887713201,0.0509670541326558,0.03694885194493351,0.04776962347393395,0.03119042689219262,0.08952183812178845,0.05764400367780602
task_te000551,0.009094142906931616,0.016792475007727,0.046096809230215835,0.1676175960564923,0.008100459112701883,0.005929024647697084,0.006916603042705844,0.2518038236817161,0.004331420569092266,0.01072899487366777,0.012362907675845546,0.005774607867495483,0.04518418975892928,0.009311625896873213,0.01693487595626529,0.06420507483565037,0.028416422828074567,0.006012936908360003,0.00478853293064337,0.27959747621291503
task_te000552,0.009457044499940271,0.048482673428882406,0.04709591923274109,0.04969543076413685,0.04290252607271702,0.054696609387380156,0.03553900656950946,0.00866125622555488,0.041200833866771716,0.03312957409006066,0.13349091661625762,0.03592543344679421,0.02026419736786187,0.05915376626977416,0.04956510592157257,0.03840933582330469,0.06904612666853048,0.1517979880134475,0.04080829952855956,0.03067795620620282
task_te000553,0.04642722334886746,0.04650206784191233,0.048405805724108214,0.04437301789964829,0.02373860140768834,0.03549562338057345,0.050516291501650164,0.05820557038892683,0.05092421624637974,0.05452353740106633,0.07763033023873499,0.04371841727012917,0.03903190765174565,0.05457847484600842,0.03576429865887374,0.03594588110107541,0.10725616431144606,0.036452198540428,0.056467931118408705,0.05404244112232872
task_te000554,0.031148744338210178,0.028761774091607416,0.04424670017951597,0.0415231100668489,0.06446458674098321,0.06623085769778995,0.027774371341728,0.031138021722487533,0.0434015131097633,0.04548668221577866,0.029086671612122427,0.07340193871546313,0.05289473397403173,0.041399636865211004,0.037520586507649376,0.09825084439740366,0.049339181306302396,0.027041519760589466,0.04532661802299249,0.12156190733352115
task_te000555,0.008758940169355047,0.0153337314435107,0.022921608042406148,0.05161534356170597,0.16557111387514226,0.011252785257862392,0.06822924257952417,0.01129296050809185,0.0068689101975599005,0.02638531130328694,0.03133770250497167,0.029434393228204726,0.3822162519811639,0.012275445438917506,0.023927849878915813,0.010465667071805702,0.005392334822722503,0.05235005839165531,0.012316861867583432,0.0520534878756141
task_te000556,0.06852657813803613,0.03010051352109864,0.049518252084812114,0.04674866469237766,0.043836650902743676,0.06298317836100045,0.07210885074648427,0.05130351306286274,0.037107004111575706,0.039295991068438285,0.07248858502323968,0.050138896401882106,0.04168457794618421,0.05067998077592954,0.03383480589365138,0.10371387367596482,0.010811884645717985,0.04614166904087372,0.03547657970753146,0.05349995019959553
task_te000557,0.04499881202823573,0.036238291287595065,0.04416757658490012,0.0385062458038795,0.0545865642551211,0.051284066857787934,0.05283653856656227,0.04644659892123743,0.043620913495260046,0.07800394181721726,0.039607294104550765,0.0506025737177164,0.05931492216064352,0.04935004206758126,0.05360937198067849,0.05175850639318007,0.03361517712464817,0.06152413179595541,0.03046362302892412,0.07946480800832546
task_te000558,0.010105483910409774,0.05293480013677144,0.048652696764554935,0.022355734028732942,0.08954126389842214,0.03168492886436361,0.03897607877179034,0.15782194064919,0.013936248015936249,0.044500253927796385,0.03994610131161751,0.15537306018658573,0.035062265851201334,0.06456851115694291,0.022706788785747258,0.027387887082232065,0.028014380764786514,0.018113627572317395,0.0732034198429596,0.025114528477641965
task_te000559,0.029462214930649076,0.0023181665546692255,0.0046519964195882455,0.11639921636026741,0.0331702463019352,0.04557225016037533,0.33596151084698533,0.03417511839939017,0.028423706931042448,0.026826724981753546,0.07242678766503123,0.04499268868908469,0.01385850580110734,0.001215947501955154,0.008994665428781825,0.055994611485387036,0.0743676552298944,0.0036579692498065228,0.06355063164428866,0.003979385418007179
task_te000560,0.10492971456911182,0.010791008984618019,0.09225101396998546,0.1282269109322761,0.014875180215408968,0.05539861723622806,0.0378611640002351,0.018005587083660318,0.08995253967910781,0.032247036508223706,0.01897875493556619,0.062025500467331934,0.0236041933343037,0.04765151308927939,0.09772933186308558,0.028936858640454644,0.044578909543678574,0.05109724143990558,0.011550290599435672,0.029308632908103354
task_te000561,0.04558983773033785,0.03802469217688824,0.0530881028492973,0.049492455697993584,0.039492091337496885,0.05817770879642132,0.04954935383702072,0.03529676170127308,0.047789609197254106,0.05430461804527028,0.04162056120846313,0.08021450119851457,0.02932384220102805,0.04462676913002523,0.05518538609161252,0.05694523088334701,0.048795993290904865,0.08763650028985481,0.05134824766147304,0.03349773667552344
task_te000562,0.044183612132389465,0.013611516962684325,0.06618826923449571,0.025175541684569758,0.10968561203732133,0.030182890777098972,0.055183552876399394,0.025578599619267495,0.11660759379818042,0.10051109301464692,0.05765842081479954,0.03483597318052206,0.024154046304420685,0.04397883857068068,0.06362733758516571,0.020888801328650522,0.038145183363004764,0.03232561828731786,0.03915980633777226,0.058317692090612265
task_te000563,0.1412995438964856,0.08726480335632601,0.0715551548878476,0.04359426158696789,0.018648805773915436,0.007583993003562765,0.0975793827310731,0.12351016086435032,0.05178708422551654,0.025570226401010858,0.012438095514924514,0.08339823618872624,0.020350771334920054,0.03745067002303465,0.03458222605683792,0.09511115246169799,0.01781785246927108,0.017023808419333524,0.009231891986913552,0.0042018788172845135
task_te000564,0.042104897328810995,0.08151627814864683,0.02930510885743835,0.020277160219684273,0.033801094378192585,0.04615913266216246,0.05051283580563212,0.02421863624923822,0.034594811955986834,0.022826998367920234,0.05430335650148775,0.05286057872665778,0.06156799857939876,0.04706111576426392,0.04469392130542589,0.08003812908296183,0.07528281696740494,0.040642812379466736,0.1069490721450096,0.05128324457421
task_te000565,0.015964283393627078,0.07642129131673263,0.053257347390789474,0.002857135421480259,0.14986883642140916,0.08303872057664,0.09983046948078106,0.12304295851047899,0.0661545377322597,0.021523093555370885,0.007230091353882348,0.08722287656953702,0.01660171853085595,0.030161380830683548,0.013238870215391427,0.07541314220123041,0.03754783064515398,0.005792387711187915,0.013346676605264196,0.021486351537243976
task_te000566,0.03000248835296346,0.022268703166205786,0.007337214295095313,0.034734850801052826,0.014298671673981831,0.01292544326705791,0.020879844078817173,0.025553153627720395,0.13618138070963182,0.06282819885954403,0.017123560790464617,0.025334531515535795,0.03657277963309604,0.011478747398955836,0.12816445225443482,0.03906812042501716,0.014351079654067437,0.14613406186507374,0.0413641461772341,0.17339857145405008
task_te000567,0.02296751424554488,0.0530151762577249,0.023410373561310645,0.03130966407062582,0.04377024182741614,0.04103838958594614,0.04426283863504032,0.053134838166533166,0.11724325067953158,0.03310497260360557,0.015963180059965255,0.027016929775888043,0.020415742685457493,0.05906655928009826,0.04247405133165422,0.02626771449329482,0.04749328595734641,0.02680380023295138,0.09483362695384416,0.17640784959622083
task_te000568,0.0430677188232715,0.10398596105462941,0.05537853561182523,0.01259539311424568,0.04176195518550824,0.06518794945100004,0.083414310743882,0.07235541974417682,0.055129850127004144,0.010826811840489621,0.09056877695924405,0.011382232598441053,0.04432416993460766,0.05368688487521296,0.022709138292176034,0.07150531083999187,0.03129810709043032,0.03075120738057522,0.04585154091324346,0.054218725420044585
task_te000569,0.0315971699683495,0.03003369370761743,0.02800192432433785,0.007594583206039541,0.04437123491307405,0.11698941125362007,0.040704974914192525,0.0681892140505755,0.027918073230324903,0.0633367799857704,0.04067661193055485,0.02423814380716504,0.09055323574539781,0.14424867666568844,0.01250499185719318,0.03914849101947407,0.05090833578799145,0.0919064955216216,0.022161216925668463,0.024916741185343427
task_te000570,0.005550228814368348,0.008389843748056043,0.0049936223037383085,0.0026411244654009083,0.0035954883534145493,0.004459968257031388,0.13644466000002323,0.0019868382578711427,0.08319891782795523,0.0014503739387231973,0.00327715228608291,0.006031811504093039,0.27388472129703173,0.14685388883790737,0.00879468570836073,0.11139526580120775,0.009199248682487324,0.0015776467180173084,0.17756450984347583,0.008710003354753774
task_te000571,0.1422052938344588,0.040662709766841595,0.0449249181718951,0.053965877109404335,0.045673103269790113,0.03475625651482194,0.0405061159795143,0.060675416352902634,0.0399523902797485,0.04455140236051924,0.046005648003697996,0.049852174241676483,0.049109503135029695,0.04410962438072132,0.0422095219544702,0.026679364428375464,0.047338005787993055,0.05047267406586347,0.039560199106852795,0.05678980125542296
task_te000572,0.011419528758679234,0.055360444396063004,0.049266259510321826,0.028404511393373497,0.030696012623197686,0.06033376720801857,0.07562584656826396,0.051538559796343406,0.15216021163233176,0.042850720602291836,0.07273168860697556,0.018826067049344645,0.03805972158141751,0.04762977442985213,0.061410196375683346,0.021832499385956775,0.04963503316659707,0.07642607542779505,0.012745106100217373,0.04304797538727583
task_te000573,0.03490962124517297,0.08226198598143308,0.042817173653021706,0.05668560595451705,0.018069988160602925,0.048951829792141334,0.053570939648447446,0.05354467701756037,0.018387341665664032,0.07701386078750924,0.04858769419602521,0.06044216676774971,0.03858115530413815,0.08705335392935765,0.03991691147398618,0.035580068163216384,0.06561606980831766,0.042513043100408335,0.07842075661558197,0.017075756735148582
task_te000574,0.03128293153395931,0.0280536343211493,0.08496746004473307,0.029878638553386818,0.028808048809931958,0.0972172940615712,0.06052370000500759,0.020038575929157757,0.11689705292240773,0.021756729028159952,0.023104703828812165,0.04901152644788594,0.06642233634266108,0.06512610539670875,0.031333520410629145,0.025512754453161108,0.01918722298927905,0.019364200619995782,0.12183065873633926,0.05968290556506298
task_te000575,0.04147289592426129,0.060547599241135654,0.057937078351589226,0.10920564158260081,0.037367069976404974,0.019549974462474997,0.036724667854768134,0.02142142900104105,0.051477204325621105,0.05136175712255749,0.037975765840217474,0.08668061190670336,0.03451323422836208,0.04315789277424759,0.040763221398931425,0.03717653995185525,0.13098407791568223,0.03187375107524221,0.028866048726823898,0.040943538339479786
task_te000576,0.2940598319387296,0.003799249733619093,0.26644138873666684,0.003401589437905359,0.04594371642849047,0.003884350445303213,0.00911951498628568,0.00926968972260931,0.012615648777560997,0.006611147878049268,0.003946473306053988,0.004206132322271837,0.1770181756385345,0.0023504999952255854,0.011223645778186369,0.008257722954928999,0.0691695576907603,0.010721953915863214,0.011917974234513233,0.046041736078442176
task_te000577,0.0001059442313203251,0.0013747532449462216,0.0009377758147368561,0.006443950367596658,0.014829514477172814,0.0004322114638977906,0.004884447223680744,0.005218062744757294,0.0010157770883934753,0.00010302272656936011,0.0005972962640188887,0.000527634367712472,0.0006408644216749213,0.0117105769298247,0.0004585374065267111,0.0005164279919691277,0.00025434626473098173,0.9438683885557019,0.005735031199894327,0.0003454372148745244
task_te000578,0.006871782137053207,0.017717623073974544,0.06425089737452062,0.009082373089036262,0.23819638605962903,0.019838852921677048,0.006211136493395519,0.016015561683127174,0.03138799008866977,0.11896783119611812,0.013990330734886725,0.13820701823077083,0.02319859875197638,0.005069478301297579,0.002702259821128103,0.055749727909224195,0.04135374830893574,0.03580173042785491,0.09625849192443353,0.05912818147229059
task_te000579,0.17251061244843122,0.01695226862622559,0.10646397830410252,0.11662919508681796,0.07863125649493312,0.02681245592089721,0.029746409195928053,0.0220823420566514,0.01221822508361853,0.02207462253046635,0.0626574222648089,0.07556590883876661,0.085888459225411,0.03734212459850623,0.013322936576241961,0.03952838642763948,0.026835734719399228,0.01096897867136029,0.03144248534197284,0.012326197587821573
task_te000580,0.04832625358897689,0.011349270164879166,0.0013723306698160882,0.18469774963459715,0.015548874797653869,0.011191230624576744,0.005305530072513028,0.13146189343886572,0.009487402838060452,0.06171230611480129,0.00916944862381006,0.09017763068747581,0.004525237362696932,0.008600605289415893,0.10111760688842969,0.051298110195144,0.08816055865551084,0.011624614636756908,0.07696426676780543,0.07790907894821406
task_te000581,0.003878109498082363,0.006839680463156444,0.0048453295404702786,0.004769728986685812,0.008471099278141749,0.08271686169613256,0.003969354307134512,0.04388928083375975,0.08516389107038513,0.1084967303762039,0.060218370561241824,0.06999822203502161,0.05978602378375736,0.0555200732466901,0.06481387531947413,0.046396176052261213,0.046889086515385425,0.09003601379742131,0.06278462014673238,0.09051747249186215
task_te000582,0.016436573096772218,0.04974683294192794,0.016859646905780474,0.046569514210845174,0.040095885768488986,0.0333773350403244,0.04362823469604131,0.10681633189379001,0.20979917091064204,0.060725907070387546,0.05151376831497073,0.06018645231118557,0.05695691884737106,0.006568103701410469,0.014245461229450146,0.07855260334197922,0.04578547660705361,0.02888849439323326,0.007461357711474344,0.02578593100687143
task_te000583,0.04887371959045163,0.1300794157074444,0.0296692716326922,0.042824153186919574,0.03170849253275977,0.0679508629076107,0.029588386368656728,0.048713245660799764,0.058867210642690265,0.04540099935839431,0.05329791090952279,0.013087156722242657,0.03128805045457288,0.03627663847431804,0.07919154796108364,0.09258113728998414,0.07673837156609158,0.045165123263800025,0.025625079548538047,0.013073226221426823
task_te000584,0.14370473506148065,0.04057221038116821,0.049134750790593755,0.04476800469994409,0.03672763192747277,0.03528631078308491,0.031293400615388114,0.03586658248868786,0.026780502248368733,0.06713974746059055,0.05362374770912849,0.04686036905863237,0.03896806384746615,0.06307281166229556,0.037970960416837236,0.04525870001981184,0.0470187573262612,0.06751574291632136,0.03824496165578796,0.0501920089306783
task_te000585,0.052421559351098185,0.04949829228966581,0.03689399328825433,0.03300464910814706,0.03744596828950787,0.04099409998798193,0.07456688089117025,0.07153840239781692,0.04240754385916641,0.020296693349731283,0.058331502479270755,0.03956212722496855,0.069920710645409,0.036625331349292765,0.06819930700215217,0.03537506200575178,0.048871735327403645,0.04191486631043094,0.06988420022224208,0.07224707462053835
task_te000586,0.015404256337180375,0.03745488248902173,0.061896357422765926,0.04200519784652116,0.034857030030674765,0.053836544566147046,0.056893171274620874,0.041985177652227985,0.06974736016658034,0.009224822262155296,0.029395164602507375,0.015148900000001868,0.15930704546473023,0.03174667967500229,0.04020747159635402,0.06046998342842262,0.11663364430679182,0.07614590218957512,0.017488271960316933,0.030152136728402213
task_te000587,0.049057277101704336,0.03712046302101337,0.06976233797273963,0.08331123697130585,0.04982834479335369,0.05329354311075664,0.0479871415000197,0.05231889106077396,0.04155827903169076,0.058749361088860565,0.018933316140395538,0.0436776693112266,0.04036888014830037,0.04038579395029437,0.04592625960023476,0.06725549331475571,0.030249961244171782,0.05823678057547386,0.05106881726077108,0.06091015280215748
task_te000588,0.039702573958484894,0.04620638576003789,0.06417736715088883,0.06727245524631706,0.05925384083865274,0.04031606027912798,0.03619021869037867,0.06268774314874176,0.036390167045473085,0.05815259085196336,0.04787674041237715,0.041189291203589176,0.04672018902576462,0.05453266906544789,0.044907434415583994,0.06144618201864902,0.0541198302222873,0.06027118262547143,0.026872239699098997,0.05171483834166409
task_te000589,0.06360972523555108,0.03590915792974168,0.02724403386301017,0.04460901272053994,0.061585454140617654,0.05195195276504087,0.04919248292400438,0.03945225143519924,0.05210226211562769,0.05165123481737482,0.09856288958021113,0.05182543123652919,0.039238341687513015,0.04241633543415148,0.04450907980592649,0.054561937753388655,0.058961648223024514,0.03738344488164734,0.06289004737313889,0.0323432760777619
task_te000590,0.0017960817264140079,0.946325877331225,0.0017990855201030814,0.000994469859601652,0.0013452376046891555,0.003915708377668731,0.0020300009855538674,0.002017950668889989,0.0012011198323610714,0.006977150712617804,0.002664845662875682,0.0018917027815303744,0.0042477649017910405,0.0007197643652232383,0.005728631887544114,0.0013731862619344212,0.003229925956192541,0.0012277359027971048,0.0007636484322036144,0.009750111228783437
task_te000591,0.0636361404166341,0.07200034976324919,0.03683782916030712,0.03850048606311661,0.045379427141697584,0.054302043976587,0.0555415073383481,0.0275918154488153,0.061812838669278815,0.04860437955982516,0.055902599437491186,0.025765752440265598,0.0667936169248733,0.07040575103646055,0.04334103381843877,0.024926717611636458,0.09730069217278352,0.036652198138116564,0.03835629189644956,0.036348528985625586
task_te000592,0.04443133148691697,0.07083758903843343,0.020807175524107286,0.09533072314857911,0.11862563365862311,0.03307188319082808,0.028052675122426488,0.03391365551735186,0.029596247109385666,0.03817507775072535,0.019239477450467283,0.07073925170616753,0.0330532542863127,0.027930344987986834,0.02358423077516976,0.1303363173510637,0.06200453827757052,0.029452264382052635,0.022868008264049576,0.06795032097178215
task_te000593,0.05220461273111225,0.05255030898112388,0.0383346302405924,0.03977640757240933,0.03786698470526183,0.07011283761918664,0.06437676060889798,0.05139869501531563,0.03975296726406213,0.03798144019611014,0.027896281469995565,0.04443346768240372,0.03581014751028477,0.05182569083411404,0.05720898436240766,0.05522807885615726,0.059390214277266595,0.07770687110940552,0.05595831424548265,0.0501863047184098
task_te000594,0.07169460835414927,0.018571356774835988,0.20846041365451276,0.10776720247680877,0.016450109299498743,0.01239626113377674,0.013448256204825083,0.09864730856523156,0.004328331037908318,0.018251596930505185,0.042894863757368736,0.03933088651513333,0.005773840823833918,0.036100008525237176,0.07095527577266657,0.046024414650660816,0.013698297945307683,0.019273635733733016,0.037925795999507794,0.11800753584449857
task_te000595,0.08043025161982383,0.05389476570219946,0.061184213195499756,0.04858928056487515,0.033233047199957635,0.02553037712596199,0.06216267030932553,0.03597104348395984,0.050199465402484794,0.030912915794269198,0.02413163436593586,0.03991358280533352,0.037197308229801086,0.09587437421957777,0.046532414468995094,0.07264141245876786,0.03229965797085012,0.09111183681981945,0.03900115672819608,0.0391885915343661
task_te000596,0.0025901198037157473,0.09973765662775294,0.03229858460858133,0.04029567063799719,0.004436014055368022,0.04156609409812614,0.07153519215460334,0.029074620672445456,0.02620986569135422,0.1576985162213309,0.007639176313613746,0.02821846264220298,0.003263607471696252,0.1018447264547673,0.060166029697533985,0.1298538009295857,0.05448676504925926,0.029360294755074408,0.03029041675526025,0.04943438535973087
task_te000597,0.050836711623829654,0.2087539285929078,0.004245854454703589,0.02530180794184367,0.00390472797345722,0.0728076293788403,0.1242712761288727,0.007637185359675255,0.013676629863570306,0.057380698096732824,0.024932779698343965,0.06112024751784032,0.039447662837422105,0.001975371123079437,0.007217758157564011,0.024820711382286507,0.15059484150252284,0.09586215050382157,0.01828032396755864,0.006931703895127292
task_te000598,0.013609522559312115,0.13520776015061628,0.04806697302603305,0.046601558198970196,0.05388464690534763,0.008922803400809148,0.07077098419994969,0.027704061034334853,0.08944075325345893,0.09116058432239903,0.06939167867841534,0.03152678166137771,0.027464725573774423,0.035285704590458836,0.02987223917162868,0.07050160603583376,0.07867456509615288,0.006576647345628131,0.017591174422465165,0.0477452303730342
task_te000599,0.06096890299808674,0.036847351845292454,0.015473908668870334,0.011347724490851505,0.4401234156620634,0.029251895473279853,0.006370388926611335,0.029388290452059193,0.011611762698153616,0.13546763480851198,0.024155397023937614,0.021433146587486025,0.010412120883538769,0.014405644806231795,0.051740061968061815,0.03168301817386535,0.0021634691745819317,0.03154574426830887,0.006537520580581224,0.029072600509626265
task_te000600,0.08773594103769665,0.047932093897840033,0.04925190786277654,0.04758455931141504,0.06959051916925722,0.011044860346794196,0.04729360543990009,0.010535886904801955,0.08474386049146726,0.05923720131948422,0.052626897560906036,0.027606621012251,0.06369368654927071,0.026883101739589695,0.07662173791746603,0.009858598701498899,0.1429921043613254,0.020263947060111025,0.03092258243255813,0.0335802868835898
task_te000601,0.04696026255378245,0.04136699928920307,0.039308445654781435,0.05174990123541239,0.03819807006232572,0.036117082388431816,0.046592515507474216,0.03827395772567486,0.044132504359397674,0.07218909907622523,0.0409018109741065,0.07124092990089782,0.05899101411172465,0.055392593230743394,0.046617476476969406,0.05899726429390345,0.06290572177130052,0.04777476588816326,0.058611337342961374,0.04367824815652071
task_te000602,0.10873860955378895,0.005249388722015263,0.08880249581254328,0.010333066595224979,0.15509539679667245,0.017770911628320094,0.14259416323980637,0.040134831309832635,0.16238937862435027,0.004645935919268272,0.10917302018865606,0.013875866070766105,0.02012294618106229,0.020107003189814635,0.013655860466145153,0.01830906094940396,0.008149762097870654,0.021473902623296515,0.008681268269376803,0.030697131761785457
task_te000603,0.0006755948359534834,0.24896240070985587,0.0016821594393867244,0.0302666368604339,0.006522946380608912,0.001392790571590589,0.23682661370463834,0.0018940658368356777,0.0006363168940510096,0.0011616343658821333,0.2470744732273943,0.0004441801100397847,0.00041224281542633117,0.0007616137665461861,0.00545759529905895,0.002123625474961893,0.2024388180738367,0.006941841692090496,0.0038829916116585894,0.00044145832974996446
task_te000604,0.02983610054053935,0.009771465658943575,0.0198900884732549,0.033211268950697634,0.03497177321954477,0.02499631969522879,0.445293988559538,0.000650956875844973,0.0106831910707919,0.017956693074606497,0.10338813056035281,0.05854437349001557,0.055626098779348966,0.02804595694551736,0.005953158504173056,0.017602339009789268,0.007944634239263318,0.03463500150639472,0.0564636009327391,0.004534859913415403
task_te000605,0.03986044862126785,0.07677272878734923,0.048301111389364264,0.03980775062560088,0.041235399764982965,0.0564834234452836,0.04139541299402656,0.06169513758463845,0.051484212805901285,0.04362048788325327,0.05717397687768506,0.08713093721174894,0.017381859974561948,0.05513039911423986,0.07665279333721536,0.046046919416044566,0.031505014688922924,0.03746868250778982,0.051405731738183164,0.0394475712319401
task_te000606,0.013875923483075299,0.004616197480320363,0.01655702223151025,0.01206724768114134,0.1531251881483856,0.03217685897978818,0.007225591924737313,0.21145088979772358,0.00579682080467587,0.011541896162830237,0.015067590490753381,0.00897201319550775,0.04308820927917937,0.005816914232233465,0.136907820352889,0.02677859012607543,0.02590164252154355,0.017601588735431262,0.05067735084575288,0.20075464352644576
task_te000607,0.015686813043957575,0.016660321761928908,0.010905629905659514,0.07586077482833005,0.008549445922228565,0.003918326481888643,0.006923497580766621,0.07792157384641714,0.010461687623521442,0.0005069133218229063,0.2748574819095806,0.3436894329345747,0.010854570577087797,0.007532069897495163,0.005604532482032802,0.011800439489587746,0.04838319848258284,0.03970556739243377,0.007421524838820523,0.02275619767928272
task_te000608,0.0577744987710061,0.020614824606282403,0.13377764222927585,0.07678008808166285,0.0159837752728872,0.03692469754873158,0.0160520625401248,0.029658614949904353,0.02651502759723267,0.10331843153221994,0.04349109389789628,0.02064821222642374,0.06181910070839241,0.06722598463541202,0.02562901969683023,0.03856672552996716,0.0715456523424752,0.07486876554826016,0.03236391060440658,0.046441871680608475
task_te000609,0.013429251157975912,0.014346482712067015,0.008056633107532797,0.015870526500435352,0.01874534010088896,0.1332641940832216,0.01927057097387603,0.5033061412781086,0.04293424627816168,0.03554251617434193,0.005738511273877295,0.029020091260421318,0.020023830401722977,0.034540485583460644,0.019617641721756153,0.04187304204565521,0.007007566006814061,0.016620100108697678,0.0025592523990627235,0.018233576831922237
task_te000610,0.012803257366112817,0.04574910690113778,0.06051188374281892,0.07261635576907745,0.03832338084663995,0.057023174450969466,0.04330055126624111,0.10672877337788048,0.03087181214884968,0.08043224353761602,0.0748425874813818,0.05517370666173761,0.06980327817022716,0.10829526516935177,0.05829884455147624,0.005586203753893909,0.05387461423790326,0.012166513875057997,0.001534451750915361,0.012063994940711222
task_te000611,0.09207845542147475,0.005316964686466779,0.01115345075987267,0.03120394391233117,0.0638095426006402,0.03441211526838927,0.09481577801688054,0.029489424660190586,0.08642788570654127,0.06207206011057701,0.05242565895113166,0.07871251645079068,0.025400647053540823,0.08440624104919822,0.015875376308440194,0.046507484914050434,0.035258149380593407,0.03548835210832028,0.05875493768436184,0.05639101495620852
task_te000612,0.014729786207929947,0.05705876269279975,0.15528581931401786,0.004125365061444634,0.043440506556863864,0.11540187149807855,0.041255049219244104,0.012294272955746617,0.13288916677982848,0.14414270352220837,0.011382687478102711,0.012773363127485818,0.012431771129496904,0.0224801140768578,0.03742180104430336,0.010708237440355272,0.03685437841160701,0.022074640707246868,0.011310800569979086,0.10193890220640295
task_te000613,0.0014114125408473744,0.005995292065694253,0.034330936892715075,0.0031218137384863846,0.07416099891104558,0.008755272915373877,0.00840639263213965,0.009735185635131169,0.0008311335777459505,0.004086869687699008,0.012151763769080455,0.01649738321645848,0.35485326653401045,0.0026909547763925034,0.008186795809546782,0.0011607585955998422,0.3968456204372357,0.00098063175584496,0.006695742677488201,0.049101773831464246
task_te000614,0.053779248209077556,0.002938055251769679,0.0018411473821551348,0.0037731591686643476,0.0011151946850043216,0.004126812687327437,0.1738638207149528,0.001422231124771744,0.26806002915251215,0.13800269651167824,0.0008656352269659972,0.0028037629971470242,0.1507676394743042,0.0023002661792048715,0.002259869196226868,0.004299290422861666,0.18338507458951395,0.0008796259664215212,0.0021764131007058346,0.0013400279587347107
task_te000615,0.009630516870253913,0.06953021471454396,0.09026511269695371,0.12358385283848633,0.015169751192655997,0.01754486562980267,0.07546914516707014,0.05828539066713533,0.03143258997127067,0.020381628332343617,0.007867987112209601,0.13367861730754402,0.008946291350700377,0.08782536099258739,0.13544564335857961,0.0535741344084115,0.012708528277432593,0.01837098115203549,0.01334233055449651,0.01694705740548648
task_te000616,0.05313746688383298,0.05450800459547323,0.04440046122915269,0.07854575335052455,0.039921646057519466,0.035074404105000685,0.04121188555490561,0.06574956070893598,0.04512905614460057,0.047648514115613064,0.04347647311979885,0.04185960734374013,0.03956032688457938,0.04606711553323985,0.047185168223878894,0.07132881425214954,0.06503047638164539,0.03960398758601374,0.04913463795179208,0.051426639977603314
task_te000617,0.0008046177358184156,0.00048407020076844377,0.003859552226494702,0.06497017416514458,0.040714055242988566,0.0020701415206467837,0.0008868852568577477,0.01670806280973664,0.030325240942032858,0.0038375558301782997,0.09614774002623111,0.18600121260882424,0.001108346290229983,0.007582057573828217,0.0013299062978413666,0.0006448550841110199,0.5205863171806923,0.001670931643197616,0.018793693445873172,0.001474583918503914
task_te000618,0.04080096481484643,0.03567146874132103,0.060365200073435696,0.047391362478363855,0.042795424063535835,0.039480073685600865,0.03735255586439651,0.04438777350365617,0.03931802299988353,0.0625170051977333,0.042464578311900196,0.053731996308276554,0.0340843647314614,0.09733876233389183,0.053062929039933406,0.07382854008161321,0.04542236356311522,0.051493581725838476,0.0593391469178275,0.039153885563369
task_te000619,0.008559556024067607,0.07014123851416468,0.0539851341075434,0.05948983740082862,0.06582298169497804,0.030204262427074295,0.06361273633173053,0.04584792036873843,0.0631220628437568,0.04419800990316994,0.04749827198417374,0.059275484307974406,0.040946242925944766,0.05784150866482708,0.054409415755466144,0.06606043335046527,0.020401113132732972,0.03322156375212346,0.05552991145936691,0.05983231505087296
task_te000620,0.007324228724372971,0.10533798470782782,0.06376300069014566,0.09687725727224575,0.008349714831702847,0.06789131873607866,0.04219326075916071,0.012504598609838033,0.07727038074560724,0.010363716257561518,0.004248123206295722,0.015437764007469943,0.09401006874978068,0.009219724009094094,0.007007309789545606,0.015179210065798837,0.03766973472728307,0.08963273959749611,0.09671666487910445,0.13900319963359037
task_te000621,0.007800520666519682,0.042372410679529314,0.008786791522736854,0.009310366971494646,0.014792271719992964,0.018732377593089558,0.008971308883948915,0.019946486983075832,0.6307852141459568,0.009844541387120192,0.03384235882621549,0.02331575769743947,0.01214753939426523,0.012299097182681192,0.036395483250287804,0.009122810804483426,0.02025292867130492,0.027713768981018825,0.026906986102253536,0.026660978536585514
task_te000622,0.003752610122297207,0.0037195469940994705,0.01711879387679317,0.012576673988721577,0.2749466899154412,0.0235974205415171,0.4503532830402295,0.014755914477782694,0.009266106192995416,0.00539981756083,0.007573791521865356,0.0023432635877697447,0.016213075969584465,0.014791691443627054,0.012475831683098551,0.009597508941060333,0.008006245070433965,0.003948175224473811,0.09732162483465116,0.012241935012728451
task_te000623,0.0014364372431770322,0.20599746635462263,0.00443526531824823,0.07713412290917962,0.009425201923617867,0.014398251691025843,0.10279421792115918,0.08104981426315552,0.005169482654494432,0.005605483634330648,0.002184679204465899,0.01947806856774898,0.03611782989398322,0.07035586568379623,0.11055276811587056,0.09456066890643305,0.048866193730671706,0.10474707906079245,0.0025175615499591665,0.0031735413732678964
task_te000624,0.001703702845506329,0.0034790585211976026,0.005142790820762184,0.002411042914561906,0.011997635308882369,0.00224483924880673,0.0033825222501945593,0.2716826660724783,0.0009186169092359723,0.022070669659475108,0.003114760842871017,0.008028476135398558,0.002838397400850974,0.570687717032476,0.03746274409355126,0.003153979265403992,0.0030515641711621497,0.009181049937364207,0.013251311054086194,0.024196455515734627
task_te000625,0.10996707185336312,0.021462191716009667,0.03310619007451041,0.06176896661068126,0.027304021689475513,0.015228593069955894,0.016652703739139685,0.015598502194299724,0.03297707126156508,0.0330765246705186,0.0485927980117425,0.07369484706986835,0.059872758583289075,0.035456581489636096,0.014926693648540313,0.10527319658382384,0.05329100017896911,0.03654211524563726,0.1604453855260358,0.04476278678293875
task_te000626,0.06032700060997266,0.04764061265989454,0.05480659309938098,0.03059239430162858,0.05211952472388221,0.05634169540563734,0.03673212482979187,0.026536875280098553,0.09174182532367306,0.050747012994980314,0.04843289468288834,0.026282371645507282,0.07754214867979238,0.03896995965949244,0.03450114230203386,0.06632389558377998,0.07231654314501665,0.062306931605805624,0.046491697169838316,0.019246756296905202
task_te000627,0.05759284002027813,0.10058939342750343,0.04293651267465754,0.05766403114243336,0.03121415467458971,0.010199341627898892,0.06531661883964038,0.053588305287367605,0.07779943006315727,0.03648553962531214,0.004105030303587564,0.007539882923035531,0.012181552612089771,0.021578348598320828,0.008558436976793248,0.11206326869576125,0.07658669388211246,0.04482298254286109,0.041796137320929495,0.1373814987616704
task_te000628,0.017295891314359137,0.0031580225362660814,0.020715573421599017,0.5999866896554015,0.023896303531896302,0.01993963022981341,0.06063384883138425,0.010287651656275695,0.00975693469242815,0.030245522809893267,0.07167161394395262,0.00249769351568754,0.011658806301773631,0.059159965052861585,0.0014658845867797877,0.00896194164948733,0.003461142511627342,0.004922925007272784,0.025799176713772097,0.014484782037468452
task_te000629,0.004244594027669585,0.0025841340925942323,0.6790661229555882,0.0035174511258498375,0.00535298763990499,0.0025233976769083637,0.0006470333700488872,0.003779844990222419,0.0001763120895328132,0.2821646243902275,0.00039327227357471297,0.0013051631438603507,0.0029364193748808586,0.00030443069579950066,0.003617047770959527,0.0013968863647372501,0.0008991898221537127,0.0012367622883061465,0.0034253673722714133,0.0004289585349095803
task_te000630,0.060913207462604334,0.0314061550488036,0.016947697593443597,0.0780364043149375,0.06127978421271152,0.05623278157312997,0.07715313289817428,0.06770070562730465,0.04405923435943389,0.051122368867702016,0.04759087995397247,0.021955178308546573,0.06906604851823898,0.034100623391403385,0.049904246077381226,0.06708864851217332,0.05115183656684449,0.046661492686664134,0.01860369476089327,0.049025879265636764
task_te000631,0.04595243169729192,0.05043381532729989,0.046612397256816554,0.08503323740707916,0.05057323011951155,0.044138972715803464,0.030265202980234298,0.03578049279565697,0.0768471797228095,0.049262931454034174,0.05080251028908368,0.03705934027211276,0.04370196154510787,0.01953274316738709,0.07817490538479503,0.02774817675274645,0.062133109780803684,0.03171762864378321,0.03615654861836523,0.0980731840692775
task_te000632,0.050691865620777286,0.10990048853071654,0.040907578040395506,0.03710171309208262,0.05065889035863135,0.0888294913661823,0.017965982406493167,0.049443578159668516,0.032726926344001504,0.045164196827553856,0.04208829531870664,0.04204113966887445,0.0402172451099119,0.03189441267539813,0.015526614570027075,0.06856823618062104,0.10354097018175233,0.04699429299799468,0.01855506848070203,0.0671830140695093
task_te000633,0.05628697639777998,0.03691529126700739,0.04309649872154193,0.05159148193306781,0.04972705629635665,0.05540621021213275,0.045828342051853654,0.04940235185469892,0.05646559778675141,0.032456076366659946,0.04946247749092748,0.04799319023149107,0.0462927936548461,0.05175036872211985,0.05793805202690468,0.04989599409512192,0.05525160029957218,0.05406508695715649,0.0518357852577763,0.058338768376233474
task_te000634,0.07679807243665045,0.15293937408249214,0.027567029352931746,0.20479870858403146,0.11718139649405308,0.020295693981255122,0.059217870145733764,0.05900327802547946,0.029899820457460192,0.010391729522917557,0.015350149173663067,0.015734582347203152,0.019180371675148203,0.014876175824880883,0.03018800884643778,0.02387600016681824,0.043074761308207435,0.017402266840081955,0.03054402165363344,0.031680689080921
task_te000635,0.06060720676322197,0.08229664905137025,0.0484848661314863,0.04152898855520038,0.04754220499348903,0.0585769146425043,0.03428508769019093,0.0626583193872496,0.0400942668378333,0.04797412324882429,0.07549557281926962,0.05283531168353851,0.03762119727473503,0.0442796616437409,0.0825646299542538,0.04053569618894321,0.04245412731091401,0.02427763793831509,0.03210914246354651,0.04377839542137281
task_te000636,0.02503480623477894,0.005968740019433009,0.026206243149059828,0.01913141470596178,0.055942425576896784,0.02539482448060568,0.053406820421413294,0.018162712221746317,0.034586297684997235,0.04954797638888284,0.019308678504102433,0.11029438494000987,0.0662411293950803,0.032329842115140964,0.01053093486415939,0.017532939729451278,0.08916154843163711,0.035231668503525444,0.2573758376769921,0.048610774956125424
task_te000637,0.051473441784595855,0.04643837659503475,0.03943785372288876,0.04887055717771505,0.046153133802179995,0.039606943862180916,0.04681963197864329,0.11936495976686556,0.03577864617668343,0.05269415331706013,0.037836322331085914,0.03675588372255545,0.0439233173615543,0.049222329750041476,0.06330100233039619,0.041329202119503465,0.057469785225518925,0.04324679465109123,0.048134478260404394,0.05214318606400089
task_te000638,0.03311360030531914,0.07667137776446163,0.0997255013131992,0.03620240568582755,0.03127131952290444,0.040745935153918514,0.024260686085586698,0.08356518610921618,0.028712980836903018,0.02825900642438358,0.12954625771951184,0.012553327878419118,0.04493448297134372,0.033942175152555334,0.04064259465134444,0.12257096129809737,0.020244521100616086,0.022516579461906383,0.02955314019017914,0.060967960374306795
task_te000639,0.0036906577831384776,0.15787856258128283,0.020717180129654993,0.1320082149787696,0.10517385468700828,0.11883282322971962,0.020089054683654496,0.03174457480005253,0.12938707698415408,0.011071851295517961,0.020070123474427992,0.010809698533956004,0.008745030366554895,0.10830464040544638,0.045957254708609695,0.023153544113352048,0.008878165289716609,0.00545290044134115,0.0031357332977384853,0.03489905821590377
task_te000640,0.007255251292121712,0.39902154545508584,0.10178580584570414,0.015024076798443158,0.024741549630812366,0.01778772402297506,0.04611578162543728,0.04685740251728835,0.022839815344838647,0.04375059190750028,0.008576477275849382,0.021909239975512414,0.03015212536265177,0.04360880202505855,0.05296704476516567,0.008546769338128353,0.0416548627911039,0.01398220173109996,0.038395958054562175,0.01502697424066098
task_te000641,0.02996435399608026,0.07115254426477065,0.009124336293037922,0.03276339883375758,0.005855533543228826,0.006618663423549652,0.19020074622759303,0.09063727166418818,0.10314993664619325,0.007684575568533666,0.036593365625080386,0.030187029481921614,0.07611588557358494,0.16960782703976288,0.06849679607793784,0.009301348472022193,0.017694624670830085,0.01323835645278094,0.009931129654830664,0.02168227649031549
task_te000642,0.024943741693983633,0.01669983661356883,0.0214148018617634,0.03319585566539329,0.05363156594818923,0.05731554437253686,0.02202691513793499,0.05029243844023076,0.05949877547844339,0.05517920100507312,0.02177978738402697,0.037277823339284706,0.023413699560013407,0.02173851847355477,0.10826298587121058,0.01350719065132377,0.09661837885760505,0.03636394767740258,0.199870060881454,0.046968931087006775
task_te000643,0.12302848240432704,0.012601266134579717,0.005120389929786833,0.023686122564864714,0.0055094500068450245,0.0008680690671381256,0.00628846315061299,0.02066720094597538,0.04174827870109561,0.006702612015640589,0.2995092113916877,0.0055587323648575975,0.026466412500222806,0.027455682800659367,0.0014521882781607651,0.005385879223179442,0.37715033574191004,0.0024330684008018215,0.0033329460456925494,0.00503520833196201
task_te000644,0.08360367061381668,0.014274815936346599,0.01720809810081969,0.008332150610398659,0.0035292595286904225,0.00294802368534061,0.0018932046557407873,0.005760471504526207,0.019859617226259996,0.006053841044396531,0.01839113969819348,0.0016179206969841415,0.14245178320774818,0.5759877132880243,0.0037048953882313947,0.06832382059926463,0.010316056686598019,0.004321922654377892,0.011077278654720924,0.0003443162195207648
task_te000645,0.09174595619622716,0.011368206149215878,0.08775777682744132,0.04515653466243373,0.036416808949400185,0.04960000461676127,0.015195447147977277,0.018840320881987675,0.10051016715898646,0.07450493480933584,0.011205030039538075,0.06981355334212179,0.08693059001845946,0.016179183496817455,0.032717633132568515,0.05395729082808375,0.06639585564865372,0.036050852277846934,0.02068061872079713,0.07497323509534648
task_te000646,0.03857866652077394,0.0440771209655341,0.031111775664108516,0.07681657875200738,0.05411874145711452,0.034279285252336394,0.017470590881216497,0.10152019191062259,0.15646775953253178,0.04923942924817405,0.055882221673523046,0.05717225713628374,0.07630138906633005,0.05411048058628474,0.0218385117821573,0.019189621807546135,0.04084398833033016,0.009079258588222982,0.01924114864776929,0.04266098219713291
task_te000647,0.002522089049507109,0.008145387831544719,0.0012134978875608783,0.005142201035663991,0.0004998671932850674,0.00774946367265775,0.00344084485537088,0.0015241217280103356,0.0008950922282900752,0.011784958059038583,0.008469647717762633,0.010272429814588485,0.007013616454907613,0.9172618598172473,0.005256982759443535,0.0008248718873944689,0.004759802137783802,0.000986519449871641,0.0017133634153633347,0.0005233830047077977
task_te000648,0.026553546420138525,0.03934117014960535,0.13383636298037987,0.1273906408687887,0.07742356840504983,0.0357325706631091,0.04429708207675318,0.09249491290845531,0.07268411077938355,0.029075831925588276,0.009445145377722121,0.04280220871427524,0.0335833126699535,0.06935418730527364,0.015673013636458427,0.024438791405621236,0.016100327486024472,0.06515923750916647,0.03881343649210453,0.00580054222614881
task_te000649,0.012579094432728553,0.035665681812896616,0.003404892993184352,0.11498764176228944,0.0037270389575934527,0.011388030233744151,0.050564129443990004,0.010196215416228045,0.008144049785353236,0.001664444383274201,0.11718743523143284,0.0008686588803628673,0.0012340911655754235,0.004851970362498846,0.01314182695706486,0.01046310211154939,0.0038980597513499837,0.00858527891427532,0.06151881235510163,0.5259295450495067
task_te000650,0.05935957988248804,0.011883450561812363,0.01008064770899794,0.04174125467412682,0.0036583311586029033,0.09484649670256934,0.06605772773308073,0.011562126555051533,0.08939293958104377,0.0044111187470912,0.09723586103929895,0.006275017503361456,0.10240646743868563,0.06207600728706395,0.0038740749584818598,0.10657662071496384,0.1284350615480037,0.02352775691898127,0.015444061645801527,0.06115539764049323
task_te000651,0.05071853316528504,0.04195786817973588,0.026014964926650303,0.057717218419063625,0.012572714511694469,0.1364893792790528,0.037161052775779406,0.033679927151009634,0.03343834732985693,0.10630712311145553,0.05513965524752817,0.0775013586503826,0.045322446947813504,0.02964612535387798,0.013251224777913389,0.04810274232121359,0.04456133377754792,0.04252849396108452,0.021801716019684836,0.08608777409336993
task_te000652,0.07977213125213048,0.01136040185452268,0.02946982310833768,0.08049088428608715,0.059760403046867604,0.04616271160299958,0.044661755922185506,0.04170513608813988,0.03234604797312514,0.06858363453186635,0.02320846143338395,0.04244298189868386,0.03340707715275813,0.05337834045885758,0.07945112158187924,0.03500705656946262,0.08694873877640852,0.03704723987828817,0.06822637195234002,0.04656968063167588
task_te000653,0.049078182023796456,0.06612049926827498,0.04484933726228525,0.053645143544955205,0.03458945242167396,0.03741317467392426,0.05635467675078229,0.04152378218725887,0.09348567305554513,0.06257632468522635,0.056895624979653836,0.03974171875451145,0.03360852835682274,0.04061551131284131,0.033934420798870595,0.029206387968611695,0.10458466353066966,0.047638254678858544,0.030391108272991508,0.04374753547244598
task_te000654,0.023222650940112808,0.02375741446222509,0.08397065140560876,0.028992750783866966,0.007596169199521576,0.014953140400521385,0.09437562734043647,0.008370628334154825,0.0183950312428899,0.015319646278367445,0.009425576918145868,0.009398130722486563,0.24674154061306486,0.27696797832094133,0.027461723903494755,0.02261097739009518,0.03457445242178642,0.01948791269807295,0.018365836961061605,0.016012159663145297
task_te000655,0.02889091891460275,0.03710005577513727,0.06035216180759957,0.013344565535451429,0.04286872354483015,0.0825747736211324,0.026819230159555847,0.09277355632873917,0.10112392003750448,0.0947108437366193,0.03355439414756761,0.02491299002226072,0.08427727921353928,0.10467825260207562,0.03321344308534928,0.013775755204422755,0.05014572728745121,0.0279473787451158,0.0201874463207258,0.026748583910319545
task_te000656,0.06306174037003437,0.039543442477177886,0.049502160284732984,0.03350578058265353,0.06498934388962409,0.03682509907864177,0.04332492179851846,0.1532415138418056,0.06517390151205717,0.03200906823409023,0.017561271599321762,0.10273956409920951,0.019377637998206337,0.03902605245878417,0.04729890699784346,0.0558879160568109,0.027154432686623764,0.02344617684151292,0.05127325040267406,0.0350578187896771
task_te000657,0.007722865477331059,0.018692977095167623,0.057040227203690716,0.23446734571041233,0.013003191230896518,0.008563152676902556,0.003961288109280845,0.2248571218092833,0.0018532621299507468,0.009139656678319168,0.10596226809411965,0.15279392607293282,0.005016228807727913,0.01785344504914175,0.008518314871547562,0.10635333966544655,0.010877099843389278,0.00816675978445251,0.0011976657637191366,0.003959863926287897
task_te000658,0.05645484842918534,0.024288555884432263,0.03994048529751147,0.09697360888573185,0.05055905057356736,0.07112824844427446,0.08439560058655397,0.04834201572203658,0.05865976855884014,0.017094047789605334,0.04075053251258412,0.0559291830900513,0.05214032909535815,0.0471630334801646,0.03526771072394251,0.04786304866363971,0.04957013279548915,0.03961802626237132,0.050075469568828544,0.03378630363583169
task_te000659,0.013346321263606976,0.018355950944551145,0.0010114829705869283,0.03955475391025834,0.1440860495786331,0.0062416159164518795,0.01643627537651979,0.09610390578037,0.004805802678589122,0.007417153619259864,0.000877900795760566,0.032077315027360664,0.0059365014831035045,0.022625567669286504,0.013196708457924729,0.0019138081267717905,0.5455428250304772,0.02259401337042818,0.005908187758450035,0.00196786024160957
task_te000660,0.035364844688119734,0.06145015099147971,0.0071500418471701,0.23651363081647153,0.014363523785008893,0.016929553114359095,0.27191003264083735,0.053113947303213796,0.07344066015661162,0.03622978639306267,0.006178654127148225,0.033324997381291056,0.0026725164242458054,0.0015798623797579942,0.008478169171863496,0.046270769292015866,0.03930452666668354,0.043505963830300906,0.011087789955675092,0.0011305790346834473
task_te000661,0.029839538478826984,0.07584998997480484,0.09054887524897454,0.04923267800039805,0.06394384870245473,0.061188957254167196,0.06113747268794894,0.03358784680433336,0.04388958104365825,0.046053421550872456,0.04461189186496228,0.03884800388454219,0.03875121514272569,0.038900269261022496,0.027751173833588477,0.04655581099562707,0.04469885613273597,0.05053781190662321,0.05044833473814986,0.06362442249358356
task_te000662,0.021037292654870348,0.05338790607602133,0.03250591222814309,0.0362583779166148,0.10070281517996404,0.05218723794135375,0.10431392735698368,0.027331664612495532,0.036958862984508366,0.1087341617756753,0.024051774686238467,0.023110550844644008,0.014450040568167939,0.05721115399091981,0.04619217363853645,0.03460095999961418,0.02807522513246849,0.03862377122787238,0.053134318155998304,0.10713187302890981
task_te000663,0.01089358413278111,0.03028151163838239,0.06797179715211926,0.05153508987106795,0.025331363443285956,0.11664727555804372,0.06663934316583196,0.0625273655826647,0.06875905562531055,0.030215693854336104,0.01918634049248404,0.06643399829354052,0.022259181366876088,0.037259098447025726,0.04474949262309553,0.01695401718404602,0.08464133142722158,0.03574701015416057,0.0621040689531928,0.07986338103453318
task_te000664,0.07834534328738135,0.03744657819032572,0.04152639716256958,0.046785366649470334,0.06449690214118271,0.08394447356775322,0.038750338930997476,0.029552112549939627,0.059393597522449236,0.06078561336443704,0.055850351389231175,0.012141286247529333,0.0662331449357905,0.03325693241228725,0.008628769794159724,0.04773273411957308,0.10156411929750488,0.026279670527487555,0.00994341712698171,0.09734285078294852
task_te000665,0.043382783539378814,0.042333068023436476,0.041431401550396534,0.03682050556170325,0.03510449870450866,0.031828423775931564,0.0349217794721149,0.03838516783681104,0.0407282709036851,0.027168381868974276,0.04492615986545964,0.027290947096769446,0.036339755211679856,0.036967910821234067,0.2619917900652221,0.04172049799147916,0.05914044084152424,0.039163189668581906,0.03991563936984588,0.04043938783126304
task_te000666,0.06883997971584653,0.06221454895666827,0.019882344805426656,0.015619143150940873,0.10220609917687323,0.03578295754310128,0.04535606358738485,0.022263106419907922,0.0199473501603358,0.01642854519536308,0.05915446573971746,0.08108943756564714,0.04251524343137421,0.016519373474655166,0.09387650811753036,0.05569774264684909,0.06812648738045163,0.10980378031491753,0.04118009703092668,0.023496725586082134
task_te000667,0.07868846354612918,0.061093402540902744,0.079752629781945,0.051721350688827494,0.05070399284542983,0.0623281365087428,0.056320460647802786,0.037250907997182885,0.015385684409506946,0.05747932882218549,0.017052194305010846,0.10628940139034804,0.01736650509330228,0.057997888780954146,0.08419601741927003,0.005643848898612626,0.03941202602431785,0.03655077530861761,0.03428881658772016,0.05047816840319125
task_te000668,0.0382219282279857,0.06185846732747305,0.05388767814135718,0.03558078448376077,0.05653482017197458,0.029506593449214902,0.05213803754425648,0.05522808976611732,0.13662657850760693,0.040997225979879696,0.050150468222404924,0.03432838580519686,0.042312221206684,0.045037297323716585,0.03258544428435675,0.02737488163035467,0.06177563879418564,0.04584074994767713,0.04998330392629465,0.05003140525950207
task_te000669,0.11340556729373971,0.001625307469557651,0.0024264357567754065,0.0021688439831819284,0.0071176537688739565,0.0036779502991879363,0.0011967567054153203,0.0020441603582094453,0.0010664710663073151,0.0016988923296515157,0.0017915970443123375,0.0063474457338609696,0.002725936370378781,0.0007468822796660706,0.0007801427708308679,0.2529365338235356,0.017997031974906843,0.5742690992264401,0.002618945288347427,0.0033583464568209807
task_te000670,0.0292664668164565,0.008472166869606052,0.00916936538055929,0.6164203528261856,0.009355044615073813,0.02357593434938276,0.009563698899071986,0.016787519385471378,0.017469634740054446,0.015376717601841101,0.07707787970163894,0.009410760980293633,0.011661745254377987,0.013837620913765095,0.02805052842095711,0.043457454044412584,0.03207917734975253,0.011036888595835159,0.002300511352803255,0.01563053190246078
task_te000671,0.06703813645864509,0.04082746968650665,0.043820131750657444,0.04633077075315886,0.028807636519885133,0.05772479220614562,0.03487143836149218,0.050528597430647214,0.02247997892205062,0.02821092085352941,0.01949478240028623,0.04582378571743344,0.1502679578491883,0.06535913151080737,0.0384405669779844,0.04439294938853556,0.027090670103209584,0.046180840158413235,0.06944237650193708,0.07286706644948665
task_te000672,0.06231692775021345,0.05662323320107144,0.03991273241582351,0.09148943376899556,0.03413406150136458,0.04851585447319214,0.03514304189457448,0.06780456736117194,0.06003256905910286,0.033976819235272,0.03337708644092642,0.04337399579289494,0.04983441644318309,0.038729179909768506,0.04173752124628339,0.048269898516448854,0.04594702987471933,0.055206839290150286,0.05782661488501915,0.05574817693982412
task_te000673,0.03478188311031188,0.003647152395934436,0.004304078839881507,0.03663313356773916,0.013497137412855156,0.015539119947451774,0.5525298186254839,0.014090755226592195,0.006062825621228998,0.004110732646223129,0.009175140551750555,0.005297241458333131,0.045175755488580334,0.002889930185360358,0.03878152536979574,0.05994509134725204,0.01585399560264984,0.11878277850515126,0.010974374032495253,0.007927530064929397
task_te000674,0.12603514155368198,0.007930893392935335,0.04418662279198346,0.006095519039070207,0.10581867949767763,0.012874582221690594,0.017420851648271334,0.01732017628054509,0.007831895643321927,0.07681566026986716,0.010717060059636003,0.022422850843687454,0.02947879946991702,0.192937252091768,0.05581290836794132,0.01065180985594136,0.03324289910982465,0.02277270210087261,0.14217747622813592,0.05745621953323108
task_te000675,0.012968996167989471,0.061069486748452695,0.015041753392486968,0.07246068594015595,0.009274903995900577,0.06928653912314589,0.08816305236174286,0.018711914650608025,0.018518424398458203,0.01414848658962459,0.25081126146134297,0.010987261372661608,0.0033058208534887694,0.007408379194852531,0.009961328570345117,0.016831530154252785,0.006632285162588732,0.009121344120614537,0.06596084753583106,0.23933569820545667
task_te000676,0.017717616951213485,0.056380757418785545,0.04088233639022359,0.03532196985949524,0.032476437548352506,0.028747510469981315,0.06803083910446901,0.05857301046668791,0.028127676180347883,0.08539927848040477,0.03856121247372556,0.08697588414480338,0.0921104532117827,0.020382914663657662,0.04939427060521531,0.035371525238423816,0.03964527999019726,0.08160558602708745,0.058916366840624526,0.045379073934521084
task_te000677,0.11607154395411254,0.002866548520417353,0.46558303737646145,0.006418449530425565,0.004454480422620854,0.26030433196257496,0.0037275092379013626,0.0010277813940279905,0.004592399810941319,0.005050669920205239,0.00658919797543796,0.004379649799984011,0.05107019274019711,0.00988164772461884,0.006516857733415711,0.006186738710464282,0.017866755122740507,0.005312616475515973,0.007635772225448144,0.014463819362488778
task_te000678,0.04792873365247652,0.051928421873966644,0.03196897455441353,0.07408765811297906,0.04135206672584186,0.042352219927829796,0.01930102184279542,0.07379636059868427,0.045643141457127334,0.04254360790263362,0.029273348680716713,0.09890904570849501,0.035612517762218604,0.029588966391087535,0.059355611372802604,0.038500019849099995,0.07075906992909138,0.057652134186214295,0.0571472653609385,0.05229981411058735
task_te000679,0.05657137379996727,0.05825074589711804,0.026190839184953626,0.09550108760411183,0.08686360812765871,0.02477253979871372,0.02985060977227361,0.03772451921809263,0.012757845316637564,0.036394972744738616,0.03102971738701334,0.0910350742186501,0.0723536949077111,0.040472623206185145,0.06195712453863218,0.04590270714168379,0.025796744654953845,0.02484015167177222,0.09076606030710123,0.05096796050203152
task_te000680,0.039065070799050354,0.05488124315911007,0.05035901784096591,0.04138822790368527,0.07453062235820505,0.023622369574858953,0.050765880666760625,0.06973101460155731,0.030642343072178578,0.03282452509002281,0.061887045849062544,0.08311377209642935,0.05943700399805725,0.065284442659499,0.06695739170696899,0.013285041590882533,0.043208772602652,0.06849544219515488,0.03645879857303825,0.03406197366186018
task_te000681,0.04377266892199359,0.08386677245660158,0.028922837125192287,0.04880557551768984,0.02960136015502889,0.08542172221724986,0.05452530411626568,0.030917360523673495,0.06040702007984145,0.03274792383433367,0.0629703237153999,0.03180861584899581,0.03978917366725082,0.038114630033345004,0.04574453585405451,0.06815667996546869,0.04627124411561036,0.04839963659081315,0.05773578015180577,0.06202083510938565
task_te000682,0.004311783751062566,0.01870551656839514,0.010947202835784695,0.007080012607104903,0.015896816566500577,0.7078656844271911,0.008013243724763527,0.0033191142586583037,0.07791790414817364,0.006372439813181939,0.003884159791309062,0.028379670814991584,0.00302815711384989,0.004106758746676319,0.029170456229205666,0.0019565785960717137,0.008822183234251409,0.0038758278372798224,0.013127911683750335,0.04321857725179772
task_te000683,0.013216576911520443,0.06523573411107123,0.03629187977898704,0.08385527856364575,0.013938923304814289,0.020862247295603494,0.020461915373937913,0.04338488550503301,0.05513159362549757,0.041978923115750556,0.07264079213749652,0.07484919377899367,0.047451820571319976,0.026448038035966494,0.02147597951260447,0.0958092195101578,0.06095906726818978,0.055546121634769595,0.10047605465535359,0.04998575530928687
task_te000684,0.0038273279940057195,0.037222957010510524,0.006156118365329598,0.0037136418054421194,0.007582184756997057,0.008719122012846492,0.00962737555099935,0.006754073888374663,0.029235484284047965,0.030685241293439146,0.003434503875781524,0.03957236571807505,0.007497808547320019,0.013651988748366376,0.07202232393964327,0.004627045527120712,0.016607307963043327,0.005720276694376472,0.6875041669196944,0.005838685104586222
task_te000685,0.029231637461487697,0.038343818006446574,0.07151191836604213,0.008587055062948325,0.006017631229883107,0.040095719389182605,0.024410521506899693,0.017872229946642792,0.023041654534564724,0.06056341298679054,0.06905879471031748,0.008495405963387534,0.02275370381427127,0.2894340451276438,0.01863831535240356,0.007541325619574272,0.013194742953554012,0.09675743929030656,0.08944790996370262,0.06500271871395069
task_te000686,0.01981566269407448,0.020867476780847077,0.036071532227918236,0.0921983138711856,0.03735062669657357,0.07306845357285913,0.08424380346245484,0.053207520883507886,0.08130629464941797,0.025918900075904746,0.03821183923461904,0.16049801705064504,0.005186199545621651,0.02790545137453048,0.01691444564343402,0.04380618747530974,0.01902246811631981,0.10272823136886079,0.05239868104408231,0.009279894231833685
task_te000687,0.008747689218768432,0.004607098882674399,0.006472081533887623,0.0016833936090595786,0.027160916548034746,0.012438492720799256,0.033268098742973796,0.0038551249161044455,0.09515908967875095,0.011485094068720943,0.01965057432867973,0.013626878179691633,0.22644047425660271,0.07809206076487758,0.03358157447712514,0.2505139187674816,0.059276027150009104,0.01898338008704542,0.031251938301723445,0.06370609376698953
task_te000688,0.05525692943441336,0.014196878050857018,0.0414721339985484,0.03032139638193725,0.09052756924925279,0.025510676737189285,0.09107726310829047,0.0649861120513534,0.022215809899308787,0.011719337117202877,0.03936786631545632,0.05460053272527262,0.026675423810948,0.01487797755671398,0.08419798384357581,0.08046078019131853,0.050606789092161555,0.06010660254474167,0.09749966820103637,0.04432226969042153
task_te000689,0.03783300661853009,0.04336011370404147,0.04604194940394936,0.044051102185201606,0.06578787647598149,0.055633462582609434,0.04444033718600563,0.055458227603988955,0.04318946442033642,0.060251546939515885,0.07615652177332767,0.04776658984794927,0.036783303460064025,0.039403206879704694,0.0588904610977512,0.06878511741907356,0.020300853151253937,0.05979428544071766,0.0505882263896575,0.04548434742034006
task_te000690,0.0496170398149576,0.02118194907214114,0.09040897621278723,0.017731551909631844,0.023781662680704474,0.04559408704518396,0.14812107340273534,0.08719652337467924,0.021133096130157614,0.008283073030362941,0.047301669372093694,0.05555395482138138,0.035403170293683485,0.02539867888928398,0.06771708241956124,0.02620961916265383,0.05236186618761239,0.024359734772066523,0.07697397164993335,0.0756712197583886
task_te000691,0.013933112459329362,0.006404208627788095,0.23520462015431276,0.007242706429838323,0.0036043147226067452,0.030378575458541713,0.011151151708863497,0.0197101397394564,0.015114460453579285,0.04208378703740025,0.011074867362972678,0.44424595414541473,0.009444794135650542,0.052592136413566706,0.01845489969689595,0.01603386463972162,0.003975662844212144,0.013003342687723065,0.027342594608484382,0.01900480667364173
task_te000692,0.14802793836507933,0.015045138851564546,0.008413855278380863,0.018066380846013367,0.05465213059950552,0.030216246160555696,0.03723766202240045,0.04925014425089488,0.11959704762724739,0.05561235573422463,0.018528978789475514,0.02346701181288674,0.1050143837048956,0.04531226610955139,0.014781365322462919,0.016701367820638628,0.06408277704470139,0.013395046296881978,0.07429502044701579,0.08830288291562353
task_te000693,0.05178558117999968,0.04756093779571651,0.05344605752532219,0.08337212673296057,0.034082838192580484,0.057556934738780895,0.029110253335246587,0.06229096992137227,0.06123757579279639,0.04649938155085074,0.044963203793193504,0.06559957570424935,0.05634377666728874,0.060508360754184004,0.038862707285888566,0.05393704954505046,0.03222210898205699,0.04335825116374526,0.026891577732243783,0.05037073160647296
task_te000694,0.0401022816881867,0.06910544638046405,0.024347202043036704,0.0443359957956585,0.014778177220136536,0.07058334689772282,0.06974853328440632,0.06788043736279535,0.017881076976745333,0.045737929902641146,0.06907919524262322,0.06193518895975901,0.06246250385165372,0.07073509606400326,0.026471302250837134,0.023790638408929633,0.020411659504318246,0.07852870444117818,0.038411710872004914,0.08367357285289911
task_te000695,0.1442814127945344,0.03174999189370683,0.044621214189323834,0.09508886690222616,0.05056276201837889,0.03640914080822789,0.006915868320687525,0.03864189860438558,0.01785608353002394,0.05791176093772845,0.016120116405473745,0.07798115725584354,0.028974192981545,0.08374665507110055,0.03156203227050659,0.021257448780736966,0.03572685027999085,0.022211848778582607,0.024502070999001313,0.13387862717799517
task_te000696,0.11215961628461421,0.06532213320752568,0.017043777968950367,0.02712612456659238,0.03131201642663148,0.046674171856197155,0.030656452748882058,0.05979794394469268,0.10691483398398575,0.056930409978320995,0.045031021512017703,0.04573023582788153,0.11477680227956384,0.02608599112878509,0.10077447423862948,0.017474523105061337,0.016481663719373485,0.01967871063965776,0.025507148256263913,0.034521948326373245
task_te000697,0.011717404428368002,0.08847033490658322,0.049849345846022755,0.08030994629287075,0.10517885529239734,0.013291070182332521,0.0345456357407944,0.029692459090337586,0.061801919893954095,0.038564060503983894,0.0498381548521391,0.03195815174545068,0.14525247450938367,0.009594768328035103,0.09683267130463369,0.019697452025409456,0.010603346184095449,0.010047113518542122,0.08768161895426312,0.025073216400403008
task_te000698,0.13377589689890046,0.0017654975514725464,0.0009015674964503384,0.3476006531737346,0.1070636838785188,0.05394412322992181,0.025637708644664737,0.005105563522379156,0.00805023564239807,0.009563622506178662,0.01680647838888012,0.006317241101335682,0.009641128412255853,0.025324804760473305,0.015082895074109851,0.019517991730676913,0.010720337754337233,0.009365515062282247,0.08109265742579345,0.112722397745236
task_te000699,0.039487898693550946,0.0717206512560393,0.011368791856795851,0.005375698124051703,0.013595886726060982,0.10384686297617081,0.10599010596875742,0.009760429091291925,0.0778959916586925,0.025479895296312567,0.05858735776076199,0.07331837145974539,0.05640027904661882,0.05323643900935366,0.08208340313967373,0.04387364530825886,0.03713570077738015,0.061774204638932975,0.00841526878317534,0.060653118428375244
task_te000700,0.013843553211636094,0.013903464840564862,0.01141829732881472,0.2142088225432038,0.019470749655757198,0.00927410458793784,0.13643784439173587,0.009204672088415026,0.011023949415758214,0.016285368087278127,0.01771178256800629,0.10623838294628765,0.16341133822384363,0.1119589931659407,0.00808935022138979,0.017183351564321055,0.004816464956381197,0.019940957837677603,0.082062345150327,0.013516207214723379
task_te000701,0.021341666794984504,0.0425316914629185,0.03944474228799427,0.06753563325013057,0.053211017224726494,0.02196934751115752,0.0636622139856763,0.00983682388335348,0.08897468209384601,0.05206911890582723,0.054626785909134855,0.08086420311141747,0.027786213879611603,0.0447202055667288,0.0559111085231142,0.0686559029268731,0.04588006099893303,0.03509994254243632,0.08518226267163985,0.040696376469495865
task_te000702,0.014168525483189335,0.026121791546845588,0.016327572079517908,0.025842023641716935,0.014035498751746506,0.004521500126471427,0.03701541907443984,0.004832250021067313,0.0255630950753517,0.002088038914427118,0.003948165221650977,0.012891180665645641,0.015600281309413077,0.1785366791283717,0.026562650134168496,0.16669759020700015,0.10717286271928814,0.23189708316748994,0.03773982395604873,0.04843796877614938
task_te000703,0.05593991276933822,0.01235130601554303,0.042869898190218074,0.028723346366803224,0.010877933056822952,0.19451945538009777,0.062038462879783915,0.014955989704693551,0.014575469362633011,0.0052624186373870984,0.0523234839015007,0.33532576788772606,0.012357045278000444,0.010900093474791275,0.03111278782567758,0.058298747591500534,0.01458563885846612,0.013774550506488958,0.016351313291061965,0.012856379021465388
task_te000704,0.047320608055943,0.06108948675136462,0.11650945365204848,0.06209805399230698,0.08862363966156218,0.004126266026798566,0.010686141796273979,0.007647703641703802,0.010820141542306594,0.08700985728631624,0.07250160799125249,0.054181563795688406,0.031948538157421776,0.008056539346733529,0.058924031062607976,0.06437328880863519,0.03870987469799667,0.05500958931512903,0.033478295981916616,0.08688531843599381
task_te000705,0.0067286728110730045,0.020506740528761835,0.005256452500850385,0.005839685450768644,0.04092404597270398,0.07976523083892825,0.08119718742461948,0.01445677688933706,0.019277812900462776,0.03843281262802573,0.008478411629949093,0.022060536782177405,0.039049669554287965,0.061598265209272536,0.03591657508235304,0.020520505747174796,0.20888146374469382,0.04953694125429274,0.21014941190860936,0.03142280114165809
task_te000706,0.002868373860659434,0.3232524848603423,0.02339459621479112,0.003510396252512522,0.38297805614832126,0.0023426087672915397,0.08873328332364835,0.0016301878032619881,0.002627661526581111,0.014576198946628384,0.041201034396271076,0.006503488018579333,0.004251730875584425,0.03319956184325279,0.02173593942252802,0.02202103927691912,0.010686523067007936,0.004529802604271094,0.009793697021774624,0.00016333576977375363
task_te000707,0.025619387501562025,0.01292918511785181,0.08472502407646594,0.009688909338637957,0.026047316082728388,0.002515211892401593,0.0991771707059633,0.05995545435142734,0.004495435481041143,0.007012049707609996,0.008725415586384745,0.06665583315675125,0.027512929788829604,0.09417650880794025,0.043962749754222825,0.062398595688119694,0.32801209096796013,0.012859753675089458,0.013502772533910004,0.01002820578510261
task_te000708,0.058630696747094806,0.05026422007582086,0.07954916982070608,0.011051776648196414,0.14382340449175704,0.0645750652392733,0.01588626450501523,0.01662997519564485,0.015143419536121035,0.010392499909049314,0.11824267050882217,0.06122799630231408,0.020750092097735567,0.022040690386706013,0.014303909140415043,0.19763202946261124,0.021318888370981354,0.05542403394115822,0.013155220244790605,0.009957977375786705
task_te000709,0.01467307928351409,0.8322464919499253,0.040779176225595785,0.005291577495127698,0.010105633840724545,0.009158998498845002,0.004721585712364315,0.00314080932304697,0.009848298219742124,0.00018587260191353484,0.01775533902924169,0.006542156703289975,0.0024503540390907086,0.008404622690369378,0.0006403637351313876,0.003304764600654754,0.0004381398144834289,0.006287955106710063,0.007145868717408329,0.016878912412821037
task_te000710,0.0881483138547115,0.041726894624762256,0.027634806393653687,0.23227697612640003,0.08504027413804331,0.028734289904314262,0.024788164268161043,0.04027638909654006,0.08424854876605894,0.032486599043917444,0.025845311846245403,0.026838849457468634,0.01654906121628804,0.051554048880664304,0.021749224382487106,0.03311174324839232,0.05505264698368067,0.016149021686111688,0.02330447058964223,0.04448436549245708
task_te000711,0.04558141743671719,0.04901212998425907,0.04302086697602858,0.04508901236025132,0.041597890530948624,0.044055211033518,0.03073368140682284,0.043530786468579684,0.05022878420877066,0.07789670353228466,0.04580641312256422,0.07846176538820586,0.06056570750798291,0.05863714396248664,0.03603351184103203,0.05218295179584665,0.045446478814361015,0.03889805532865361,0.07044069991606348,0.04278078838462282
task_te000712,0.07537161120207675,0.14387431546048324,0.06257252249905113,0.017629564102040703,0.12018259120148632,0.024549447937527658,0.023129947169542062,0.020306595530024698,0.02243887346255776,0.027205368815832714,0.09128863910078165,0.039630933036076475,0.05550021573420813,0.04772540342589343,0.028075623620536474,0.02444115683148626,0.04626574106400615,0.04736850912460699,0.04236178626198729,0.04008115441979419
task_te000713,0.05654836306902609,0.005859896266103672,0.04101749191505133,0.001456425315952865,0.0032677451405719133,0.007871243358806252,0.018790966253472468,0.0031396556515687003,0.02099717726810144,0.16134272527834284,0.003900824187164598,0.3296487494069256,0.006233261058603695,0.005407726960200077,0.01481995704021045,0.06508298601192188,0.019877019243917434,0.001284218380070381,0.22957852735600798,0.003875040837980461
task_te000714,0.024546371576860477,0.038009792989111835,0.024954229160185526,0.005560772880031617,0.05687323813905945,0.02254337499326185,0.05833902543315308,0.028895521703944112,0.014203491076606073,0.1917424809767759,0.03491116572495788,0.08875185272113335,0.022962803261495055,0.18178887089185064,0.014995216054935905,0.05934419193120821,0.035224163249594896,0.009923809928404992,0.05188387751930446,0.034545749788124705
task_te000715,0.06173889442496251,0.05913003293877312,0.027608472878949155,0.0292017053429522,0.029526019952816274,0.055677079799471736,0.05328283845238692,0.05729440160807662,0.026408524801158673,0.058361562264162295,0.05409460037334528,0.06602839972813888,0.05169891633007649,0.04868646043791117,0.07377579790824004,0.01598630397772725,0.04301837460514506,0.02820538373469154,0.04752156603455743,0.11275466440645741
task_te000716,0.16956956759262207,0.007840605393779556,0.03311984932265009,0.02825926924461752,0.014286213785563802,0.04305486431571836,0.012787949521263813,0.010670597576770373,0.3333256443763125,0.00894227489340454,0.016500752200953327,0.02141895608761238,0.07012856727050633,0.003943733070654909,0.17663882975880735,0.000628292866212091,0.01526383351899544,0.006218033331464454,0.005686577472884033,0.021715588399207234
task_te000717,0.018163534346581096,0.2433151125992937,0.020629878818688833,0.03146121671459978,0.015235404446546877,0.1453457233850852,0.004058324995039204,0.04898860763484744,0.08710333504937309,0.03013811971472573,0.009459620734900956,0.04305499640679493,0.1405095365237266,0.027302551205300965,0.08221589599492417,0.0052038271537585895,0.002625036762489598,0.026951987474603124,0.007347185112036257,0.010890104926683897
task_te000718,0.003253107395019426,0.0014928903033320944,0.0032583051585531914,0.01651711639850139,0.004935539348516201,0.04221570398587133,0.006389423341408798,0.26269919833164235,0.3349926320578237,0.0010754829344399744,0.004776917099568177,0.001317865732941921,0.19670039101625633,0.0025625911983092105,0.0019630133826888515,0.0028060604103755495,0.0022158693076337545,0.0027592746519051314,0.10575928794904825,0.002309329996164281
task_te000719,0.017485299441098785,0.04070970491736365,0.054402419657093117,0.021270298520942626,0.007347963438403065,0.04847371708116068,0.024475822289299384,0.015459687720948462,0.046554046403041345,0.02078432767474802,0.010436360255881018,0.043676962045526305,0.0347796177353634,0.02218041860207111,0.1688448710860472,0.11112722213214105,0.18255294790523377,0.060125698639714065,0.012107069022785357,0.05720554543113768
task_te000720,0.04885771021846008,0.03128215977111813,0.03644431876810737,0.021661025812291755,0.05215841737107843,0.04884643025380658,0.05493839754160636,0.06749996353432246,0.027692069880106834,0.08782858861213125,0.05515159538231029,0.02426866586743105,0.05836102862555427,0.035714919752702176,0.07501621717365606,0.042009181578071965,0.0868972395884732,0.10145818075415096,0.012397499514410359,0.031516390000210406
task_te000721,0.029132297221765434,0.05002376036316103,0.06891675183771077,0.02835953475943755,0.053584064856400666,0.11976311534148255,0.03810729755571469,0.055986569757731204,0.02016143425159949,0.051016363681613316,0.010079800884100194,0.021061568191007705,0.06110267796831912,0.08304119610380066,0.034914646043844165,0.03507025926192083,0.08737910496535886,0.06956618700950434,0.05997742444013407,0.022755945505393265
task_te000722,0.09283853658283935,0.053837945919652096,0.023487290910083614,0.032110803874481314,0.06299784470091911,0.08851945351918236,0.033930789840335866,0.058899042286956756,0.02990342224555399,0.04694086008402912,0.0321119097638703,0.02228649460314823,0.0400506711875976,0.015946239129794346,0.0869904622959719,0.03210847167798581,0.07222827593211804,0.10812830064057294,0.010792573636269835,0.05589061116863747
task_te000723,0.09888434266993379,0.02433771673087745,0.09235020397006993,0.17546691537183157,0.015168839206407696,0.09228177565039349,0.04520782119856086,0.020303483626598347,0.008532488063074776,0.023182125489256005,0.009137294718069849,0.0746765040090513,0.008187478405109952,0.062067357254338526,0.030282319215627948,0.022910506545802945,0.00779837755612275,0.04602493355790868,0.05485151131585518,0.08834800544510893
task_te000724,0.03889035720420968,0.12434722683805881,0.0396394188490726,0.002596105982007372,0.006789674236176466,0.022089425628875947,0.021178986309369176,0.018004738404449893,0.032233704325412824,0.034726383130662,0.06351117487176715,0.007886835855531134,0.02299756908604228,0.02602265552578005,0.04736875880603776,0.1411225817694572,0.2407431922399712,0.0140354133728511,0.026484704561580818,0.06933109300268663
task_te000725,0.04585121929782701,0.08501388269905302,0.0510369025853488,0.04615960195169367,0.03155548892258166,0.03462672755615979,0.0546996178013829,0.0509660494760131,0.03617133846988532,0.03735213007062978,0.05778149209394148,0.040105306255088465,0.033308196004130146,0.09305906177698554,0.032926639961524354,0.03722635843381084,0.0952142382084196,0.04674586618269606,0.04211241347871825,0.04808746877411014
task_te000726,0.03265519039203131,0.03928727896242381,0.04297578424468654,0.04822858677953709,0.055351488385060134,0.062089455805384164,0.05289285313127004,0.034428568141947835,0.03782051031324732,0.07349575826631959,0.0735863741524197,0.043803795376347154,0.03519084346519441,0.07169922823004636,0.07372675366362837,0.056890896293495745,0.035295734313657796,0.053963159842015516,0.03391487913696732,0.04270286110431986
task_te000727,0.04745743709335565,0.02080142078326291,0.06491020746041758,0.07011755690020251,0.016974995157019366,0.06859108639845375,0.0405117015132271,0.07687151555239062,0.056139825950904255,0.06555166493313684,0.027236292595170058,0.0677998662645125,0.04395289973971674,0.05313191484908496,0.020359283791818145,0.06958986537176036,0.07683673204064206,0.06971783810863692,0.02289883261478078,0.020549062881506867
task_te000728,0.060420227905096664,0.08166474080409128,0.08587113169728426,0.103851960210175,0.023664832181723747,0.012770337830289892,0.020130866780273125,0.054726805653605985,0.11199412465112772,0.033906435181411426,0.07077736165666519,0.06977804689187438,0.07641326644968148,0.028680219586598315,0.08112858760997305,0.019933323229029378,0.0092524335911122,0.014372069210081323,0.007922777531460312,0.032740451348445346
task_te000729,0.041751226255204166,0.04936042019941111,0.018367492708792173,0.01731513455897954,0.01859677116673268,0.03423740463650393,0.01649386859036852,0.01404844438435801,0.19362883195238734,0.018804540654946276,0.01357692900351266,0.01672407215659517,0.01991558629373125,0.1561353367308491,0.018939011382558046,0.019385623733815166,0.023392166007264112,0.03011881526768112,0.26117229099804185,0.01803603331826783
task_te000730,0.08173474866313296,0.029117682905972192,0.07419790834452877,0.07484749093660233,0.0698265681648327,0.018189869836467393,0.04612894903377726,0.035147058464189286,0.05199096958656223,0.07831755482582183,0.05402829022947805,0.01936855485474364,0.06972560422509272,0.0988951724934674,0.019425463543094882,0.022319097662296908,0.09095533253741145,0.008929866788284896,0.01592958621281163,0.04092423069143141
task_te000731,0.010876218026511312,0.06198194855868339,0.0918843556232308,0.014950484960434345,0.013880467921148243,0.0682277350809067,0.02016745102781853,0.08691432925225401,0.023889941883584707,0.05623754867415025,0.05440825352617445,0.060060864712558,0.05760777835171071,0.013822254351398618,0.20004381962253256,0.014506523258524051,0.023714630443535813,0.017082665478428447,0.017476086305638794,0.09226664294077616
task_te000732,0.0008778112201816199,0.17647384407986783,0.007642202061658333,0.005959027381757541,0.08845796602198411,0.12702468058716665,0.0008286807542151004,0.005344373863243773,0.0014699401731716182,0.08733031198657057,0.12304780791208976,0.0015398638172729726,0.0706717922175904,0.0010577618359497744,0.014277988345638157,0.011297994855717154,0.11124761790269229,0.1024300647879955,0.05276575249420056,0.010254517701036144
task_te000733,0.0120719412427077,0.013357711304908666,0.010143995946071993,0.006560812251283997,0.0112754282522736,0.007677974881596851,0.04947335484762437,0.017509901626822907,0.007069733951616804,0.015002569393398796,0.09623699726933577,0.005923370465316218,0.027026839078339374,0.014772874336150888,0.14696339481765838,0.01609899612132682,0.30174415505570046,0.005298427507976603,0.1116506117331134,0.12414090991677652
task_te000734,0.014409399839653234,0.06820860187338698,0.06563973121269481,0.14222031804509017,0.06656933775049453,0.02186371411496253,0.037685806467256625,0.15966206145576206,0.0450658527457964,0.011044966932179552,0.017796803236307234,0.012605798037358692,0.029032041917186086,0.03709767338938331,0.03448695431170351,0.02069497112392867,0.08906155518482828,0.03867090595824393,0.02758174517657554,0.06060176122720794
task_te000735,0.04877752414396193,0.04628877315026536,0.04990691078032712,0.045513407908531825,0.04941986813802463,0.06467206157006054,0.04552071395156514,0.0505082710808123,0.02950644475329827,0.03736734552083641,0.04049857315652368,0.04551191009724252,0.09375495337059772,0.04095350501225691,0.02657645624587247,0.053114778131978534,0.06283772711152705,0.027739799298637825,0.11331297820872002,0.028217998368959846
task_te000736,0.04614747391782787,0.07279754736716704,0.03998217700926392,0.019140142189490787,0.06093813857517907,0.04477176904373219,0.059576295759509075,0.07019150902494199,0.04378471802298062,0.06528634609976185,0.05532701969904867,0.047191697273055076,0.05140242599123655,0.04487752019993265,0.06355479798388038,0.031488859179315654,0.031704662190719005,0.04136968248830834,0.03799943457482453,0.0724677834098247
task_te000737,0.03277585687460487,0.025360652574489332,0.1010247606576619,0.019079208322158352,0.025658719474825176,0.035572438355286014,0.06869925838427476,0.12774256694501537,0.08774879939655132,0.04679564996924648,0.02377138762835176,0.015271699067837055,0.092672933287196,0.03619846785807845,0.026489053083421803,0.014599319021802972,0.06691432792036786,0.03423466773823394,0.029444275195254558,0.08994595824534189
task_te000738,0.0037812197916410983,0.011821221137585798,0.22769712695249072,0.0003083672175866622,0.000863209060996649,0.006042591351524441,0.0006483099170774937,0.5930610575062845,0.0002560456379568035,0.0003022320374325199,0.013285278361422919,0.030308736311651232,0.0022524638360145754,0.0005339988887205852,0.0037469387809272946,0.0033357998012857517,0.09831722692901908,0.0003632400619235879,0.0015990799894801669,0.001475856428978244
task_te000739,0.008153218860909552,0.044405658479208625,0.004036850183257252,0.002733592373817019,0.008572728995097631,0.01659251756120688,0.004115569911294124,0.002568437946698566,0.5703920470293129,0.0012676402301118853,0.057993979291773315,0.05896201670440082,0.11650034209458152,0.004069606238048551,0.022584945407518747,0.0021803752556590777,0.0494206422615228,0.009510980685523756,0.001729277244378797,0.01420957324567832
task_te000740,0.07726711688939138,0.1135530021247551,0.12557529541636345,0.0387889656636163,0.042500638264697424,0.00852971252756681,0.020864551761943764,0.05321194856676804,0.02194246318810885,0.04908002139255196,0.05493567183943207,0.01833723298834902,0.015446367437591282,0.05829059431644589,0.022334675503189162,0.08096182488916966,0.033063004777622244,0.018235398129570084,0.09232272525265516,0.054758789070212435
task_te000741,0.029843809581886194,0.08738406586810885,0.010940840599098816,0.043034666586011024,0.05186326137016447,0.10591395062312924,0.14472194849149184,0.012596370893608023,0.14168782046051923,0.0171528393297994,0.08734227779616024,0.021435763787015234,0.014761552084601197,0.026257221331921824,0.019400120834589214,0.01986038454017655,0.02125690691029889,0.060738186052243695,0.060096040766695204,0.023711972092481003
task_te000742,0.05773334464237055,0.04451312591704546,0.13764599766109983,0.07452538999863952,0.06093647169255257,0.02459550819500872,0.08027361587381146,0.0708725027869659,0.006350666366992554,0.019125452210739004,0.0049261261099522126,0.03656945988296128,0.02414016730735378,0.04540505792352612,0.062403457818904516,0.02737074468893076,0.0247631488711028,0.01324464601179984,0.06883058752844372,0.11577452851179931
task_te000743,0.0204458901235224,0.011535220228740341,0.02245229859646589,0.017632724053588563,0.04880052586710542,0.05449704463887967,0.002003852296217229,0.2284539393105466,0.03650359382687976,0.013807049201609996,0.008270177990776981,0.0223213153996278,0.003484294430573379,0.021188749286872807,0.030086761250853713,0.0053121386827428025,0.10766208418929463,0.13656394277958556,0.20173988652805777,0.007238511318058758
task_te000744,0.16289447767699797,0.06746070547564463,0.03452674074960716,0.013222842406687104,0.030219270492034492,0.08976317119199681,0.011506695576356722,0.12639911405979706,0.02739678548991488,0.027067974891406103,0.08761223503762436,0.03630163846024691,0.010457428567741562,0.008144153169122929,0.006184250234754848,0.16721337370973316,0.015147197994854185,0.039570737405671554,0.023264560080028467,0.01564664732977932
task_te000745,0.03265421475298584,0.04685483774195623,0.06039784713017817,0.07875692753901524,0.04060377886512687,0.06544189268355322,0.06073998766285697,0.03839022197672091,0.055394152400412525,0.051030172834190715,0.055376908359763694,0.04548158821262348,0.043649259213141375,0.04618916163629657,0.05346679847590906,0.04026842980334739,0.0676488932964767,0.04386856028216826,0.03350264478808201,0.04028372234519493
task_te000746,0.006593020233420813,0.06247010006855568,0.08835494128706073,0.0021783571409684263,0.005372685982349789,0.1427736481422887,0.016806602118449452,0.01589327686086202,0.02582340680216909,0.2674789183499819,0.011681202038974846,0.07993315507084679,0.04998523113572355,0.011681513130087405,0.003827380164809188,0.030617022158162328,0.11089784993333743,0.008903964529947985,0.008812215825790934,0.04991550902621296
task_te000747,0.040868594536981724,0.08068722443913375,0.06057537128299135,0.09442010168471136,0.059522925515703214,0.07573922489864703,0.057210538980639644,0.03524973890216953,0.037532934502176214,0.05668020703989063,0.06975935992542957,0.01578120125191522,0.046150277739435135,0.026346992375621988,0.06018284293094182,0.03616352384408765,0.03714600444930345,0.042512677326190684,0.01871747488978633,0.0487527834842436
task_te000748,0.07760681462544534,0.05894037058966534,0.01138679598164609,0.08225806819420631,0.1360590455019205,0.0918548623677756,0.04293478942276145,0.016989422981567397,0.012518678936109444,0.009504656696798121,0.053622292782630386,0.11169145434530055,0.020859104486247115,0.0029989211440659474,0.10488109535969062,0.006703026865002738,0.06406658954806718,0.009882259222147428,0.0015612792987139705,0.08368047165023841
task_te000749,0.013988096519606395,0.13383208735656998,0.017795990152302883,0.1017434271140332,0.5043930475650827,0.011432619664697802,0.009458987805139778,0.0027481399646266174,0.01441137538535298,0.009691530298820325,0.013666978148733189,0.014982362597475266,0.0075908358593660625,0.00465850950558834,0.005019695848416754,0.00468997413987813,0.009996312265222466,0.024112130683431578,0.019562174649084014,0.07622572447657155
task_te000750,0.04704029693016199,0.032148642924849015,0.050242469789985485,0.05063029668998787,0.04138135659904278,0.04865382121718834,0.03724155968839937,0.03852141350796556,0.03673647507494677,0.05332630121203332,0.07946740933789209,0.03989355398113859,0.037991517265964905,0.09110308045224974,0.07994317982304436,0.06302243098637467,0.03917922516395916,0.04379247410497768,0.03733390410580667,0.0523505911440318
task_te000751,0.10570047173129417,0.025483299880223055,0.08085092539546081,0.03906527102269502,0.0713708869947987,0.0900278816028167,0.012247229015776122,0.05229401187431784,0.04531958153025914,0.053647478614450635,0.020021164350564592,0.030928472070085512,0.06406552608353762,0.05717350586347131,0.022282429790599554,0.04061094286837831,0.04281165387279087,0.038662098547539284,0.07967077807007487,0.027766390820865943
task_te000752,0.010978181617425966,0.0049950160248908295,0.051144775033804706,0.014998638529184162,0.021052636780731333,0.2616604220682045,0.15683655446493275,0.011578254564933724,0.007545780805615235,0.019016482587181967,0.10599057896115492,0.02164213410789715,0.031884788090243456,0.029698667194967908,0.013591415385799154,0.16438129307170177,0.018253360483217337,0.007694578299972729,0.02284011168148138,0.024216330246659055
task_te000753,0.047806156160700525,0.2797564672257927,0.0038764329940024034,0.0026616019522652033,0.021232761446214655,0.006393652389829783,0.009571564291294458,0.019385401096150705,0.004750392330824958,0.001608953538518275,0.20699393628655965,0.006017908219792677,0.01232561904449792,0.018132529917374452,0.011055894436371318,0.02664779564837552,0.009858983281526892,0.30251260594871415,0.0047984635348434345,0.00461288025635028
task_te000754,0.05513512142379309,0.06625143251024572,0.051118045324100324,0.03919667184304337,0.05163646650001729,0.045952697152819064,0.052095789447813894,0.028900855305624473,0.06127382882353153,0.05536327822452992,0.039511400740975484,0.026926741808617597,0.07915270463611938,0.031221271880863592,0.06963916255704108,0.040878641700289556,0.05227420540269769,0.037799485424668544,0.07887729790191651,0.036794901391291955
task_te000755,0.04242015349697482,0.05896831984388597,0.04269146852503865,0.05233527550428928,0.05167209604938509,0.049152785151168395,0.05115098984713109,0.048858307568852316,0.03461314528571481,0.0680195821966475,0.03881018622070461,0.050002898181967674,0.052558712891143826,0.04114809861202409,0.04968672329281165,0.05269313115109135,0.04090864051748712,0.09635003793726002,0.044645441653537,0.03331400607288477
task_te000756,0.038247356262484856,0.01002053944520134,0.005379925916424354,0.1649077857147272,0.054995537742164334,0.020105606669088755,0.00095785586318573,0.00750149163860285,0.025369524262984895,0.004445072048216228,0.0676328910857416,0.00416007075374682,0.01244645048947413,0.05078223497023368,0.3587751638276046,0.04335894913777217,0.0027621871875732036,0.049924394675443226,0.07728645855453692,0.0009405037547932851
task_te000757,0.03384582970443511,0.046551441615204074,0.03786634187215649,0.04649832084717311,0.05456776608604439,0.031443427387285706,0.059652908675578147,0.08712060877785187,0.021339847786895596,0.018953144251573965,0.01617721195057507,0.05886984656860704,0.06599990449467451,0.04029377080555917,0.08914263072567004,0.05420841993551467,0.08849025018213441,0.036580846134565186,0.0551732440752394,0.05722423812326219
task_te000758,0.023065773502774285,0.025434056725108817,0.07529363266314426,0.05992463445104265,0.030228972630170835,0.042254741540027715,0.03415960389426065,0.10107991492437543,0.022849010741002942,0.0367655404928604,0.031689744972187656,0.0054953960452173625,0.10405803981208012,0.031016677401354373,0.15442732312409063,0.0016379303167237146,0.06121725308409032,0.012456448360369451,0.1446641486555211,0.002281156663597329
task_te000759,0.008795126107623123,0.014652177267920211,0.012323752939009067,0.011169436185544696,0.014744497195477537,0.012884452695854422,0.009851379189369782,0.01392642422481662,0.025328722819355016,0.7435017346719388,0.018406555803405958,0.012963463392071276,0.01347163843133085,0.009787128742151078,0.012983197845972936,0.015631052307323885,0.018517197452537604,0.009175333090676379,0.009904558243868369,0.011982171393752454
task_te000760,0.05461793100979989,0.046864604216101315,0.044672644386545585,0.035307099177353536,0.05441322395556906,0.03627886223081071,0.054444404243082334,0.06176612164579922,0.039001697231065745,0.03444824844549941,0.08142962603825134,0.04095811473536652,0.027208213049832196,0.05222745670390871,0.043867000646386684,0.03829076322206422,0.03912607053668167,0.1129747675271344,0.0446298977716638,0.05747325322708365
task_te000761,0.10602624009797088,0.023467209961250474,0.02088069698080102,0.01517416181521754,0.004919328360313505,0.03702157214791708,0.1365998804484907,0.06197183634335157,0.012092628706837681,0.02413476490202327,0.028534443100317188,0.01218703250022695,0.21047836399820802,0.06596875765469039,0.07009482289489682,0.029583317614560872,0.0310762234095784,0.036790071652134736,0.04909590834704182,0.023902739064171175
task_te000762,0.0551914443660157,0.06521446546170005,0.07838946602095659,0.04426681166300903,0.030743738609141598,0.06504982142243892,0.04916898459091994,0.014510797740380272,0.05591044820330571,0.0182345821407034,0.04183659725488999,0.042636433652867275,0.0630450869060004,0.05162901563810295,0.07389421044513382,0.03675870688972094,0.05762522504790571,0.028617361925202187,0.03390759649464344,0.09336920552696214
task_te000763,0.060379964171939436,0.048854791562179825,0.01923817424523671,0.043111516796105864,0.05324727000620777,0.05281162363547465,0.026850874757647924,0.043187350463316274,0.0292654575786138,0.040785397750277126,0.05621510979868691,0.051815132058561836,0.060200235383210794,0.04793731698898605,0.05523916340498502,0.04112774276951603,0.10699463058249102,0.043967337761407536,0.03954263088548176,0.07922827939967372
task_te000764,0.029504215070393226,0.012174733612367901,0.03202101740228621,0.02119221173649046,0.013058783207343687,0.14276893786603934,0.020784389878847512,0.004061420066005268,0.02225863034966417,0.004920523017055263,0.03672509466370908,0.15481241333418025,0.008306625693245934,0.00499146882803315,0.019622304835832542,0.1670702348417503,0.10060416682117253,0.05274352035826947,0.003204139579049797,0.14917516883826393
task_te000765,0.040753831546700994,0.02089289194347142,0.025807479115822395,0.009074096466258902,0.03948613779383057,0.054029666576220096,0.06550937257505986,0.026470843534718104,0.05079456064430938,0.1613046919204429,0.039294978795976446,0.01475976642072228,0.07046368777778415,0.035618715314323174,0.014874857116389303,0.17421765242082754,0.030217073969834092,0.015690102632626088,0.08144612473305185,0.02929346870163068
task_te000766,0.4650465057671426,0.012649713057293292,0.04980222453116392,0.026142798994757625,0.009947497358217849,0.0984274533122734,0.014382691825065406,0.016356248850338397,0.010986528822963793,0.010766254847578519,0.019526423885319614,0.13428974357230358,0.003349361047068002,0.011518528960143605,0.025566304409962475,0.022076584853015356,0.02694222164461777,0.018484141667392266,0.015458996200103202,0.008279776393279337
task_te000767,0.1441948610388765,0.018560822286536466,0.04620886424770435,0.03629357443637046,0.053867660911857324,0.014242076330688415,0.04590027606976408,0.06365163463132925,0.053313654484572905,0.050165668719240525,0.02388299704539062,0.019309792461284257,0.16028613804498257,0.029788693314484197,0.05413769846069652,0.07890608893445776,0.03438819860575594,0.014029770579597622,0.030833420488156658,0.028038108908253624
task_te000768,0.07432106706251074,0.008063909653593796,0.011701594646052858,0.017628297295058066,0.055246210012486155,0.31557846153683655,0.015305760568758174,0.0022296010621218774,0.019463250907710304,0.01621229731968785,0.014069824843573176,0.011702640755073955,0.13243826821663793,0.0032713444020383148,0.013183561936209794,0.12581066278146777,0.03357652182434888,0.03225905248087907,0.00868120759963687,0.08925646509531789
task_te000769,0.05820462775542682,0.009855543609253543,0.01527307256111436,0.01957057358468335,0.0303773268956589,0.07997752094455524,0.06771874613276647,0.05184580642242028,0.1156258853535097,0.022737088797689386,0.037101039640136016,0.09111435499614179,0.04429859084027597,0.018450582046246396,0.04606726587522345,0.09553196282133027,0.04082513006838007,0.045420077406355425,0.03107644288348167,0.07892836136535096
task_te000770,0.09459082352925335,0.06946410193923946,0.040066257459953514,0.05806331814963993,0.01855768265157488,0.04269664823844387,0.02555842652615725,0.025743080057496863,0.04798929040474586,0.14660225562258522,0.029573488435948595,0.025050733388454764,0.027582058764629318,0.06660830866569041,0.07658337205648516,0.06243847801999655,0.07477811814739596,0.0181596596030655,0.029044971348091534,0.02084892699115195
task_te000771,0.01848663270622946,0.006878967924945627,0.016590008473566387,0.13731557936846506,0.014904834818990098,0.014593626704328283,0.1691568486096524,0.01815087722735405,0.15854526593419394,0.02027380866900451,0.010434051220196104,0.0194981660053674,0.010749989320305796,0.1606867113979123,0.01737129305811234,0.008920444220184525,0.011796330133156079,0.01458592356912085,0.012725350370946601,0.15833529026796825
task_te000772,0.05184017827494835,0.013449238238507417,0.032045536711393714,0.05436073890700486,0.04229303968608312,0.04043249911234189,0.044460010127379504,0.04606345072791547,0.046769017401721444,0.034276552673861566,0.04829986844578428,0.058884036351853505,0.09522704432785646,0.0357890980508997,0.05777296417703536,0.06294180826933468,0.05931954249972073,0.05530228873070422,0.04984014793121623,0.07063293935443764
task_te000773,0.012197812915048427,0.0601646020222004,0.023521087119329362,0.06231100258983407,0.03617595027119386,0.012745709661665385,0.02250221520683805,0.012907773531086795,0.07006027640340914,0.020583148456003928,0.019064859917924636,0.01733650236542106,0.16027127107699304,0.1324713334729875,0.02229601911605547,0.0688054584430739,0.0627667760706192,0.12346603635834497,0.04750873947294055,0.0128434255290303
task_te000774,0.025286338552745292,0.05606796202286091,0.05539122532572696,0.00883004273691664,0.0690912462594166,0.06853558708422312,0.04453614925912258,0.04527756337342679,0.12180249916529864,0.0231606946328457,0.07812784347995656,0.08294364114135609,0.01849170074313985,0.06312954056308344,0.020086882473312452,0.05671332566169496,0.015900255809816296,0.06388196841521507,0.041656558594989596,0.04108897470485239
task_te000775,0.003304915742906754,0.20222082937625332,0.00649969957802885,0.013612176369275395,0.0566529620796638,0.021446794024863783,0.009619545211235068,0.002539935472209681,0.0025223580393485545,0.003648746471993486,0.002827538736214054,0.09402094301447353,0.10568378334580945,0.008875133417873923,0.0022160929555607996,0.004902547821954028,0.0034636473814062887,0.007770394585013781,0.1769081387104115,0.27126381766550395
task_te000776,0.05100225376838714,0.030782637868917773,0.04788307523276857,0.05960592433286458,0.056999847069923684,0.07723014131779547,0.04292709404376133,0.06018835309973827,0.05114464343006071,0.02842767367622276,0.08560125101827214,0.07467620051603074,0.07470635991954536,0.05348828111788793,0.02719238125248701,0.04152049940992106,0.02575237395850634,0.04078539389086898,0.027658160631110464,0.04242745444492972
task_te000777,0.05759018080003778,0.07278806225194372,0.019634892716612312,0.01660066531251014,0.11234614799307628,0.09343593053691805,0.020449976449328545,0.021353956353182928,0.0691257872983623,0.04532110515675247,0.026616770344338007,0.03217582585919582,0.09747705233079489,0.018786079528019684,0.022358524879970473,0.03645713540399469,0.024135619867701522,0.020751799995996252,0.07051755637183986,0.12207693054942413
task_te000778,0.04901768219725335,0.029632095937782682,0.03471863393642116,0.09545535003328795,0.06741730406413453,0.035407723131514426,0.054644318635412095,0.05070913404833065,0.04531080958631484,0.02850972905422401,0.044664926351941144,0.08159744881772082,0.020093072884856747,0.06627984538259542,0.047312629158128255,0.03851944237629148,0.03408460208298953,0.05640032412684653,0.027443919399888432,0.09278100879406571
task_te000779,0.04080840804312542,0.028739867049732876,0.03485283293311804,0.0752516425987512,0.05603668529366882,0.055000241436755415,0.07453102045673243,0.04821233346081778,0.045625380318016454,0.05693055427485704,0.02687253734270418,0.05463575235987686,0.051933657506671976,0.04143949088095244,0.0714241717708394,0.04879821133635283,0.0464691091337059,0.043987424250425046,0.052382505806962756,0.04606817374593298
task_te000780,0.06085137819763671,0.0554986327768272,0.03614058480590304,0.0559926633840546,0.04430601988728287,0.0483924154190875,0.05547859107018316,0.042811218501072196,0.048881352025892805,0.04186775527089224,0.04356347332546924,0.0622177811856319,0.04795127896573787,0.0876724191942747,0.03896992877990751,0.05199093134672063,0.04580593250596612,0.04978367521368488,0.04531798908987655,0.03650597905389835
task_te000781,0.05310023801727873,0.10997053026702674,0.046606521006843385,0.03850209477474819,0.02212034927559984,0.02326184399124211,0.042591852847940606,0.056163226756163115,0.022707308420409064,0.022000909589928726,0.034995949992247595,0.08191300418808947,0.03151781740045781,0.027904446140254488,0.06757420961970428,0.06787598684317318,0.049834613780796594,0.09346352859521147,0.09407428459964959,0.013821283893234986
task_te000782,0.1282317747558507,0.04776736021778825,0.04175320305522754,0.06275337547836916,0.07617426203344356,0.0680974182288802,0.03836789804763678,0.023588890156947047,0.07485843521068734,0.04454355291559865,0.028887150258540637,0.0546038996408801,0.03605623892723961,0.03314403782307944,0.02650180917358339,0.05441467513072986,0.029961586827849558,0.0705636033468374,0.021713563864801198,0.03801726490602965
task_te000783,0.013412072376549601,0.0818788615429886,0.022655720767992896,0.0031036379962336596,0.004467460759081688,0.12959380635876133,0.0995650374711765,0.04577586338355724,0.024921349538532256,0.16363317643183126,0.04218256282489114,0.022812608363526773,0.07165545842609239,0.010584277233242425,0.1188452230296106,0.043471699650054214,0.05213396078677629,0.03920284193167907,0.00735371036256576,0.002750670764856183
task_te000784,0.056161662336530006,0.062055414440353604,0.04849095313553823,0.04367756965948323,0.03417151907406081,0.04193681220773648,0.05575767250381629,0.04236277956610064,0.052120011377104085,0.06045191492222038,0.04900437592510247,0.03751417614980856,0.031424582321333196,0.07716398022551481,0.07234862475890826,0.04316316632820894,0.04928514227355728,0.06063744926312497,0.03983925123476837,0.04243294229672949
task_te000785,0.028665819537506663,0.008313558476839981,0.04946432568803276,0.014124534870838186,0.014480514457839735,0.019950287809134146,0.009971979383197112,0.011627871393668303,0.021417157408365618,0.029097205256628664,0.00684003552110317,0.03535672762148814,0.5205612269016754,0.02133121519977089,0.004176220380394903,0.07870080013534013,0.020542146752786965,0.03742385876956978,0.050976913286352045,0.016977601149467517
task_te000786,0.054487598086616136,0.01834100513905326,0.05815696748325136,0.046510373842906516,0.09732046064657056,0.025417977711427297,0.027924602536391716,0.049832000021107506,0.03965898054728437,0.054031286211988605,0.02697446943627254,0.03638637464501389,0.040192110610357844,0.07050362822768562,0.18451849858630898,0.019856343297432903,0.028469650512759338,0.0663241335299239,0.0259182430645423,0.02917529586310553
task_te000787,0.08720283788720795,0.016138906444102607,0.06414029300815581,0.05925592229268394,0.10445152992720448,0.04860466597026419,0.06143938549069615,0.04226489661915738,0.02496807061392118,0.012445396011504038,0.02505614181717125,0.006228450007357688,0.04969177762167865,0.06389729999244274,0.036792353486917666,0.007961225655623554,0.06879545648135493,0.10812662110438714,0.019566945983362605,0.09297182358480616
task_te000788,0.06386158111485214,0.009333737768090863,0.0035340773768003627,0.0050233213429192215,0.009288081076413466,0.006435003572607608,0.09801083467093498,0.005863144752842957,0.058744900357103405,0.009057622999317097,0.0717596332913927,0.006843874909059155,0.1153745223365815,0.1019129581092084,0.07429101863992597,0.15706790303213283,0.013700283393291799,0.0067533688367969365,0.06485469974553265,0.11828943267419605
task_te000789,0.016166521069415338,0.06515956762215032,0.019369505683384455,0.020868755008285465,0.047274242027366034,0.017373510827727867,0.04990557690420416,0.0684005227149013,0.06006602712242247,0.16306653150929193,0.015238415039694062,0.013720078660834155,0.15534863723344436,0.013393051600983088,0.08476610945500763,0.05061467588270799,0.03443502077250227,0.015459151249881571,0.022351658769500696,0.06702244084629477
task_te000790,0.3065347541367214,0.009667997987344813,0.17137380230317328,0.019649904884378604,0.004977905618979361,0.0069683137015935995,0.005785798773723138,0.059195589963134954,0.01056719908263423,0.028795059863976277,0.22263852772369652,0.0045586268507146685,0.025288471450133156,0.04029549851324878,0.026268582362567523,0.006946736348172045,0.028764664624844453,0.006753220265481646,0.006426473837137381,0.008542871708344333
task_te000791,0.07451540005551263,0.0037415675149246185,0.05822309623302876,0.039262428748707244,0.07326707525996128,0.035932888290233556,0.10991033433752383,0.012910939658832435,0.02771417006674649,0.0743455814068355,0.003231889293366463,0.1886818659110948,0.007643155865673446,0.04469971847901794,0.08608041806552996,0.05056298665305893,0.009011682495100233,0.04044885457602449,0.01249247436136184,0.04732347272746557
task_te000792,0.03757961969385882,0.05554198282244829,0.04552006655446089,0.0629051035935691,0.06737321734639971,0.07001000265965196,0.05533209285179669,0.039825935932382706,0.05673627030563414,0.05470922817715854,0.04263746859901755,0.033439918350419234,0.043855855082405006,0.05418228559332041,0.04772803802583547,0.03914400469538017,0.03837748258168975,0.04186595995750102,0.028642204329208682,0.08459326284786192
task_te000793,0.0370889802831115,0.051007978237601,0.04529340332895328,0.054377193991606544,0.045956783983955016,0.04334449421590178,0.033827151012509826,0.06928245879138863,0.04288631483317704,0.039169528184727985,0.05188659477860484,0.03695541266951308,0.08427294724640813,0.01842933199763336,0.09921527119478973,0.060417150830678085,0.05801536752289788,0.036344112268118275,0.044291871447484976,0.04793765318093889
task_te000794,0.06201771534604791,0.08045255027610065,0.08563009869304529,0.03146570355019683,0.06297175558956827,0.018777105607724644,0.039050046483695734,0.09459499479949328,0.023179098892362873,0.04505628548406382,0.05393596437107125,0.06753732150262767,0.017714433122817067,0.02532871645121261,0.09046993619675306,0.04971893478698869,0.016055457123593676,0.043181238383095934,0.05909484568745743,0.03376779765208325
task_te000795,0.04678451881298144,0.01607264621811129,0.05325104020386186,0.04601583546964359,0.007322863030439968,0.04846600585793506,0.06668643645125187,0.06899968073634438,0.08632423821065616,0.11701728925601823,0.043439542162093135,0.05884383110758987,0.05664784283298173,0.03134967354349165,0.017726151149678997,0.042363836214719244,0.025543586059938308,0.054868542774783126,0.09559958617877387,0.016676853728706354
task_te000796,0.003607944901363581,0.008771894733779786,0.03102332876906282,0.0018664777409083486,0.2776557913699101,0.013573021452208123,0.03355846824458991,0.053138532122930404,0.022358704638398445,0.15476409866333277,0.002863723149859992,0.003326749872534306,0.023056588872033445,0.12159316609341604,0.07996248331120567,0.0032728444141132858,0.06575764128949392,0.017594910730398986,0.00574144797999136,0.0765121816504687
task_te000797,0.04759429283797866,0.04516601622574305,0.0460049992904462,0.055163292745629686,0.050545589822018844,0.042661349723637706,0.05271191095220724,0.03895401928590148,0.034667186898697584,0.051544775698789805,0.04941543369869973,0.056384394873918914,0.0476522765252786,0.05398521223520448,0.05293033530871763,0.05426712152034119,0.05035580857076667,0.0685075720700881,0.06264453093830802,0.03884388077762645
task_te000798,0.011768901159093773,0.025549661241505636,0.06423983310917585,0.047792146293088526,0.025363192392391813,0.04298676077886507,0.016974269951742862,0.014085373793732541,0.01726057297684906,0.009926407974251785,0.08155266982623223,0.012397502874707284,0.015857833461496204,0.30865718665650643,0.015248181261503563,0.014740687405313212,0.0877582675867201,0.1601840164800809,0.016658930418041038,0.010997604358701972
task_te000799,0.07646158629485551,0.05687449546557933,0.008211784350174908,0.07191669119008824,0.009814401817869578,0.015607447637844211,0.022920860231866125,0.09191325215440489,0.006378239468475924,0.012715556592665373,0.0817994684094371,0.04615063574300203,0.06374117528402005,0.013989591628337543,0.03409736339964962,0.0032135423698249803,0.1211703222489613,0.07746610007751664,0.05627294565215363,0.129284539983273
task_te000800,0.024521868183408766,0.07258166955957811,0.029933803061960317,0.11980786827229054,0.024423306740903462,0.05171811107683443,0.043775971928277896,0.08886625560077818,0.04827626527850707,0.01308603141821006,0.05326950162772465,0.03473141763591092,0.033150552402928565,0.036529872241740834,0.006225836110667868,0.1359938977318478,0.07037314730371974,0.0031344115456645133,0.013237897358623322,0.09636231492042303
task_te000801,0.011202624197481088,0.06475220880151844,0.010278917663278472,0.002791883126273856,0.07938762733974562,0.2324048733356473,0.0749636837841683,0.025533864341891213,0.005703125867995906,0.013045695327664497,0.0369344856676825,0.01277879109431446,0.031154525058732865,0.01995880004645005,0.04177449148244822,0.0015369700543382317,0.006067608456945373,0.0010720883489292396,0.2978781526094075,0.030779583395086844
task_te000802,0.03613620212269503,0.012578505977204689,0.012461981127234446,0.034866997922416106,0.08082464252989385,0.0035811987314447354,0.025986622011293398,0.007401609732621582,0.09217249954077598,0.076188030153332,0.020845633731704564,0.03377264510337633,0.014744545958893775,0.012083698118838228,0.07012086934411314,0.07556971626028151,0.10550215448524687,0.1445140799703887,0.025453936537603528,0.11519443064064155
task_te000803,0.018402828605284426,0.0188486436151056,0.04168124341695979,0.026062374039806754,0.05268226371293835,0.04474975140335943,0.03786088664496247,0.05421053039034131,0.06944242319855959,0.025057063806142178,0.023687162756655774,0.07907427671107757,0.04205929874038195,0.043707726531668024,0.04812202940578297,0.05045439459273978,0.075213103597285,0.13274475033861827,0.05100592773480046,0.06493332075753047
task_te000804,0.05840489083354699,0.04715203286832408,0.027714038547149267,0.07128816690504268,0.04100189809672271,0.059915967172505434,0.03183291766330481,0.0585127372002393,0.03515329186809249,0.039404033923827325,0.02475977958106998,0.0711467012350852,0.05060740067713928,0.03546651062552411,0.07220660454507033,0.03035502914413989,0.05011357367003353,0.06329386902361304,0.04132883140670785,0.09034172501286179
task_te000805,0.032022571064363826,0.04853357168828758,0.029157051062941905,0.027896454393761986,0.028547704364321063,0.02568094087090361,0.1468772708693921,0.02407791796666976,0.03773140551069965,0.04107297062393118,0.035993860350724285,0.05785104033827425,0.030923589667756886,0.05135538281417712,0.09474827472708139,0.08288465398665522,0.07230150442807319,0.04386265333245564,0.06761889469441125,0.020862287245118145
task_te000806,0.006951150760066715,0.07825735458233346,0.03667973060279493,0.06002480593972527,0.009671481546799103,0.052774864161057894,0.13620838440484637,0.02735096613911996,0.03220717211260862,0.014350087655581425,0.023194609959503853,0.004861821500019085,0.037501009031616454,0.028849008668671964,0.21033165830134354,0.01563167504937296,0.0555131304190986,0.03526530432936523,0.009673527573954687,0.12470225726211998
task_te000807,0.06787650495792635,0.055230671071941184,0.05594238636137146,0.06220899647849962,0.07634519056753408,0.0336614544875101,0.050926060134491434,0.03206040937565692,0.03456413593912656,0.08449651603972012,0.0346100154538626,0.06666849634118932,0.030502574692990683,0.04883897948133997,0.05097354627271946,0.03628668385716352,0.07794592471555402,0.03664559339137016,0.037533437334574794,0.02668242304545758
task_te000808,0.05663358357398669,0.04551986489721089,0.01625481585165674,0.06676907540795357,0.01277172239703395,0.06722415438849587,0.0384022086184687,0.09454866622754225,0.05946724484333863,0.047270355041620214,0.021723267456714213,0.04965835474068502,0.04383938493373993,0.059085009832119555,0.016067548227715316,0.05755092310745998,0.08492752689581866,0.10227355717947872,0.03850180112939498,0.02151093524956615
task_te000809,0.021774479275041173,0.08502509040610987,0.02037364363273311,0.08683544659148203,0.030014166463794397,0.057017743560550074,0.012312771514755409,0.126168540895816,0.13222717034893042,0.05762443981268413,0.02658111991222698,0.01352513139174007,0.06653669607195689,0.03957191925749475,0.022454461166586937,0.06956060918224925,0.012596526357758814,0.02198327708599356,0.012621823405067536,0.08519494366702868
task_te000810,0.03942000470541339,0.06154494078766554,0.03325299536412653,0.06355887480003525,0.044723960563450335,0.027326755847466574,0.04556769097436528,0.03837997517603987,0.041093079058654336,0.03917573804096068,0.055482500796419504,0.057121805260458784,0.048569184877135324,0.05326846633952843,0.06373218457819001,0.05619386241165435,0.05683329192303445,0.04309485606281093,0.05565408925814785,0.0760057431744426
task_te000811,0.09174101485449855,0.00978574008984323,0.049686022482192255,0.07466295409190424,0.018631847165735977,0.07478516166981579,0.0667224965117915,0.003514946582765118,0.008252347631986465,0.054444004453465394,0.06575286137011249,0.09310148469545135,0.04104999117884083,0.06449297029452108,0.06940377958243765,0.0498294953615368,0.08179794319685302,0.032870868962199894,0.006067815899887203,0.043406253924161045
task_te000812,0.03668956105996786,0.06960705942977696,0.04274654665007091,0.07139785464563592,0.040658815118018846,0.022654292159246737,0.03113433505205107,0.03482178052929447,0.03979627718295854,0.050288766501391025,0.1066214803821243,0.037880847844031625,0.025105802709430015,0.06435547362843075,0.028121830130948364,0.058745776347718257,0.03722669583219933,0.057809259228101484,0.09720825955879447,0.04712928600980911
task_te000813,0.01958587739850779,0.03587194139070437,0.029123096675549128,0.05129578489210645,0.10682841450383944,0.028369107733047513,0.05143854153706833,0.033275347514582464,0.06193645508302466,0.04212906837765072,0.11439454431640839,0.0592732199596124,0.028557894741698384,0.0626176595366468,0.05373146318215527,0.06753470774986868,0.04439478277699606,0.024354867745679874,0.027872288936843438,0.0574149359480098
task_te000814,0.03047675754217309,0.06004037566433408,0.0657902045940529,0.07692717863298773,0.04574147956788247,0.05823768258142244,0.04125695712048685,0.04719442072912332,0.05203229218399355,0.047626238125759134,0.03164130519121296,0.09424484162022702,0.034021226763986674,0.044792082605244345,0.03889391878929423,0.06320513363693163,0.05454664436383704,0.03698047104877302,0.038367572897662676,0.03798321634061485
task_te000815,0.022571208182885584,0.004000458230192388,0.010321738740959251,0.005169119222230004,0.01811207644041364,0.02490061247911835,0.007334150660653474,0.013094817516791467,0.02543729255424011,0.018177696274897435,0.053386816046529825,0.12235503897485014,0.0038085559039103527,0.08696037300883097,0.009389248536473209,0.29368461875742236,0.006647552494339625,0.23103012242094353,0.038725518239333206,0.004892985314985087
task_te000816,0.016169795580851992,0.054454877145207164,0.018771237788690068,0.15629490994742964,0.021500253371410503,0.037100857054367,0.02156031311364495,0.028058458601682226,0.10719407004181725,0.040132799832395614,0.01396315916362455,0.01550054286552234,0.01695046183621776,0.04523163145555661,0.021597965297277602,0.26867745667933923,0.03465084603288448,0.022297128563436963,0.0168909644873759,0.04300227114126821
task_te000817,0.04713262955974975,0.05697947361955012,0.04187871638198294,0.04451439832641017,0.049335498600848175,0.044620741020973506,0.04830856785594947,0.08451212613543317,0.05070320195067239,0.06427752549160759,0.046134917678722465,0.057741764441164835,0.04924336516064379,0.03698938498024215,0.04440058119957141,0.03462787638799101,0.04383715736836084,0.03184489778532757,0.05848574878777323,0.06443142726702536
task_te000818,0.09437346131138194,0.054457864696945926,0.06995081260887254,0.03005169045101731,0.030921913037932958,0.040402331684127483,0.015194017673227575,0.08149467578867023,0.06338619555053132,0.03796757033593077,0.0037465301154262403,0.020069678750747357,0.014316718605067188,0.0786611019391798,0.004270071034650656,0.05381057472426153,0.12071047008085611,0.09376568789949015,0.028563560788502747,0.06388507292318026
task_te000819,0.07370768106644592,0.002143075922031977,0.005350868173696664,0.27349774753570755,0.00821942220799283,0.00044022629147773035,0.031321023379774215,0.0036669044252207327,0.01869264439467104,0.07495917553738259,0.14529862695650578,0.029680018042072494,0.007999337199934235,0.001448399944758001,0.008018276897390274,0.0009014606019347404,0.055289529508084224,0.16915254355845277,0.06481275184503656,0.025400286511429733
task_te000820,0.08576750802099173,0.02188994403195736,0.04833402791848366,0.0380576900080484,0.0653891446247681,0.06847138470598972,0.06497872904098123,0.07866795486240254,0.04020532836688214,0.05022152257189349,0.06064279997138337,0.05361466986571961,0.0657782034936839,0.02779732875575712,0.040575860027283674,0.03269743244424074,0.031834344016739895,0.035032660534493484,0.04280172630931739,0.047241740428982576
task_te000821,0.005880021350238695,0.05296626418344375,0.04526928615186598,0.01004274172980235,0.1283505012144513,0.18311721070015186,0.09414682134715759,0.0730981287784829,0.024672953852002865,0.014013042952651105,0.037600838969559645,0.012732426706369147,0.010746111712242707,0.1092962645299413,0.011815486216772758,0.04411324612554839,0.01292719561425285,0.09816714271664216,0.006077068473579465,0.02496724667484328
task_te000822,0.05203063692296271,0.05408934026686492,0.06071798679493719,0.02803466256661932,0.04710152502811265,0.05331359049942773,0.050155080401808876,0.04331924664230083,0.04839501492130864,0.043716436087297236,0.03378210078315809,0.13411177255778772,0.04836752085697626,0.054234355103380164,0.046501753520788586,0.0339907780450724,0.03968630226062669,0.040702571407640976,0.05236865229330809,0.035380673039620815
task_te000823,0.015480616617572624,0.01392822620975282,0.029680007156638242,0.006966890207371016,0.005700040543438486,0.012646578846303635,0.058029620283618334,0.009534699708681012,0.007253193880965013,0.014128935412320315,0.004734420987044996,0.02409548688188901,0.06335308856865593,0.011004439239765122,0.2876640767999863,0.014900725136813684,0.06110260536601967,0.18572342634407055,0.07921923534554204,0.09485368646355115
task_te000824,0.11958607484877155,0.09196289707911001,0.03276208254682554,0.005145565548577466,0.01279230569513173,0.06889367271852707,0.004490966277903874,0.008591920849850162,0.006006252525361819,0.11407358924841166,0.030980242588243872,0.00808275849900619,0.04214532693245,0.10611899572674245,0.005878986122316907,0.08982055563845186,0.08492727794285664,0.11216779095163189,0.048899199080493734,0.006673539179335699
task_te000825,0.011413552142551771,0.003894522369874003,0.12381545794068541,0.004016571673606327,0.07797859616951797,0.015601466541034741,0.03871246742760791,0.0523955655092911,0.008207998897918616,0.5010815424678331,0.013736039939251024,0.00993506551607249,0.015757589048951852,0.019113320671548525,0.043165560268949986,0.030470792786455,0.014803860546990545,0.006051085112352173,0.005424552233193342,0.0044243927363141625
task_te000826,0.015532296237509725,0.07587179079713956,0.01648512920194972,0.03474677470722869,0.07531130322127484,0.019777754577826382,0.010135074926817452,0.104132980370096,0.006296740732355955,0.17172056376579356,0.0867811421776659,0.01821102208868261,0.08549095195924673,0.0682932226443027,0.021093450316961318,0.013985339398757355,0.08733560447017556,0.014829652514424533,0.008962981758065815,0.06500622413372566
task_te000827,0.030030599636885768,0.006322433087867156,0.005280067993496079,0.006728042149988573,0.01606138944989679,0.012071400628360967,0.010592244488405534,0.002583875237297312,0.5918272647566911,0.020242590200757336,0.12924671667967152,0.03100834788774126,0.008259097428035957,0.022702662460887566,0.010930606946271347,0.012714286948593799,0.039170354846838375,0.007637109910326556,0.0268679700930853,0.009722939168901549
task_te000828,0.1263485163863479,0.0036328170978645537,0.011088178169122654,0.021203926571305636,0.007461388539848064,0.00881744494346485,0.5945521546761635,0.012224394886371403,0.007964750152887565,0.13246616796766486,0.0014090245121514131,0.0016442822922567515,0.006586815654826229,0.03983459272486512,0.0008852749085319217,0.000402016705520655,0.002298630755942578,0.008837468898667602,0.012083880569710308,0.00025827358648649516
task_te000829,0.014589258820182013,0.04636838465509524,0.01812936818785563,0.02548578147781593,0.06195218312159537,0.08900597872987044,0.03872178687904864,0.070280271599711,0.02041072746786789,0.03552470101140527,0.0426009814589149,0.06459192921143951,0.049130196545108966,0.06837505135704533,0.050478595161502396,0.022364918184279256,0.07430284953566589,0.048087790614950464,0.08935203882044918,0.07024720716019658
task_te000830,0.038446009275612245,0.14200135599717897,0.011742781845593244,0.2435446800979853,0.012331357819476103,0.02850500301013929,0.013323299996865472,0.010646008612250265,0.01760105962299945,0.028134408312092886,0.09137518306561998,0.008260344782953897,0.033258014438194664,0.050160078699026334,0.03435802758314146,0.090366297988083,0.005379210701894912,0.05152497385494633,0.007866453971002796,0.08117545032494342
task_te000831,0.009126934842641437,0.052061537214577784,0.012279844983977673,0.038961174590887535,0.05736884420367468,0.007653976653178656,0.028029745996004312,0.04635843925354902,0.032316897818374275,0.04415153199321447,0.01844958469237192,0.01681099458004602,0.11726322679149492,0.1260338990071825,0.011489130501181397,0.10776585514742949,0.013439120676519454,0.07628916606412844,0.09532275576220628,0.08882733922735978
task_te000832,0.014726143857402216,0.03840455007742417,0.057125869264921796,0.046615245665718785,0.07909082844058876,0.05343020674828023,0.037197959347464955,0.04946896672340609,0.0325230432742105,0.08369601875709307,0.03148506284905035,0.06267772996958441,0.09709554215635022,0.030768486697753606,0.025936445084474388,0.057922331866877,0.025490489369969793,0.0640157291314306,0.06317688717314168,0.04915246354485725
task_te000833,0.13480606184693916,0.007501757752227555,0.03296772936254144,0.011703331206144993,0.08590580628073413,0.012956513600633662,0.04169837324277645,0.016100088355773867,0.014265669192234659,0.012375555227134979,0.08208635397287918,0.004653532007660299,0.008171473958201426,0.030243706637781264,0.05695986828762153,0.0858207243194628,0.02128404108151507,0.18336927757967486,0.14737592106607877,0.009754215021983887
task_te000834,0.045522790925481324,0.12756418857271323,0.05071277805703893,0.053790117788495226,0.03157105189372012,0.03843396671142126,0.05909719543287105,0.04467177450144297,0.04774230246392131,0.049568103837336855,0.03908008226963102,0.05045158426231351,0.04574141436718822,0.037029050181983415,0.03364240407881492,0.054906227720901285,0.060996893029983824,0.049798438823089014,0.037194310968488326,0.04248532411316434
task_te000835,0.044743195380109645,0.18167957351330355,0.001421491517614492,0.06439780404821224,0.04987815727855126,0.0879963872209705,0.07306002484341091,0.05448945005378314,0.009661221763365499,0.007817326587479922,0.002774234355164445,0.009449686899683616,0.011727888820488171,0.06669012233741994,0.09887961662720807,0.061596989521782095,0.009516795206134864,0.06597096295362628,0.08842043097845571,0.009828640093235478
task_te000836,0.0019410204256006132,0.0069389483007754015,0.004306350318425549,0.0024009808768863713,0.37323330185870324,0.002641627396661941,0.009158494874753424,0.0022623453969519446,0.10136210531698686,0.004283129096517418,0.006385559077310426,0.0013069159074725527,0.041152864654134334,0.006613332639563154,0.2787264641946659,0.015823094861211254,0.12862394377864986,0.003029977276759318,0.0061225238614729645,0.003687019886497563
task_te000837,0.04886041253026525,0.08776401742134446,0.04631526897667861,0.05367235433785581,0.02541923893025371,0.040514223033009736,0.04970935569554348,0.05251581677372896,0.06674558663760859,0.06657140418014927,0.10494455841327444,0.05299059763634946,0.03664794137141839,0.06137674120511795,0.025898315565717294,0.02593147916930901,0.031570597652223024,0.057074636477748984,0.03436703822170045,0.031110415770703097
task_te000838,0.03989921870878529,0.08552346372580624,0.019865975803634025,0.031335875818455844,0.08495805506626175,0.033510882944055374,0.07848372053466969,0.06122222636566458,0.037483522755226734,0.025638621243825852,0.037583827357287,0.06427547938702347,0.05552148017494426,0.05030673886526055,0.019399529222440082,0.05781298474191091,0.06347692174821333,0.045308935271722715,0.06002514635451293,0.048367393910299386
task_te000839,0.10789330496565502,0.043409123228773105,0.05990295771658798,0.03590970827574687,0.09631214840123162,0.05542719963661094,0.02531222493735945,0.05456437303129505,0.16612723473210236,0.020634338672188016,0.008316387858240307,0.017515029683628874,0.0056666500189721395,0.03139714060015097,0.0994860872555579,0.021346254250354788,0.0960604859231274,0.01614451372835253,0.017302526157402544,0.02127231092666211
task_te000840,0.007426980726426957,0.0017713364872670768,0.009141840057148269,0.002194531745381854,0.0037893217715454118,0.012381607783385103,0.15594718031639862,0.001761525609391285,0.002237562859659439,0.09947848747141673,0.012508374586629428,0.013064993175098892,0.32480176650260073,0.0038905534729827803,0.18840137809685165,0.02150450951869773,0.008192669011965196,0.11754668209198424,0.0028203102501308374,0.01113838846503763
task_te000841,0.0071080273345235576,0.09920314966297294,0.0034472925379919962,0.0027784343584569215,0.01728463341542574,0.0045622228595249776,0.19328275999872555,0.16760554990775078,0.0018136148539602385,0.0896051827953161,0.007245834655184768,0.008853650659614859,0.04939341297131208,0.277878162587555,0.0031081242193572007,0.007850058019882247,0.003676379922901346,0.001757962618057791,0.0077308769495222,0.04581466967196359
task_te000842,0.04007088234157542,0.04217929599268243,0.041546404179651907,0.030468094237416376,0.015509016318278898,0.08617001683421094,0.026814600282174642,0.03419734929393557,0.02688674484746616,0.06753594266713733,0.0801820034579418,0.02679848165238996,0.05384988711915446,0.09029136061948514,0.029994542394752518,0.06606221952061027,0.07461758516826304,0.04954138038409255,0.08865290923077124,0.028631283458009468
task_te000843,0.00483223717782732,0.0009170193723375762,0.0004973045218533858,0.0029935154019998748,0.0012832542778878524,0.0001954205779265981,0.15472898096124252,0.2779224677143686,0.09188250798250927,0.001294719066427461,0.0022143951996224853,0.02759600810901668,0.00014800723359484897,0.002017713649243518,0.04315228283065365,0.17463708774559808,0.004401768567195883,0.014636572349126641,0.0018379695943632512,0.1928107676672045
task_te000844,0.014263230519029231,0.01024836407387753,0.012716223165706173,0.07897320739160679,0.09317822142201657,0.012072139043657086,0.03383551265818537,0.0434050804181153,0.053445539462079035,0.041838922257986584,0.06308695729401916,0.058150779952010984,0.11031164798208302,0.013806411115664335,0.03875892177286745,0.10960693394681022,0.0623027186648475,0.05219932714279502,0.05898167942453474,0.03881818229210768
task_te000845,0.005683056608333655,0.1826467105845968,0.027345930165752468,0.010882802792340154,0.0005151327570197673,0.03772949809986372,0.004105863599531124,0.024392750143246007,0.01063398021194171,0.01388215846917411,0.006605416186195467,0.24665141472969027,0.10037192279897093,0.004456164361246546,0.017756740539120852,0.006966791365676689,0.0329876961531063,0.017691252872871356,0.23345762163859954,0.01523709592272258
task_te000846,0.11051768897134799,0.004338025819009834,0.018852104300054694,0.02713458154121453,0.042782297354161905,0.03877189796213953,0.020706515708367235,0.07024663384942804,0.007551864514209245,0.04895408532655222,0.03064454816012578,0.2044096253254229,0.02584485166948204,0.1327623743086601,0.026410674655431225,0.019792590349064103,0.02509771898323654,0.02594987339434576,0.02179670028310617,0.09743534752464027
task_te000847,0.019654169534755617,0.0030454902787890197,0.024368955870321334,0.19604048164217647,0.01650042671874013,0.013519663421823081,0.0055691189295013375,0.08887556280684966,0.029289575118368827,0.014982495522602212,0.20182623369189717,0.1307343430156574,0.01651156343376635,0.12465586018273811,0.012365180115292623,0.0014052914681979525,0.0106054103550535,0.0785023916922882,0.010482658225667674,0.0010651279755134692
task_te000848,0.03179056703546452,0.006434400452446942,0.08089643147882268,0.02380608711921666,0.10908783194934431,0.034650438391867426,0.0886052317752041,0.010437279816721145,0.06443051257683916,0.025653829599384073,0.07736429381367456,0.09181885343293415,0.06081782097685325,0.01936457367772275,0.011241509312094975,0.027977770652271434,0.09135499470509684,0.05241217723590836,0.04916922300337849,0.04268617299475418
task_te000849,0.049398246140419766,0.031644733608212,0.06965084938467983,0.031806444139567035,0.07640488856161647,0.05588480653655393,0.036043144475564004,0.06370514712978385,0.09908140632042794,0.03722641583663526,0.034982293762047464,0.05401570986567737,0.020665283176902555,0.09709721522690498,0.05251861554876507,0.042472394136968454,0.05888053931043596,0.02472112149331296,0.03780760648645878,0.025993138859066407
task_te000850,0.0283446731020939,0.053556177895397405,0.01649698923260184,0.05031822274985251,0.036427775170853556,0.06872272943047145,0.06344110139550638,0.01986378337017694,0.046226542804263346,0.04893482828117468,0.06380569190995304,0.05548883150321656,0.05363997498396976,0.039950318925886893,0.04947348136211209,0.03640893813616097,0.053972915390692384,0.0748929936063112,0.07042114533628217,0.06961288541302302
task_te000851,0.029410173689813125,0.029393152021851467,0.024271423203015827,0.01964513102756761,0.03792607792303173,0.14203712316174716,0.09257751795302983,0.04593284901536404,0.0879173152228281,0.04260881581314754,0.053605989755480254,0.067298156744487,0.07969396963204342,0.02850216940524814,0.04820292867719801,0.009776710474478967,0.03505601893983894,0.08452115632388539,0.02250461250154646,0.019118708514397162
task_te000852,0.06569328142590353,0.05712405540285827,0.036859953405695645,0.05920506060905814,0.08612075339735518,0.05230154264483069,0.07144491064505089,0.032020516105861076,0.08948616360196839,0.05788235155551843,0.027135166075094315,0.06714267762596561,0.020538194362603915,0.039002162505840744,0.027029008310825737,0.10024833182830001,0.051841644920322345,0.021360202611884805,0.021738560546576954,0.01582546241848538
task_te000853,0.03250209691788017,0.030883737161172233,0.03880974347128061,0.06752031841316017,0.021122391581306355,0.0314335063320487,0.034211195110657414,0.03483341190676584,0.01742253989598736,0.0603786424860415,0.25059718512755474,0.0524521740861968,0.032323564761210226,0.05486546851180311,0.029221714161024925,0.020145497725725457,0.02471923637391963,0.09705480239274447,0.019294292552191627,0.05020848103132868
task_te000854,0.0454770062903173,0.05519444365839332,0.05062361833841065,0.0632527993067472,0.03183650732348966,0.04776469664872499,0.037947865962170035,0.03281656074341843,0.07618836707374095,0.045912301473913314,0.056438196273531166,0.06164579123226177,0.06198455535100708,0.09082985648704203,0.05639857278693807,0.03914813039174653,0.03352719092892957,0.04896303905536832,0.033764690247320664,0.030285810426529065
task_te000855,0.009917883494908217,0.011889737316361575,0.012272146578637665,0.11409334463677238,0.0052355983302003195,0.021004971236418184,0.007124834589373131,0.0815200055431106,0.02780200481657199,0.2375562555337113,0.12514776790945842,0.052191388781831896,0.009212583307592783,0.01693047081191647,0.005805255948297577,0.08758398590430386,0.07497842810048487,0.011024125251897342,0.06947079895456229,0.019238412953588892
task_te000856,0.01917960905076192,0.016399359995202357,0.011716357244737234,0.0962195193033323,0.13684427861860304,0.024483532553218435,0.013440986231871488,0.010774139448901264,0.01824985499085486,0.0028662423932711524,0.013183379855120551,0.005061013531799879,0.07858859519475479,0.008028819825996706,0.03520869779612624,0.012559505316585663,0.2187570909369722,0.017660191559386945,0.22997297218576254,0.030805853966740397
task_te000857,0.05392675687988854,0.051007536834336446,0.06158430911405299,0.04684242801193783,0.06646684718207929,0.04636657635982916,0.03812139412120074,0.04984082834547985,0.05820498637110446,0.05469182218199964,0.037966149324871475,0.04552344861722507,0.040705810235495,0.04667018684859632,0.0521489074311316,0.05244196173368579,0.04491153941582091,0.04596240730089872,0.061638681636686156,0.04497742205367994
task_te000858,0.05990222836110299,0.007455028482861007,0.06548686067137817,0.04952970221454524,0.014261625128417018,0.07067908061703908,0.05291817880153872,0.05782793926539669,0.037017117332762625,0.009044538465726018,0.010669916537057508,0.08180466465278954,0.07267259513236114,0.010093364140055785,0.0730697763763953,0.03885390781322848,0.047615801274749854,0.1076845172161167,0.11948448991506536,0.013928667601412925
task_te000859,0.0052170995149090965,0.01677167967081025,0.33125870955582676,0.02227555072101278,0.012749108584301349,0.008377363607480155,0.014555370800701522,0.01739097600600245,0.014637551403264622,0.013119449243589116,0.02819190452939816,0.01313599296778466,0.00922793474576707,0.006286495661321513,0.007893742184357094,0.016466909091915498,0.2881203410107488,0.010156993036271444,0.08926134652219381,0.07490548114234398
task_te000860,0.12179306571776348,0.016451239767095706,0.033283818979096394,0.02516933044378868,0.08777130510862197,0.013351878451679391,0.029370029681448535,0.05349375248587107,0.036112659194989745,0.10599843126647347,0.02505653493225421,0.01915786064946937,0.1266998354254472,0.027707976021306487,0.09310088430753942,0.09347600160210787,0.024268635284813107,0.029555550870912745,0.030569861206747352,0.007611348602573829
task_te000861,0.005052313584356507,0.028525872481419304,0.05437935602636866,0.007158709296752448,0.008124034612544297,0.01126247097948252,0.11364039434894192,0.29687057906597164,0.08499642989006333,0.10527150133728816,0.02925429092461069,0.0892009785221595,0.056213669472334506,0.0055650949320944455,0.020988760346249438,0.007791698424463457,0.04740923484259633,0.003549058964684755,0.010575268589312516,0.014170283358305585
task_te000862,0.05733846900731409,0.03984057979807951,0.032349230571924646,0.03844912215370344,0.07900230678204533,0.04829875498516175,0.04768065313917468,0.02820102400692597,0.06330067046640378,0.02792348091750593,0.05821394136494276,0.055962790220822956,0.03314901637848265,0.07869945218373234,0.05851790204752141,0.02192605624520674,0.03738296812309818,0.032664814420029,0.0764028427808552,0.08469592440706969
task_te000863,0.0554563101460521,0.027382734477341665,0.04122953025778173,0.07209714973639496,0.026600595681433588,0.06118169050861423,0.035091813556450815,0.04301779600112722,0.05651266575013683,0.027304733473848364,0.04947254129043981,0.06558699004181534,0.026644924069906605,0.06069831092751181,0.0721325836465742,0.06662841997502547,0.06952401814589666,0.06083878190180293,0.043715760910526404,0.03888264950131925
task_te000864,0.061454384988719864,0.07207339912842875,0.11176329163878265,0.04313457216725616,0.03460996425412553,0.055708335008280034,0.05917689109307422,0.021079457908408337,0.062447775307532795,0.012728039331450952,0.03566521935143887,0.05090253155303138,0.07182859513863432,0.06803477834940111,0.0812685709934406,0.00450229977293475,0.017197097599601033,0.05406858422686709,0.049017148418656196,0.03333906376993533
task_te000865,0.0036716541049604118,0.08453330521114406,0.007137254434204939,0.004805553679326829,0.009969940508776132,0.007855764856258145,0.267715541407989,0.004316251470389318,0.0029866618144086983,0.011843780812035843,0.2455467615815187,0.0012773523620454807,0.013159638826569075,0.2892108785790746,0.003928218981192217,0.0065432029675955026,0.0024023032759796017,0.01649670388041182,0.006112884691012024,0.01048634655510768
task_te000866,0.007706642196050504,0.016226816707212946,0.042765782325081325,0.010135594044135655,0.41848384969773006,0.011192577972812975,0.007636871676951484,0.04727889767858469,0.0028251418231453693,0.053076071735285196,0.028550873656275094,0.03674047714873826,0.010951129699384424,0.021599049127200592,0.11303234195319749,0.012392291617758589,0.020172071800476695,0.059329998770748314,0.05520839208716693,0.024695128282063508
task_te000867,0.00196635995456736,0.004157859231916159,0.0008654631754627641,0.0856693048212242,0.006053336502964181,0.0083520695723923,0.0024187067177499602,0.08549270971580096,0.005548622868653647,0.011898111068400451,0.004203897296934783,0.07742632967765845,0.0010136017338338644,0.24488934581994184,0.00798218545710176,0.3547952774277968,0.04144946595454437,0.019940412033383967,0.033054517637903666,0.0028224233317686222
task_te000868,0.03356287526996236,0.057470849079354853,0.03631851863798563,0.08470919925038715,0.09544513974445305,0.04017458126949648,0.04595073741289968,0.033064781688791685,0.04490289583481581,0.04316056477594687,0.06490387525410202,0.06989469604143372,0.019232878724496923,0.046475683980719135,0.055028516369401696,0.05225055585063589,0.04318710748541054,0.05123420651542894,0.039744730151446334,0.04328760666283127
task_te000869,0.04054832538217231,0.059892738896504684,0.035906462555796534,0.07225988136242176,0.041952077244486415,0.055426363293047946,0.05097565392637249,0.04088187421197721,0.05521993302912824,0.026152956452474625,0.062075431015098895,0.06518007829567675,0.050083323923924616,0.039849561976387726,0.05236948456182009,0.04663490785283167,0.03238031156619805,0.036307397184236825,0.065429910129506,0.07047332713993719
task_te000870,0.03285107853904547,0.027039753561592418,0.09229530993787063,0.015862358799668224,0.06718022724213757,0.07940722951925815,0.03905651542963623,0.04717227791500641,0.07807495905789132,0.012106524060356854,0.07884243033657608,0.04041330135868485,0.03605607351532597,0.03941538314571026,0.07261499715480757,0.03638495208216939,0.04271450544743577,0.039033282569062945,0.0564326502377262,0.06704619009003765
task_te000871,0.08598904020550176,0.028721260263646412,0.06593903055358413,0.043606888628262355,0.08313943896915324,0.038318220301137386,0.014750556467241509,0.026850327046669523,0.010361194202225215,0.07381725390811086,0.05318281859646096,0.1100441170075279,0.040006042570040236,0.05356882587510786,0.02409533736184508,0.052236298699647674,0.034201150666184225,0.05261649960020439,0.06797908771792546,0.04057661135952362
task_te000872,0.002285022912121128,0.3265861239122566,0.0006898023410413639,0.006946457869392829,0.0033652557360122496,0.003023009862346003,0.0026817635151937273,0.1558650824125852,0.008296574548420178,0.007255182543878609,0.08707137333836999,0.0059806772232381105,0.001249476046145238,0.3682336895369016,0.006994037244658324,0.0031772720149443115,0.00023266409376789348,0.006462677434383881,0.0030308132429516963,0.0005730441713909745
task_te000873,0.014012141175254808,0.04734850093831645,0.2442446422352072,0.011524380726276828,0.15398283084772127,0.013599054036865775,0.06394838822395627,0.012230943751932918,0.06476900935407934,0.011888013499784265,0.026293641816640404,0.014729164211554586,0.009795446551735705,0.010589034035963162,0.01802575471792314,0.00549311180354958,0.023392226044000087,0.006675610354303402,0.24258941146099178,0.004868694213943193
task_te000874,0.040394117423272924,0.05904661071914683,0.06298542904211371,0.0490767077902676,0.05766920413041081,0.11511047497815523,0.024638954729128176,0.08229424888629172,0.014217058090987287,0.019782182298409272,0.02413885134247106,0.04351093902102153,0.060972683169007336,0.04904704908029975,0.02128936541300085,0.0686326216960819,0.03624553601373452,0.06046316088637645,0.07809131715883275,0.032393488130990404
task_te000875,0.052715893957854094,0.016875574494600226,0.057933693451231644,0.07193725107140268,0.03970714853865858,0.01711506687101317,0.020038261247901406,0.008372777662887668,0.012120139774077417,0.1074939075403024,0.05676220532561064,0.019158193212837845,0.07373174870896035,0.0936021538820519,0.08427272119251657,0.17347499744685071,0.009505346277535895,0.03135100107558301,0.023322129209227493,0.03050978905889644
task_te000876,0.04369042404930722,0.04034776101102635,0.08839473466748067,0.07685678000964082,0.046968657932909344,0.11135335998759423,0.0420844185447224,0.041223396044673975,0.02952691466668753,0.03667469728066417,0.04152037143990953,0.06244428160484688,0.04448922641222446,0.030522599146982923,0.046397947392146845,0.03737672581717375,0.04768104350663448,0.04207759820091997,0.03667845245651301,0.053690609827941445
task_te000877,0.0007044282414914118,0.005159990029807531,0.044938108228814666,0.010674012007191841,0.12579380858746325,0.1129835579644601,0.0003693731577436786,0.019530828388299008,0.08453525013935331,0.1284102327204465,0.0005875180430230107,0.0659072436443797,0.13742460923805458,0.0020974458591339353,0.00180081420800136,0.0019211515946504886,0.0006804105705411844,0.1058429517121672,0.003108948048331399,0.1475293176166459
task_te000878,0.006276252644228707,0.0029492201726211177,0.07696737049316148,0.14957865556658415,0.09591665570192438,0.005002895528210566,0.11372563492521034,0.00925987039304094,0.009963562049865858,0.010476845911116545,0.007852056636419996,0.16102846747911123,0.012704364758273716,0.009388304982870072,0.011923129554495693,0.06068321165467985,0.007175509431959039,0.12535385733875545,0.07935202968916068,0.04442210508831028
task_te000879,0.01863576302492598,0.06287098884882608,0.036078656463127357,0.02195946389313457,0.10061038106503631,0.011978104220744305,0.07379143288104069,0.04923222668115475,0.09714313635159788,0.058986105259694076,0.02049328901945529,0.05209314180595901,0.038471778215852785,0.034209564016356594,0.055425625218206806,0.029426267242924787,0.032070015880929864,0.12727585639419117,0.027608464480485574,0.05163973903635616
task_te000880,0.04830283773702231,0.030047205240592564,0.04428561505389933,0.04208435342982835,0.09907740416276782,0.05281530184613422,0.046072610370104496,0.05294208618611547,0.039005397469287856,0.04447285407377975,0.05197973640556838,0.05158155227928657,0.07008489623130543,0.043524206793956514,0.04213260025668405,0.04798555483669734,0.058540390467394766,0.04786585159714145,0.039402756936282105,0.04779678862615118
task_te000881,0.011195636336719791,0.03874008179486449,0.008302428614480214,0.2831925961756491,0.03445649927561612,0.04070648873811197,0.05250322471040507,0.00020244277092230543,0.014939117680584887,0.19762351389368182,0.015025731527691124,0.00730255867492151,0.0274025856694929,0.06614815276429072,0.014103555310731375,0.04074985508584528,0.04073634932695165,0.04827034335755799,0.026300657015900716,0.032098181275581006
task_te000882,0.0012318099144104258,0.004053774330950377,0.016025606458151948,0.013253264368920084,0.001766314508134604,0.002658710526393645,0.005173064941839387,0.001270973000321349,0.0009728876267043206,0.026527340586893194,0.6431899448160426,0.032741105125803346,0.004864938893951135,0.013280521189823005,0.0022296730201577086,0.003015743433501097,0.016605893312398468,0.20592333681583996,0.001905157095407894,0.0033099400343554702
task_te000883,0.05347625309025746,0.047155396641118105,0.048207912569618976,0.04196519761345414,0.06925273770306647,0.043876724301035105,0.05799188304826582,0.04706044058342525,0.053617279010078525,0.0558242326661797,0.040403901225732855,0.048210951854583385,0.054679917643585325,0.06180522535491174,0.06914540343611927,0.04180231925946239,0.05249312535514975,0.04930895328801412,0.02349308344971829,0.04022906190622332
task_te000884,0.0365210836653982,0.03399893604776005,0.04617539131963811,0.04247949645250723,0.04432160499214816,0.046552013453797864,0.06519510616735241,0.06316360284630179,0.03702073581789684,0.038476042874869755,0.05429774363962475,0.034006508279896284,0.05371642651182023,0.07462441175856274,0.04070204437096241,0.08017452127286874,0.09396754312309678,0.03367158165009522,0.043794313254404686,0.037140892500997835
task_te000885,0.07220046103775697,0.05810410824036532,0.03340674474407871,0.045936828887391506,0.04919404987850428,0.02777612532048688,0.038971139876554275,0.05612265782509964,0.033405540541849424,0.04062556328032977,0.06147432307108848,0.05252155415636655,0.02386495809896392,0.05712159160840155,0.10500156876311861,0.05895793362332715,0.04742113088750104,0.0408498478479372,0.047001545193508715,0.050042327117369965
task_te000886,0.002627392079241061,0.0032572430168883323,0.010661477979743973,0.006726088609405804,0.014466375840525672,0.0754186613834103,0.004426698036037101,0.004391549811298906,0.138359802279345,0.2110341452038298,0.34517959358598155,0.08571377408780803,0.018963503310596208,0.0014461958023127054,0.007181403968402256,0.0005728370279685942,0.004783004463168187,0.059937001895591036,0.0016775824946285078,0.0031756691238170364
task_te000887,0.011690561869645118,0.021372747033805012,0.2306990438562649,0.03321083827223106,0.1816993821474145,0.05549266680756339,0.06510458839544549,0.01943223269476792,0.026010635605483282,0.03685827848050178,0.08546388137597967,0.01660674988048445,0.004809065994102797,0.036141334044320864,0.08503014623520594,0.034875383433205676,0.014446687233946494,0.019404049183481886,0.01701340680747238,0.00463832064867731
task_te000888,0.029085485650185348,0.060473290333928696,0.049141208376204615,0.05434997033060273,0.03740653292399101,0.0665391437967943,0.03700560195545662,0.050641777903547076,0.07414795336527313,0.03792933697223822,0.05506093947860996,0.06681163939966286,0.04045023896556697,0.01581294058492353,0.022901177370367645,0.049318705381422516,0.046886348475848674,0.05617428573607063,0.0812182747134075,0.06864514828589796
task_te000889,0.05823671956048097,0.15002242593062604,0.0518371380617492,0.0691087263941718,0.027916021430717662,0.05468900170842005,0.006661000717415297,0.015910676853920783,0.03457886036379157,0.03369824846896418,0.009982906545518797,0.022397687500880836,0.0033678094401621748,0.014257576736282815,0.019404088828222112,0.32297561536733144,0.027091525791603028,0.015095003344947077,0.04615727081228886,0.01661169614250545
task_te000890,0.010546081053499284,0.0040603500791261396,0.0021835659461367845,0.16709831805836398,0.008063060871082283,0.11873857929284626,0.06510259400956118,0.07602501105635719,0.12229203820070286,0.002540178423222391,0.003970618608826706,0.20148920205439458,0.0032971642856450298,0.013705579047821268,0.009050492149377686,0.052467329355073256,0.049724492036325556,0.007078444165240347,0.05461648550062181,0.027950415805775442
task_te000891,0.12249608029534825,0.08723556966854884,0.09747403829591218,0.053049466307306774,0.010153057950610982,0.058969780186199264,0.03589554238971083,0.14780132499769555,0.021864589493245202,0.008295912023852488,0.024529546852998213,0.01456400743400951,0.008079103060070045,0.030142992903001074,0.010823040657983654,0.12764386071307005,0.009441737505228327,0.008495738766169549,0.037758528504268474,0.08528608199477072
task_te000892,0.008424229812316412,0.151755272039197,0.01020240273248335,0.015742615510510448,0.13388887567321553,0.00728837612512052,0.011281418487968807,0.0030212183277970412,0.004740241320288286,0.03789622443438564,0.058074071159910125,0.05707107887679739,0.06880916267219972,0.3165087652538068,0.006893523113523138,0.006408935652104228,0.0019530129815145184,0.027531073742885735,0.05994932458644774,0.01256017749752766
task_te000893,0.03139303150595227,0.028404793954023042,0.008886221258041036,0.08587415771050569,0.04037236071777702,0.053608022002987754,0.07900409081863825,0.06752802391397748,0.04696280876153925,0.035048567851014276,0.09827997823621226,0.028270308242463772,0.07354748146552775,0.047006359815049525,0.03081019747300002,0.04854174719569869,0.05432040220395584,0.06908537076213937,0.05187969778817523,0.021176378323321476
task_te000894,0.004823701175535683,0.11743794876684199,0.010235311917002308,0.0049529906653570715,0.010060082466989325,0.36404666609287767,0.04703132056570777,0.044351142350193135,0.0018328458604116252,0.009432114370641132,0.0035398484129472037,0.01165044963796681,0.002158532395339504,0.009027876374280068,0.04590330312560675,0.13559879306286418,0.007393699157425713,0.012455434586347878,0.15491546117444285,0.0031524778412214643
task_te000895,0.10493536557727691,0.10049393578729611,0.006250942745305777,0.005017597640631897,0.00651628734864529,0.008315103723032721,0.1744748895603798,0.04447357203832392,0.10985015245521554,0.0019163995600031906,0.006885415667364549,0.07167146551219522,0.017007896732098716,0.006497803850899409,0.025771954195943986,0.07988615148791764,0.02802488499200299,0.12101526251289964,0.0038488350813741263,0.07714608353119269
task_te000896,0.07179127880001207,0.07117567316805744,0.05081279647169067,0.027929963262277507,0.035492572075369086,0.040391538134899915,0.02774727440611285,0.07248595634089461,0.01658258456490476,0.06346121750422876,0.020737001348662985,0.062315737744878016,0.08406822117784248,0.05089037590171838,0.06198024820763749,0.07650278778152843,0.0557178803850592,0.05284972708145029,0.040474843935473,0.01659232170730216
task_te000897,0.06275091598327172,0.05032444702046711,0.017804732346186725,0.01725150271302916,0.020725279233449388,0.012917216401611904,0.06305980069566233,0.06309019821905654,0.1916554859700165,0.027521232045916114,0.09262857659103323,0.02381470132444562,0.07392219102342029,0.0127372222636687,0.13030130338304788,0.021971397485549847,0.008788701897971807,0.023470415126487124,0.05359866214497396,0.03166601813073416
task_te000898,0.032642852004922084,0.05462589583080348,0.01637650399907805,0.027573521498440546,0.009608867273210921,0.026538381025414018,0.10956460228220975,0.0444047303069303,0.020065687022983676,0.10267554597269486,0.03291880114100288,0.02676594677670282,0.03069842852455366,0.03293354172326038,0.05278796256464574,0.01524493013676352,0.06660467062292824,0.2556139424107482,0.012373675638390948,0.02998151324431599
task_te000899,0.017305909273339224,0.0369792419776357,0.004663990966786759,0.03168835088936079,0.01722073614253183,0.02550606995352754,0.006888190933988638,0.007288547090897485,0.14966180508024937,0.06980750740960817,0.00876364459464089,0.005098973018228053,0.012527475933859984,0.035349951587304154,0.2467811100707133,0.06054565565974133,0.06411092445773052,0.03716417719761603,0.009219713035278083,0.15342802472696204
task_te000900,0.008846055553276947,0.0028142566175999397,0.042144096174431205,0.005004074935165016,0.2437046721695235,0.014269088378242896,0.017599799339975283,0.2202977305461599,0.050356394691045886,0.1772572894688182,0.05473426932114694,0.011512890805477903,0.0034126100450193237,0.007437602431048228,0.005267259741963921,0.008191403240129255,0.04076893004872619,0.07132674282860842,0.0006385094677180021,0.014416324195923074
task_te000901,0.0034055111340457987,0.5108390577458124,0.041610306428675234,0.009547807774631756,0.006317734822258515,0.009114990796420079,0.019557847985525807,0.004288636491265144,0.0020767596035337023,0.015777797976229344,0.0021640729956940315,0.04207182007074701,0.009171220327070533,0.048658978065388915,0.007692142532770703,0.11548934486506557,0.059155898929400305,0.002744465226507833,0.07392694427291141,0.016388661956046095
task_te000902,0.01674252557749763,0.09724263948828113,0.004357544674299953,0.002734208603740722,0.0047049553665809,0.09333713057426334,0.0010226556807460569,0.007759468398171002,0.010104253849397298,0.1855436532704437,0.0112816803336531,0.0010434670655115384,0.014036836003797074,0.0025175545753956547,0.20038418661596252,0.012946461282581914,0.0389528810665816,0.28848057978827735,0.0008082336792589358,0.005999084105558497
task_te000903,0.05599779766610571,0.04050607245500259,0.031029367217040933,0.07032998651260214,0.08125425048661598,0.033563535135448706,0.05110726942756501,0.0699892142572141,0.06812933334629513,0.02162901618159376,0.026986018935328867,0.10794908375946938,0.0436427343909607,0.026237260440639208,0.03732502555791252,0.026815659337207844,0.02990669155078702,0.0595701511961398,0.06975471772996145,0.048276814416109134
task_te000904,0.002989772530126898,0.02999284645124758,0.03770377878417453,0.11717651371503196,0.035347992104871113,0.040258061408107164,0.009765676189605919,0.014073114603557525,0.05532976654910785,0.04466274563599733,0.043528098871445035,0.06045437739411894,0.014914343752822128,0.12997882361290747,0.07537960713320616,0.07294422845262515,0.007308737397159819,0.05763681840521147,0.06799606044712359,0.0825586365615524
task_te000905,0.009547874639823688,0.057688768848455314,0.0952509246443707,0.02138532578205145,0.015001859411421454,0.04577299904764102,0.028268555420779842,0.08521493004522794,0.060703355304821634,0.06723793297699783,0.02307298535722727,0.04274103037522934,0.060294166939625325,0.0731174155179069,0.0229958511466195,0.054453509542398325,0.04087851041090134,0.11039207816794566,0.03852899674209109,0.04745292967846434
task_te000906,0.03839367523675979,0.06103151439809587,0.039146132301387505,0.04290718327669781,0.0414101707289286,0.06056326790605686,0.04255570186686672,0.05344004944240027,0.041608122932370935,0.05618365013540609,0.08779215414532729,0.0456411294618413,0.03087983621400106,0.05989430681009421,0.02747596548528157,0.04186712850481435,0.04676561516937223,0.0837724363058912,0.05321484312991289,0.045457116548493375
task_te000907,0.07907340016006394,0.03774099145610041,0.2730388133848179,0.0033343164156350693,0.03159574079939041,0.0010828235546749606,0.04833543287951518,0.02693803957108278,0.048982787616284586,0.013351100015722928,0.020918946268481776,0.0013326749822080645,0.1140640768036887,0.18854669320855638,0.024894148840266313,0.01750266351744518,0.008803680346486913,0.0014622426871157708,0.022676933368193986,0.0363244941242686
task_te000908,0.0033586567170492145,0.005744319156502942,0.011170401234798935,0.004502016123314634,0.0075471127852538705,0.00543405361257008,0.0039106850400931845,0.8690187930394518,0.0040910338140230365,0.014241317995681655,0.003399711575938899,0.007756750674172722,0.004052440105503328,0.01337411873016958,0.010666486875888143,0.004872752972259542,0.005762266794438273,0.012801627915499054,0.004769791968164582,0.003525662869226443
task_te000909,0.005650012243602093,0.025843255194615698,0.009155658897956005,0.014046793466028846,0.029717837849818816,0.0074353795731789685,0.04638945637149314,0.09297253078982826,0.005415789233357502,0.014034799823315743,0.016130835576783215,0.03225434189181083,0.041264772797867055,0.008442385797103623,0.011636610431879246,0.0035818383094136067,0.007461171114201761,0.007771553212469976,0.586739812633226,0.03405516479204958
task_te000910,0.06265394909954197,0.04326934648696866,0.03348092830203886,0.03971623448420173,0.07396565298473165,0.06635004842142393,0.04036622542486855,0.07130709673731717,0.05358192566321083,0.042923462633039484,0.057903943496096656,0.07702058537476418,0.08056677748675918,0.03756756018743811,0.03329381123699504,0.03182325886262065,0.024125199851147656,0.028769944412860685,0.0604271011413688,0.04088694771260611
task_te000911,0.05729224994742771,0.04841301339150017,0.05432731443781894,0.059106163412552835,0.05394699297851027,0.0643821499834445,0.048917906426328865,0.04569736259892725,0.058652314459713195,0.04528617214493625,0.04256704809488996,0.04335158342217473,0.04579440226370619,0.06763221326997142,0.044744909928497056,0.04856191803115382,0.035968562992672246,0.061059863582624455,0.03304932927855389,0.04124852935459625
task_te000912,0.008355581708693478,0.019485196547071502,0.024551091906202034,0.009989341187019402,0.2703371030087427,0.15668976005686372,0.13179213024795924,0.07277570860651769,0.009158690534291705,0.004476790773039042,0.018154620303802892,0.005923408232478992,0.08072221976364424,0.009762108092879158,0.0010607876744369144,0.025102728225985596,0.004812515205140529,0.01785773381857635,0.12184983057716074,0.007142653529494139
task_te000913,0.019768587311566773,0.021414261022233858,0.0968988110703387,0.07803515332104807,0.045884816477963296,0.02444281376962085,0.013303005316172643,0.05047710512510468,0.0772771022992651,0.014820965552457389,0.069642828462954,0.11831446851714598,0.06654872089533727,0.08228764910977127,0.012525232889031677,0.01787608575248064,0.09642398458617034,0.06246324920325515,0.017041009834768313,0.014554149483313962
task_te000914,0.16753681483296892,0.10036441712654944,0.01427598886163829,0.03213482321705026,0.021274668904327883,0.030868386514175332,0.03111396257800934,0.013301163454262565,0.022488501579107128,0.07605499664089438,0.010774719799565183,0.03686130790355814,0.012152614874178297,0.016339387489252566,0.04150583558769406,0.015408043741251412,0.2845842994323873,0.04318197017043526,0.017808697431381814,0.011969399861312497
task_te000915,0.00584849215042469,0.08219846388157724,0.09229362923112036,0.053511796111511856,0.008318533573795474,0.008625846339132551,0.004566154523436653,0.013772454177774916,0.07084474595795288,0.03837134255442391,0.09447047145585304,0.09711734238199297,0.0055895137705099344,0.07998008214683751,0.01731088849742598,0.040063052406450604,0.13144437097638625,0.08359412326515564,0.06755775775145048,0.004520938846787043
task_te000916,0.04578405031822386,0.02942585282263595,0.023519932155399062,0.04256524293641801,0.016577068166521127,0.05251553047175397,0.08959199209878568,0.07092269767623073,0.0764138801728183,0.06302529148827687,0.06866079752922617,0.06558726242952997,0.0342218393946437,0.055353911504457405,0.04947229671039989,0.04724848900242647,0.03080349370130053,0.0553850792685111,0.04348944964622773,0.03943584250621336
task_te000917,0.040056730464685913,0.04182769746425067,0.01936315931297901,0.014043757461802153,0.11420278334947848,0.020970392422687823,0.013654960968110634,0.07218061647793843,0.03047586998799982,0.018946855949878792,0.015416994456877,0.16166982905041266,0.013569582671310478,0.16538947616550956,0.09982322371474975,0.02832202094983249,0.025558849507154313,0.01150167310647632,0.0480970235008246,0.04492850301704114
task_te000918,0.017044286226360776,0.01613781895956856,0.0729171404406149,0.028877790809658466,0.0492255452575562,0.053298941393183565,0.10094286834794787,0.07452696162489218,0.04889947409378779,0.04321703180332699,0.020093743254186176,0.07255895719527766,0.010810755150884435,0.11360937031815366,0.027902994098460747,0.03467720887032531,0.002464136695138917,0.12580861668145218,0.08195851853611766,0.005027840243106013
task_te000919,0.08249102153729966,0.04662624264204058,0.3108515682756422,0.018310740102438824,0.012528348136664341,0.01447795210330332,0.004600843059011746,0.04759732663942243,0.016754765417943927,0.004203925011078642,0.009366409750967296,0.012395592321339969,0.01685376116767111,0.005930240490854176,0.24871238940119675,0.027138769875054675,0.0223094875024552,0.02870873013429808,0.06376386773732678,0.006378018693990367
task_te000920,0.16339226835931359,0.006371866687878604,0.10792036075400181,0.025004086720432726,0.004846942333735349,0.001528135838027525,0.0022755641735082367,0.00447079755338502,0.0019155012191635027,0.013739660025477683,0.007931409248222488,0.16422190409538515,0.12668776516382196,0.10450955501722502,0.017499804716766043,0.08849980568016917,0.012787711200653825,0.06010415422238064,0.0677662149051664,0.018526492085285215
task_te000921,0.047637885565058824,0.07955411052510702,0.04372890439282081,0.07558274705527568,0.016736369008625667,0.03192082923625212,0.021905112242646654,0.061891471703363975,0.020851669712888203,0.026345576972781653,0.04461265922628084,0.0863907272493055,0.01751619421186194,0.02563288727852673,0.2943547461053623,0.0158203632020376,0.02334611522717016,0.025324980993323302,0.019065429670711693,0.02178122042059944
task_te000922,0.08878156588768435,0.004752162922148949,0.2999741567074768,0.00473531698061434,0.009312082639965271,0.00140194774022359,0.030080026934999428,0.013960722854432686,0.19156505326218462,0.002129783589718934,0.0011759508156200988,0.2607889650527522,0.008102532037410973,0.010925399692249746,0.002565175015391152,0.008017121564046875,0.039616910884130795,0.009277635838621448,0.005544823816129544,0.007292665764198247
task_te000923,0.01805837546711009,0.006169658933444801,0.016947752332586122,0.002529898110857062,0.0024869176353673667,0.020915300379042004,0.009201938439483536,0.007865958000682127,0.49601605922111147,0.022346265869523645,0.009948346708043131,0.002232753844994139,0.006864540033754113,0.007455388979558031,0.3016658923818356,0.022625146172431273,0.027238485110648775,0.005553108981762601,0.007421927925445704,0.006456285472318383
task_te000924,0.07408107753550602,0.10804283307538025,0.007148257388141681,0.04611000352519951,0.07086042923378033,0.041587199540479604,0.03345759498616156,0.008985992138759122,0.061813966805170394,0.06840671428611529,0.08382461854465956,0.011758722534983907,0.06320465917361713,0.038942057630325405,0.05515267729022483,0.06499216020635516,0.017981648219478646,0.042975759493977736,0.056652951297582126,0.044020677094101866
task_te000925,0.05995708183563257,0.05055619485696073,0.033138578397582386,0.04432651439036563,0.05222657632513916,0.09891909346702364,0.04236452242010602,0.08129095516822703,0.06205477971568246,0.037976362158120884,0.04643113105608668,0.05019956551830428,0.02135305441532323,0.051005210422052444,0.041707415760408546,0.051533932036067695,0.021463791495867236,0.055445757898886665,0.05219242103970062,0.04585706162246188
task_te000926,0.01671465504911846,0.0035618626321194872,0.004846597858773358,0.0037087942495261893,0.006357960120296391,0.0040328118716841665,0.06357937369483818,0.1552915993770374,0.012399357858984359,0.007496172148477079,0.06995303285632151,0.003782817028640695,0.014330853919418317,0.0982864530347005,0.04685694665681975,0.23732384865137046,0.011898619054772025,0.0021777975493347227,0.008916106856877116,0.22848433953088962
task_te000927,0.000987668646041796,0.0027266504341023085,0.24811196275384295,0.0040220210832695846,0.0028952431846783143,0.20842986691771934,0.020530464196160367,0.000742653491645771,0.0009710263117112218,0.00046840443476140663,0.07919588739740446,0.17885512272697573,0.0820561037942424,0.03750203545169285,0.08817785173223784,0.0016446999418354802,0.0007534652515590936,0.0006539157171086079,0.0016142693408177093,0.03966068719219278
task_te000928,0.12503532459270417,0.013433431188834968,0.0075362718483564595,0.08238774358343906,0.2453707696535,0.015159604652343839,0.012794345651750623,0.027588263436877418,0.00877397634268084,0.04748544424600552,0.061189752186218506,0.008340074332030453,0.02016988304254889,0.014720107701376033,0.03528694878859192,0.09477433834043147,0.025338096094906046,0.13249845779367095,0.004544637724362885,0.01757252879937008
task_te000929,0.0494627173305161,0.05125493178433499,0.05356857462991822,0.04073165320026446,0.0736852944801726,0.06406390875202658,0.042828685839323775,0.05488813016986766,0.05188193827757866,0.07332870118877968,0.040332966796784116,0.036579896216857574,0.045560975777747884,0.05062020768875831,0.04382260924181822,0.05417127873187733,0.0549416728899111,0.03718130877036713,0.03710406819934638,0.04399048003374937
task_te000930,0.017789050521500573,0.20277871501707864,0.1941885389921555,0.03604092663209517,0.012487893045691666,0.005088361664071298,0.01171546260101188,0.0031804283940502615,0.00345135857816277,0.041405749885009224,0.15675088642100987,0.010825062303643596,0.009241854195211542,0.05919651414494877,0.04924931726271589,0.06414973043033943,0.007387214692049247,0.09265322282501903,0.013135535645646118,0.00928417674858937
task_te000931,0.030222594182136464,0.03382259992473322,0.040360155713873774,0.02405435984591856,0.09213353151856192,0.08554590741268761,0.09275312152325414,0.12012781584069207,0.029141439431606166,0.02193089194641488,0.04288734641368889,0.05833655297290913,0.01982075193237632,0.04074065685775888,0.05434205968177223,0.03094815676122478,0.03683228622921066,0.06004013581797923,0.04779707699777913,0.03816255899542196
task_te000932,0.08116529578414663,0.03856137783296193,0.0776962077642149,0.04927463836643799,0.034323957658543,0.030171824185574396,0.029488106436577635,0.02077845673997515,0.10276711281884228,0.08898116127957151,0.058412027931560154,0.019978351615506925,0.07070046236775872,0.017795447244603798,0.05594453014363695,0.05800570313046637,0.10499610904760653,0.02281944931298884,0.02652047563994743,0.011619304699078835
task_te000933,0.02612722947227916,0.018742718913161854,0.007259984153131069,0.015393795376380241,0.004051554069528126,0.02678511870573357,0.010303217938082853,0.07814802658713778,0.03408645685131606,0.017119757051832333,0.003035457401481394,0.05783336913335683,0.07175719531735954,0.4451818182605559,0.001149825553830384,0.019470290754141945,0.0840035649408989,0.010014421159103882,0.015119799222145723,0.05441639913854258
task_te000934,0.045941089804444966,0.05560788596675032,0.030897242339941344,0.032036062437451655,0.039491761047331285,0.041002450384970676,0.26510523273277364,0.03349198896407905,0.0412906550326395,0.029981139995255767,0.04182977992785573,0.03743165334961622,0.045431652443651285,0.0283318999082958,0.03173001908074938,0.0481206931460095,0.03623537983133002,0.03298722126182417,0.033474966477715036,0.04958122586731488
task_te000935,0.006978497878437254,0.006476008081595631,0.005090209341671383,0.002582374331482753,0.005226816182766842,0.0029236559790163327,0.0058019321869607725,0.0029406394885005543,0.01081298263308545,0.0181607082627687,0.005607408376304785,0.0058203543389218045,0.004979618920779647,0.6514192660801036,0.002603386913861221,0.0007732241496229194,0.006934317729708102,0.225765097318862,0.011285772803349903,0.017817729002200536
task_te000936,0.06687077489484507,0.084886661135634,0.030259713291007535,0.07230341923444852,0.054723300520305294,0.056624812547940204,0.039497475787305024,0.07444574020714326,0.06182040759532976,0.030787775383882585,0.044374217581013155,0.03585906329420097,0.04877694339422582,0.03825424779833895,0.027560288083485762,0.01916443619114039,0.06430938965754092,0.08185205436610671,0.015142054293308125,0.052487224742797975
task_te000937,0.0024640349018118257,0.009886113810810813,0.025271883578390903,0.00539583333917203,0.0021247712579607544,0.05506450719836647,0.003282009833871295,0.09262227406224385,0.32667426789326665,0.0020107185972149514,0.028913828260445064,0.020171734637394124,0.028881676980653154,0.010508122658575871,0.0036306818608522235,0.0028005712750026023,0.3474913461820614,0.007239833685040908,0.0032943951670489284,0.022271394819816295
task_te000938,0.01933360542882099,0.03343099783610709,0.017779825714072998,0.03164656892575589,0.12914202606063327,0.04730802910169542,0.01235478372762463,0.03681464576446919,0.011941196497611896,0.022545924044754594,0.004938700584213682,0.06950191689416631,0.005408613317907951,0.34448889385133913,0.0034456632921778044,0.09267656867966337,0.05469801897682767,0.02022315835326305,0.01767243735407253,0.02464842559482259
task_te000939,0.026974985419048234,0.01253749218768418,0.08845679998898127,0.014976990157063462,0.15084003374783858,0.04103819758794172,0.03584438302548845,0.09738627234837133,0.05338889597764077,0.024947853018876722,0.008501502745838106,0.05305784932581063,0.0076052044490737625,0.06930144084710693,0.0745690192618152,0.0747041678136761,0.011489082846114579,0.012680194844743576,0.034147723117098905,0.10755191128978747
task_te000940,0.035554333413996275,0.09318863776358065,0.051734027577699876,0.05624932279026513,0.03411880290016603,0.035475787012438066,0.029777833327305048,0.0481420315376876,0.05926086138319222,0.07192567520285298,0.025729300186077022,0.047557107743355524,0.06778191049510808,0.04928060251628588,0.04928674101244104,0.04685131408050839,0.05937678718782329,0.061022742408194414,0.055582746131486234,0.022103435329536333
task_te000941,0.05279631229643951,0.12402309540102828,0.03994562582241778,0.10975795697874911,0.001886940741392687,0.005458900132256001,0.010079750679753089,0.042630960832316975,0.036302015415532664,0.0065322391490443615,0.3583382468477842,0.006001838641461574,0.003646668700697947,0.02414054099768158,0.04687034309073102,0.006850200373851403,0.011730869546027622,0.011667790448916995,0.09462145798415014,0.006718245919766961
task_te000942,0.006973684641854591,0.011780137904892051,0.003701286299604018,0.027625196448011032,0.027018510929594685,0.011780277728693526,0.13172410996821984,0.01966082003882926,0.008534468592577088,0.002389757280772575,0.03152340685570435,0.02247768084318684,0.28747524222855136,0.07625135842483337,0.009501622978389733,0.009770127384989655,0.019397458690171458,0.012043433966074933,0.022514352118787537,0.25785706667626235
task_te000943,0.006039456326510239,0.05493029512542678,0.01582571974716191,0.007857590466422369,0.02696593742107654,0.009471485899644635,0.011568170290838276,0.003916317001357238,0.005219667326648368,0.11181968525654849,0.005035287547401797,0.23397340339183462,0.005528190244099481,0.009565361322800519,0.023837392896772402,0.01195044107886937,0.0028304291247442186,0.35534650026038256,0.018361950704025666,0.07995671856743446
task_te000944,0.03648126184497371,0.031233002532013065,0.03418824394066674,0.05117729917287075,0.0346014943685844,0.08084382607328487,0.04964834315210535,0.0665408936163762,0.16440206069711974,0.04243976618371198,0.039992194792815565,0.03825819852747255,0.04158235665812345,0.05537526633648053,0.06198961592758777,0.03726172278645456,0.029999610245906066,0.04134974645988601,0.04323182995435701,0.01940326672920973
task_te000945,0.13436730715362413,0.0769510551784165,0.002559697971458687,0.017028354913231247,0.017589436993129905,0.05952943623247354,0.005066734302070572,0.017848853074620228,0.012230378089780024,0.009884481250546324,0.011788232671278194,0.09349559751250948,0.00879227321374519,0.1015303951015418,0.10982478496349857,0.0031507528560682824,0.006519001845231524,0.000696445686175286,0.015255282242155506,0.29589149874844484
task_te000946,0.01138193977098789,0.017883774728209283,0.027326192816877495,0.0024177599069836455,0.3030108815230343,0.016732965560240308,0.0025704309844617377,0.005858837773335556,0.008084638949994413,0.08079002320909554,0.05521027958260433,0.006092222037772792,0.02838559976745336,0.0047765291628134796,0.015549724970152586,0.3925770220728808,0.0051958459903947195,0.006253183357100186,0.0057010563096967165,0.004201091525910903
task_te000947,0.011650068762896504,0.07236993912993012,0.008878169469693026,0.021162411396591446,0.008484070331995733,0.006276059937754327,0.32444582998434246,0.10778738188611951,0.15682912012128225,0.0006251261855565299,0.01575971104946769,0.053426094784805506,0.05231656598258327,0.004761999523864745,0.011316099234962018,0.01772842878852517,0.003260705972221643,0.017814030214407243,0.10143475884930961,0.003673428393691244
task_te000948,0.09978179203368343,0.02317696878902936,0.05526983804597077,0.045993728648769876,0.025243872574668792,0.03689276275189527,0.041466787342414185,0.09425665585634643,0.07370197944232994,0.05244176977861705,0.0968505301353627,0.07472838637372196,0.03258101853537902,0.028637165853403583,0.025462689182700372,0.02209316734679956,0.09774876452139213,0.04375686327540784,0.017337675456171313,0.012577584055936482
task_te000949,0.031058031047448115,0.029916010045499743,0.029348548355342213,0.11429055247462472,0.060884913860209985,0.013583371514926607,0.03765861085419978,0.022757038129168558,0.05576087565245126,0.027298168638242977,0.07083711224686602,0.0320325758030179,0.1141288927265159,0.13756820442102105,0.052146600807233726,0.03778733379916244,0.033604675037267245,0.0049523965225896785,0.03354514630355882,0.06084094176065339
task_te000950,0.018349958749888536,0.045943237978237066,0.07049595815733196,0.026016112274826156,0.09214267435420209,0.049960006631788935,0.03560320607239244,0.019549764862686163,0.04704345610109204,0.0327182865242352,0.07171361840263023,0.03564063040064142,0.08546427164925857,0.04023704036478455,0.10231977958215295,0.05473091492969891,0.06863044960427454,0.03297790221370514,0.01592810228052047,0.05453462886565262
task_te000951,0.13203459350281438,0.02706241966216834,0.010038793393412149,0.041488085584301226,0.03354196728381855,0.11850918097743973,0.019535100906801585,0.0832524168337079,0.05799686689167426,0.060980849354345744,0.006023336599275143,0.024049729014550356,0.06201814424040642,0.004199974417578922,0.010175221868097927,0.0666685148127094,0.07610306325633023,0.004473786525057418,0.016858170346989814,0.14498978452852063
task_te000952,0.010353740074121091,0.03045905277255742,0.09369115954727533,0.06744137652989618,0.1090636450392877,0.1445354331731955,0.006049659571312092,0.08118273354896806,0.018175441083095517,0.06343927204247524,0.015313102257048778,0.03459567472432682,0.05657482216163888,0.0207995341029589,0.015526871384732814,0.15492075053002466,0.00916550226469756,0.0364939537343935,0.015826042938759718,0.016392232519234176
task_te000953,0.03493179161314739,0.027361385482809607,0.029633004752297132,0.05686109376840963,0.05012717016102178,0.038625507423967156,0.05559636312587169,0.051834825700826793,0.03722286650050797,0.08156337440265414,0.05048522868533559,0.07005258170997794,0.029593718251423626,0.03143425509476714,0.009829690622125055,0.03673353869907606,0.030223942844040022,0.07801307045703003,0.10700514635048172,0.0928714443542295
task_te000954,0.08220436158339706,0.054199106880755785,0.0493259412945979,0.04317050676609657,0.05173139594689489,0.04497588619314685,0.04292047815000041,0.04637493000036026,0.05911931894928253,0.042386245093823716,0.06049279273661858,0.029063348070248164,0.0364979386805319,0.045840806982097734,0.05386533908129936,0.02873254129618318,0.07042907552232436,0.0596877875776341,0.04228688269521495,0.05669531649949166
task_te000955,0.06611089994798829,0.05311639270268471,0.05503373806603192,0.04045977375481349,0.05792054923080372,0.06850334569266399,0.025684458600692607,0.031203383853288087,0.07703404714740811,0.059353101238483946,0.01885130359454904,0.03188615330087039,0.05215084983200209,0.06078939264284225,0.07463613413725508,0.04391331074950064,0.046814378332410866,0.017083112228218438,0.060526584955627495,0.05892908999186485
task_te000956,0.04058816214826708,0.06284534270742594,0.046338109146985544,0.0986312466457529,0.036394899135010685,0.053592389490195055,0.04061454263742715,0.048902393405254894,0.0526177385234361,0.051194760303858736,0.03873628203284771,0.0585819216527362,0.04653437593311553,0.051648266773734436,0.05901496230431451,0.03627104525758214,0.046228371448873595,0.038875053850174326,0.0404912852292842,0.051898851373723194
task_te000957,0.07724540667247856,0.0511068737781313,0.008301917716670482,0.021562163935231242,0.05119079640509395,0.012166674079687797,0.07410541191715922,0.06777382319391774,0.02246439193177957,0.08486846062397915,0.11995420881768512,0.030973467800913694,0.08354922566066098,0.06223269028904777,0.042509422098540695,0.10770922529842887,0.017859032656857798,0.02684462889994263,0.01709760198542554,0.020484576238367892
task_te000958,0.09085583953965631,0.008494485110038143,0.05753425979362389,0.015479043653537276,0.04840957389323283,0.06847608497828474,0.012342958686319709,0.08924916657069325,0.04929599759274571,0.06001292522575589,0.08422395875816202,0.08949327114591629,0.010717361005607544,0.01404145370295705,0.07638868488502622,0.08608035631268787,0.011169007933691386,0.028587695551034863,0.04751527366617161,0.05163260199485733
task_te000959,0.03565320349945092,0.0023635304281772315,0.0002601439073297967,0.0004962530269026978,0.0001613696991949573,0.00024276052089574647,0.001710302965871556,0.0009638120787997332,0.00012951243461736413,0.0010181322793822384,0.018567414044382297,0.005676647889961577,0.888714095880047,0.033316625568493935,0.002720626529177994,0.0027772863037042925,0.0005501927053836489,0.0021718729218053482,0.0010585086684013502,0.001447708648020106
task_te000960,0.040919111712937564,0.049910634201157614,0.04717264864467524,0.03348733385028716,0.04167383114514815,0.05064288071488231,0.04093492879657286,0.03986925969076383,0.04471083532376785,0.05609993557091662,0.06729553419367705,0.07062209444348835,0.04067022325964995,0.04196112233902366,0.0427927964072111,0.05648413596410811,0.042208913403101414,0.048258496550191966,0.052492005335663616,0.09179327845277543
task_te000961,0.07864040260431893,0.05781118619421359,0.03909318048575045,0.03887624000123194,0.05413261884152384,0.026719071162911515,0.02860500569294335,0.04656812312751886,0.03485423245666242,0.057379514107055246,0.04505223142927192,0.06987273433647889,0.04490191613193223,0.047066222437415615,0.06735152806066177,0.05044547198631839,0.0578737668471206,0.04941006316732077,0.06181868568930162,0.04352780524004797
task_te000962,0.036616300272132606,0.28531380594688055,0.06258648544197155,0.018126070429896675,0.06303908440341915,0.010718451605833006,0.011926883780152817,0.05901575212803656,0.010612321208438918,0.013925553471920286,0.09404663411353446,0.04512777379004508,0.024885772286395498,0.01208526537008341,0.022527965976912943,0.01187221730816234,0.019946845785979047,0.014336437122622728,0.08600137335780572,0.09728900619977682
task_te000963,0.02777222285961872,0.04023584239909511,0.02853876942690561,0.03910301031196909,0.10680373065760289,0.03415786327257813,0.11412478241818183,0.0663238505875019,0.03096295242305215,0.017041697817944363,0.030924794117749427,0.02293931574684012,0.04781160737416458,0.04805023461606413,0.06891420644362432,0.03468513487566419,0.07469561373073473,0.03468566273469341,0.014031765332811256,0.11819694285320408
task_te000964,0.09360499441602568,0.05532103947893753,0.05597318863890873,0.024261706710183475,0.03220710681723869,0.029508085932226428,0.02595605105433717,0.03262727651328538,0.1621480747801387,0.04325025417555451,0.061802124590751725,0.03283704349396545,0.021160091333203308,0.03957406980301846,0.050080502503295314,0.036094076957444154,0.06262313184498013,0.05494069096404644,0.02516736262227164,0.060863127370187155
task_te000965,0.034501574748522376,0.04022684472555292,0.02326835124827819,0.01621084237751641,0.027620211415099263,0.05371151063205265,0.07215774817060974,0.006084776327377236,0.042807117794933486,0.03853722580985596,0.034415028101394435,0.03167634440630493,0.010950839074683897,0.03620526737806316,0.13190340220916213,0.07492023761309594,0.04486642157970162,0.031895765819398875,0.009841712849211297,0.23819877771918554
task_te000966,0.03920077466411715,0.031006767174167678,0.05575217679790053,0.014278417298355581,0.05885702031089565,0.07955311549521918,0.01789814281186993,0.022540622617029073,0.028664613390738048,0.05192084426865441,0.031964555529335976,0.08856736390374643,0.044330301657588445,0.031210440597677275,0.08708422352840954,0.03847135327004907,0.02715544367546129,0.08932457335445743,0.10725940010740814,0.05495984954691908
task_te000967,0.0034396422984993773,0.0018591642124541204,0.011828934300999693,0.005697830182270571,0.010186684885813197,0.004339525451923049,0.08619587411308317,0.0021275282248627517,0.7374443783333001,0.0020783729109836845,0.01968714334432914,0.0005012316041289578,0.024323053787916292,0.0014761117496282403,0.01900712543102505,0.02780611485900729,0.008046809615260405,0.003938581195518282,0.0011806458770734782,0.028835247621923195
task_te000968,0.009630400094055325,0.0029251381701449084,0.008871632806825536,0.2466590718075341,0.045742569933751254,0.0836334279885107,0.005362961075850411,0.01616554389388206,0.005396143974373006,0.005092947504527542,0.0199204794913581,0.17831795191534558,0.0029865344119071615,0.03765198819840809,0.00595436389369232,0.033005859907501524,0.2049773097554006,0.009343155696198679,0.02408062007935995,0.05428189940137313
task_te000969,0.014253600061667643,0.049202560183464236,0.05329070350500118,0.08186205376159725,0.06744583199269001,0.04770058704130168,0.026622671862551305,0.10043751485005666,0.04104816794126335,0.011687142214994777,0.06802356842267805,0.05921218529245827,0.015710959128855978,0.02875821895424399,0.10202720101089878,0.02078524162706335,0.019876876666479054,0.07569112080675604,0.08339703536418937,0.032966759311788885
task_te000970,0.008880441775133517,0.1900654509347671,0.015739714570367207,0.02274769803429647,0.017433488127751272,0.005882829482591543,0.07469016202805455,0.09426906627726846,0.022473829012092144,0.06254217185003984,0.018478721257187622,0.12814864323767478,0.008658904876904376,0.010756203147879943,0.08065074753629746,0.0020741035813330562,0.07820249890654267,0.020327086248702088,0.08680888929788022,0.05116934981723588
task_te000971,0.04595368690753241,0.05868658161969776,0.08820541707901183,0.11738665606855267,0.0061281361519544015,0.012466070359707052,0.02058913226639466,0.016240171944031812,0.07587819355992968,0.058089899411746485,0.007029166459919999,0.022763086076981874,0.1621929904635627,0.07572381173495214,0.01150222955664491,0.004916378246461694,0.044825036780316706,0.15288800335646582,0.005453621700288108,0.013081730255847248
task_te000972,0.006643920358420353,0.0019271126177274542,0.0008566448128553341,0.08416927473671747,0.0972926334315408,0.0015688746449984258,0.10349666199652185,0.31385921929117655,0.013043777017167912,0.001852679230506176,0.0005976419483412113,0.22856285245947586,0.003406109951386472,0.12527260710632301,0.0017593359314044838,0.0019414449857855943,0.0013668942718393854,0.0022573441726143517,0.0036639282854392338,0.006461042749758027
task_te000973,0.0008845037064963541,0.14420382926867814,0.054894276374065305,0.08875502589097761,0.09749134589259342,0.18257416613626212,0.007241002861228479,0.0033806465178194836,0.00792906404895382,0.0017995690745617947,0.0037235010490191257,0.007359684524568726,0.07647831897875032,0.0022366451396483374,0.15840790386158218,0.007281032888789645,0.005800037375096783,0.001959088836326098,0.002281723546831632,0.14531863402775055
task_te000974,0.014471411103209661,0.18238819666892944,0.0013050373398952088,0.16644602443325116,0.0022973977848265827,0.0024131827201818888,0.015332708205891929,0.07990659139228537,0.08786843075046279,0.032937262263892694,0.002507616332954964,0.0027171659101103266,0.0048096563511259155,0.02522027018295776,0.19959566185670433,0.0016896048116021975,0.008848110334652276,0.00498415357895624,0.15942118960261453,0.0048403283754947955
task_te000975,0.0476738515384352,0.03003048394940789,0.05443806040451708,0.049962499652267914,0.07420369486715012,0.05318042801214951,0.056937453257919185,0.050584240981843664,0.03150785924131133,0.05249936036583901,0.03913970373982765,0.05766289026834319,0.060772316397797135,0.02919535491789931,0.08511252964735386,0.047991788572539495,0.04885545735199005,0.04400006388074311,0.0462131152718152,0.040038847680850205
task_te000976,0.02952841321707416,0.005604804792340225,0.01431182186337995,0.017145575527759832,0.00759885042033204,0.016313377827547527,0.09318652348416877,0.014732313254583832,0.00928714913822618,0.1393827546020318,0.015019802161125593,0.00779403180414349,0.018044663965581294,0.01744388591724174,0.009160458548541904,0.14016057608320356,0.1812870841662589,0.010552245466279688,0.013005415972271448,0.2404402517879081
task_te000977,0.013540431070128795,0.05792646862453486,0.05905741281956931,0.04749494091855853,0.09975643846582062,0.11750428592080374,0.02180690998095049,0.017980095507394208,0.053516842254846306,0.04331890323196534,0.14621249613004195,0.08597339939240499,0.014587718866650012,0.030047479672280213,0.03444044592602005,0.017220470988380112,0.02830032555141284,0.013898081464848722,0.056012780292975406,0.04140407292041363
task_te000978,0.01019317182756455,0.3091042386952836,0.001471397573640887,0.05795564923700282,0.0035742767144367124,0.0027271271843126166,0.005770610073457812,0.027646722736002157,0.004984567444547433,0.008234658480820447,0.03747579065026675,0.00281178127669186,0.0024644460315458206,0.004209863976036578,0.0072863119831067915,0.45747459519469774,0.005284426970527404,0.0006060855051606771,0.01500193090459485,0.03572234754030241
task_te000979,0.33499105707310345,0.15342946229669413,0.009019842494576777,0.014569799433540028,0.1401974142824362,0.008914345250687258,0.0031357575833026734,0.015724541716092524,0.034723421718081286,0.018562051975492124,0.006542846144651345,0.0009083401511311381,0.010609594201607855,0.00479374505686225,0.07735523306196986,0.007840763199594815,0.003413931497026391,0.01259742753020529,0.09826223349157073,0.04440819184137383
task_te000980,0.04122230564912316,0.045703638255707564,0.04136424032753351,0.05711334191835619,0.02343802785052767,0.04385475584677554,0.07499699231410831,0.046284978867762644,0.0487457388708398,0.06608731524065792,0.040139012661753855,0.05229511771981304,0.027443469017682368,0.06093048061797621,0.04462212594104541,0.05981981036796857,0.091779785486935,0.06360307573848989,0.04373033419933927,0.026825453107604164
task_te000981,0.0010798717960770704,0.44687223447736907,0.002980300909079885,0.09400968029927775,0.047759443300674255,0.00044022205152684116,0.0037548572696950405,0.0012432493752135116,0.0033956308940952715,0.003601927528644724,0.36429412965122876,0.001698721082150108,0.005914539360073018,0.0021406816677707846,0.0001677297106536031,0.01271474933507677,0.0010697183331012548,0.0008273197282794406,0.003418075246066215,0.002616917983946682
task_te000982,0.045441514472215803,0.01280263781444462,0.1324504630569908,0.1140115344514254,0.002085041268635753,0.09779804429859303,0.04965674518160124,0.03499909966810936,0.01971888440510709,0.01853619414524436,0.241920930955724,0.007415227666357422,0.045645901111046154,0.0053690710862437435,0.04072929383129671,0.0316663319970099,0.01758948954432102,0.011505398205260794,0.013726678567788222,0.05693151827258467
task_te000983,0.013034911315473083,0.07332933790127187,0.009435179082801429,0.04494411396449482,0.01000159009401207,0.03569744825965052,0.10332078738899679,0.0340623628667582,0.08180816392699872,0.0869122822783805,0.13313927621144306,0.003856089064060404,0.034439924610735674,0.08359349519931912,0.03542831108185916,0.04595137313159673,0.09421957754394779,0.030816723978893387,0.03796437029388686,0.00804468180541986
task_te000984,0.06997277988168654,0.18783168390957433,0.03148341477359383,0.12679465710716706,0.014824675430532515,0.0034881357177485943,0.006600284564665428,0.0997989310949028,0.14730841130910896,0.00891955078237262,0.007376065699960272,0.022367676729984007,0.023262523435491303,0.09746509161331622,0.008238370175188017,0.020303038206137217,0.007692633587001404,0.055484855119329005,0.049129363931291775,0.011657856930948075
task_te000985,0.0784754618962613,0.043104646769832916,0.06028079054565265,0.05301636810540659,0.03639221431098143,0.021548386402186766,0.04361776081653992,0.012201794347933963,0.04080056336391686,0.006135918081669341,0.031991100077258444,0.10976473579974245,0.06271181842160603,0.009592307111826747,0.01775336307991691,0.19761488430087515,0.018567198389748338,0.0783944319663351,0.03099827829965359,0.047037977912655515
task_te000986,0.028049025144532027,0.05636808034933088,0.05355672830141503,0.07868975430421933,0.026396869338125555,0.15546587196994713,0.009088525288698643,0.06916120651213999,0.04100980028708538,0.033601244701027745,0.04809911719492101,0.08214628352551845,0.11412019100201078,0.047130692591054846,0.019484340263478228,0.028492698892273627,0.03980874891202135,0.008786560752563727,0.02654989110861255,0.03399436956102374
task_te000987,0.03663624537950096,0.10872753187739917,0.05201127965477773,0.06255353072795901,0.014941935740448505,0.07498264286892453,0.046509407622683026,0.08928814695483801,0.06055383713977444,0.018482813276941564,0.01056032716527006,0.018590568846330886,0.09347973061324319,0.10566634633881153,0.0073511005441751105,0.072662682695047,0.020850017398474755,0.05597746787451084,0.03723843906899805,0.01293594821189152
task_te000988,0.01795189059190467,0.00808681630532143,0.06900892503568985,0.02996923799899266,0.020293514873960132,0.02972194359775785,0.02687231777526418,0.09420601377731284,0.017491890151342337,0.012146142051642635,0.07595103574081809,0.051240083946138666,0.025040301256824556,0.0458484932146289,0.03267077193943643,0.05566991425295013,0.04808702350014057,0.020008626119696598,0.31755638287611765,0.0021786749940597115
task_te000989,0.05156859189852506,0.02859545680285163,0.03862487490913645,0.051657525382383225,0.040746120251292046,0.0561747546655802,0.036686626029348836,0.04351419032363708,0.040101801132036013,0.014894923573013743,0.05272938343510173,0.06028644439987216,0.05853646175427861,0.09695896015578533,0.07224038112695151,0.04982152971803584,0.04138937804662402,0.08408244758575854,0.053510013742997645,0.02788013506679022
task_te000990,0.07313901921440494,0.02562581494679658,0.026673576816335778,0.05029518098339187,0.04569868982595637,0.026086688434659625,0.03211104729126406,0.019293787450731077,0.09991757071477214,0.07580337941143987,0.03594845094879244,0.05013747370125298,0.0663965495272339,0.07651186379408734,0.030658312684916138,0.057106968589227966,0.02270228827736317,0.0573622820236937,0.07007858796249254,0.05845246740118744
task_te000991,0.004123575287910464,0.6111628122541768,0.009542807597820916,0.05517188833464263,0.02102862659893029,0.0002921843139737351,0.02630802404915213,0.12246538909655644,0.024669318406566155,0.006200899567571626,0.007195927848572271,0.007787338382223371,0.02295978022084784,0.02538073090688784,0.014389781281324496,0.009870177929213526,0.007188688150556885,0.01477992772140597,0.0033122007985882302,0.006169921253078464
task_te000992,0.1034486688051238,0.04245860744250709,0.013613177681039245,0.0099744528380408,0.04189998167431526,0.005741353515844831,0.0189442715423313,0.004110863158761799,0.07740582642943376,0.04184441764985564,0.006117061269339381,0.07898413599446455,0.03185375384874625,0.07333821142228664,0.030196002017637294,0.13161155679768313,0.008162095358416051,0.016003228369267278,0.21167600737186418,0.0526163268130418
task_te000993,0.018941116409538158,0.038764987296912995,0.2638480525587202,0.01774977528725491,0.07402150235965389,0.01922990737775406,0.028932950820753447,0.007856270208075805,0.012948913411713829,0.11381237363697251,0.03628800500886369,0.015760569786657627,0.007262332707682756,0.003750984005421001,0.05121542806202485,0.11692501302242701,0.011251631116002631,0.051244918844357244,0.07355691461421442,0.03663835346499905
task_te000994,0.05258462071341686,0.0020415430890978847,0.01546551622724313,0.10547947190505022,0.02168292890820355,0.011795440825463886,0.012541475335693183,0.2527338254435752,0.010866056723687718,0.08507749658275834,0.008588477152544724,0.11826792498162723,0.015022438307876711,0.0026838157889837997,0.040268121839531,0.018285806884895263,0.1292868171363177,0.0005171501758938641,0.03601074230930932,0.06080032966883042
task_te000995,0.002044819680716275,0.12515364909505577,0.195049962411074,0.009934360602695477,0.030391884637737773,0.01855208009354998,0.009107648977145963,0.044921185884189294,0.0015382071782790933,0.03709459368562569,0.04733732346007865,0.04648313225249056,0.23020262538217034,0.005063634487414942,0.012552134400123018,0.06623479445980779,0.03309155961402513,0.007113021507318051,0.052098629302423656,0.026034752888078497
task_te000996,0.009014732175936797,0.02059677022428415,0.025736490525974372,0.027792014019077292,0.023782288714699763,0.037556251936724246,0.022827084787960687,0.045447216001554054,0.020217724320317546,0.017612444842294794,0.010255020051498146,0.0610451033740646,0.014289044052075409,0.020570374777187157,0.12859702541036735,0.10293577605175004,0.016219954465526015,0.11824493913909565,0.10318257096290863,0.17407717416670332
task_te000997,0.05332893070600747,0.06751113305898958,0.055269371744509785,0.03613384871539254,0.02866579857637721,0.04652219268896573,0.03611844001512874,0.053630064043051914,0.036615525555275814,0.02630355737917856,0.03689012599738227,0.03691790577872936,0.06350668156726356,0.041450398217203845,0.05898464314880983,0.14368937931885875,0.030982343522376356,0.04247492931054395,0.0586071916875813,0.04639753896837346
task_te000998,0.008611675830761188,0.06426610789456921,0.026455624747015356,0.10055846281094971,0.048467711265100716,0.024731385696905278,0.07592062651577697,0.06546882074366159,0.06850665611028912,0.015223833125596577,0.022131758240529507,0.038305693986030995,0.06763268547103228,0.08070191159073041,0.017766589409690243,0.011920510493621864,0.06755194897364881,0.05710237109414638,0.05260101764045784,0.08607460835948585
task_te000999,0.003230935831011664,0.23859111128025115,0.00370581794190229,0.005931356825696657,0.00547549915968728,0.09058649880239038,0.08193330102423321,0.016969440320296098,0.00735190701613739,0.09828684120148706,0.031520867180803235,0.08831646404819568,0.0032685169214277986,0.0683320846160974,0.018528370862482664,0.005705594162624594,0.009197922016585728,0.06098339022598335,0.0713436623778347,0.09074041818487161
task_te001000,0.0328492264827053,0.027447133945871956,0.024253722751135888,0.01994879709638915,0.02172689753581432,0.024266466188418677,0.012668052164387779,0.008840369692191829,0.023060568031139362,0.06378514510063656,0.1742045658967722,0.09458456431951508,0.14900620702331158,0.11130432655637931,0.1435804726972714,0.01299644300052915,0.005709569572889758,0.01316967452225104,0.01156077599914485,0.025037021423244932
task_te001001,0.05041044789050227,0.008325810994623472,0.040491908110690096,0.03628620696400304,0.013238363592506444,0.029873216295312855,0.008868401452293938,0.04988773516473426,0.035978294625539725,0.0880633932987117,0.03699877373385981,0.058192601406487014,0.023130537529281996,0.01331535331371293,0.006492024472308887,0.02469160108427142,0.13954287238063168,0.3096479394813161,0.016957272667034985,0.009607245542177385
task_te001002,0.0094838869856227,0.03339575928248396,0.02615344781142567,0.04707511901848482,0.13681188719543377,0.05496146166913879,0.006829531440700457,0.03665094939087643,0.015812342928727175,0.10415202925131292,0.039673852622772766,0.05719026247928839,0.04506713081770109,0.09016991501689195,0.024997096022400408,0.022294398320401025,0.02620934687107909,0.01897480979294055,0.16971078672184345,0.03438598636047462
task_te001003,0.062403848521794994,0.07414617516938884,0.14688668606729077,0.03553624687484573,0.08717423697478156,0.045735634339052485,0.028624686142451495,0.03250736555775869,0.014960224273096354,0.1322502130668163,0.01146149222503806,0.018612032860458556,0.04856519413427873,0.029335451711755448,0.09919248586664373,0.017994704618847484,0.011554353334825811,0.0250323531261984,0.059572183514929676,0.01845443161974689
task_te001004,0.039934364095706616,0.043675897345206265,0.042708786351653226,0.03991869382004932,0.07877572286517003,0.04191860552800316,0.0511157405638051,0.028627477530308438,0.03476320999242291,0.06224787676218014,0.04590455912638533,0.07794942557467495,0.06248393187162408,0.026641811920740374,0.06394604310620476,0.04433941704822037,0.05239525740126262,0.048078948633466644,0.040343756426486674,0.07423047403642904
task_te001005,0.16087129662228317,0.03462990103540109,0.011444486340332148,0.005297375071705357,0.01138865351207166,0.059193720845005994,0.03286757333296531,0.023574364759936253,0.013214822106836476,0.019138327418417245,0.00667339809525112,0.01467812630334802,0.01842118104855188,0.3388763738616601,0.036246059995678204,0.008865103060752265,0.1655773242209541,0.013817977875675272,0.0053332674692493426,0.01989066702392514
task_te001006,0.040306955668142956,0.03550783313045823,0.04085841463083462,0.044695498024162846,0.035683566813332006,0.05371989293818815,0.1243304317932671,0.0472951279956598,0.04539781056115827,0.05305054987714523,0.046613431226528036,0.05016932903510675,0.04737830664201017,0.055879002730453084,0.042140599450278926,0.04405548938419387,0.04291114609971196,0.06832871251678074,0.049755681461588534,0.03192222002099882
task_te001007,0.029108735307806933,0.06667155949906592,0.07985066975331644,0.02927844369735891,0.07918688462081366,0.07102910880385359,0.012293264845718795,0.022760197412998995,0.031234045027182862,0.04882233337829422,0.05416291107409414,0.01812168413872361,0.04386112565754955,0.07575525463335132,0.0769943144742428,0.09484544007876153,0.021920233376157575,0.030747848802516565,0.08853145001019193,0.02482449540800064
task_te001008,0.0693909988446314,0.0384502696048269,0.058119094167989604,0.08836265230901735,0.03215548022820178,0.03511421439125663,0.05239042745030382,0.05223458349568442,0.045290532145297734,0.06200704635118965,0.04751308564891029,0.04047860237929775,0.055263827032186554,0.056431043354308215,0.014526052018046989,0.02858710362966325,0.07119276860548207,0.04478185595945047,0.04148418723342908,0.06622617515082592
task_te001009,0.046482168114177026,0.0383671809879742,0.07163627446181298,0.05616695908035187,0.04808945054085544,0.0421980162417999,0.028996470015148313,0.0460402140759815,0.03917254446316244,0.04307162512820489,0.08463706963928341,0.031547104937829994,0.03611157246466021,0.06995709070686165,0.0431534712928379,0.07406231875206307,0.02919602038801234,0.053454596041170234,0.06051731551897936,0.05714253714883337
task_te001010,0.02912223760918055,0.0511324223514896,0.010120263236893618,0.0186906060462072,0.05760138617756502,0.02393876956347099,0.07072645898840688,0.052271893442202004,0.049217396781061025,0.05231972629077927,0.045677311914185864,0.042574198379854676,0.07388962284720553,0.028375533112715085,0.05919869354128904,0.056134327071045126,0.05341754590965104,0.06385307987919124,0.07612274985657434,0.0856157770010319
task_te001011,0.04206964262202293,0.057600591125191516,0.03671942749744365,0.11633865857909974,0.05531332162778823,0.04319099366886781,0.05575403148942835,0.03688083562273788,0.0476480909818185,0.05147486727852677,0.05613594215598518,0.052190447820294666,0.05107130650111834,0.0434140756461388,0.04114053679822213,0.04152501329445201,0.04785221406456849,0.03986699970940913,0.035165384528569904,0.048647618988316016
task_te001012,0.026719140455644153,0.026903210762236122,0.03295245235074434,0.036020103289412006,0.06004338335104542,0.05659140330518419,0.045789978368558616,0.06840859380217226,0.07047889449980577,0.04232640198884866,0.08741038128871605,0.0474331864403557,0.030653774530259355,0.05692434487355714,0.03745471131924737,0.05648945527089706,0.06530512064686575,0.04313092498344357,0.020900853969801243,0.08806368450320522
task_te001013,0.056864621750530316,0.037164756236750904,0.01673796746400123,0.023759941147881308,0.05161287303848089,0.1129930460288991,0.03480303245380031,0.027823817769996918,0.0467411569827217,0.03991571210285374,0.05188719975289039,0.03890498742036724,0.01815811097726886,0.08667129537333984,0.060992295736651166,0.0996617940028105,0.06934782278548599,0.052356401112530745,0.05834896929060934,0.015254198572129547
task_te001014,0.030963957181872143,0.0527253506702463,0.05756825213848277,0.05468641488738571,0.055232308439792856,0.022991722942094468,0.1293780586505284,0.057908755248519225,0.04206259718145645,0.03653081154316626,0.043385677006134125,0.03310960037237213,0.05863758398555334,0.06587870586095249,0.03372363276393397,0.03429035503160454,0.05547156127704256,0.07368113978390325,0.04779623492411519,0.013977280110843877
task_te001015,0.07322558163923874,0.008499986887766806,0.08008766290161141,0.00837098561430542,0.01861010278161717,0.04217560884183021,0.08424615605261027,0.011127987676095139,0.0088634377312275,0.13606417764051312,0.09538193864629183,0.11741846846562654,0.004712024922703997,0.005291253795301058,0.009908852816890286,0.003958166838152182,0.05197584008593138,0.15449317872003662,0.0712912318159986,0.014297356126251675
task_te001016,0.03612573909357738,0.05205154560488043,0.05618915589770872,0.05230447879145536,0.05723606779743391,0.041604205721110316,0.050986252326031586,0.06125163774527562,0.06452610077425312,0.037017790991997174,0.04209386780683403,0.03657911229092825,0.03949884388735537,0.0466094864472335,0.06727548528220567,0.03485607388611399,0.03813128715074794,0.04260587975639334,0.058253263671153174,0.08480372507731118
task_te001017,0.01662637406606532,0.07545460397084222,0.06528379557307268,0.12315073287644196,0.012993666045734147,0.077915590836384,0.01482075538761944,0.09175674071889377,0.005006219677023633,0.06685555553733637,0.055612919552745416,0.01884897002175201,0.09150546247950626,0.011296751501027083,0.019092760495342934,0.06455032463374168,0.09169286603633084,0.06290608914870739,0.022094418648581683,0.012535402792851163
task_te001018,0.1064555236730832,0.02569511850885354,0.04680002396065875,0.0192454738121392,0.07243016315269102,0.029791943854290574,0.01921512828559751,0.08052655506046033,0.09618962534692976,0.0427941131642049,0.044894529747085805,0.060855163630769045,0.033063889605415904,0.026586753674423036,0.02486946797165471,0.040646103144218106,0.061082639706404034,0.016604297705643586,0.09391536599082183,0.05833812000465499
task_te001019,0.04183766392605087,0.03019822214821652,0.04270254852101196,0.05810638961746863,0.05001707701537807,0.05297717036443882,0.04362760613752787,0.043961346683038284,0.043890437414422896,0.04232582243385653,0.038760297137166416,0.11012626372467543,0.072905575927864,0.044676348469543874,0.03855727132543959,0.03560960821008848,0.05223729323350771,0.07531884150679842,0.04358840528774124,0.0385758109157644
task_te001020,0.045654137344669235,0.06828669313015107,0.03171711519854467,0.05105367895483495,0.0523215467184144,0.03459605771769417,0.032168079074355406,0.04584958091413316,0.03326873663755747,0.04001933881622983,0.071013985570372,0.08618074183816375,0.055960885216578306,0.03002120749228951,0.0830895220431095,0.0722968508235947,0.028780256000484932,0.03358880719657327,0.0581300318879744,0.04600274742427532
task_te001021,0.13441817586227375,0.01924652840099305,0.00492335075819883,0.08074806559687293,0.45225769411350575,0.04005695472269379,0.00977944351831184,0.005181532405926511,0.004911115954042734,0.05602917729684438,0.0017641301488646897,0.0016484012574246717,0.013853743586833278,0.013963629248626519,0.0026232294510598712,0.03250516327762815,0.047475200397119575,0.004357708574255154,0.007539680704968388,0.0667170747235563
task_te001022,0.0035212271163412956,0.006000724261728925,0.03591921809362415,0.004653061200702787,0.0017724137908870176,0.014798763744427443,0.01538163531380481,0.6064492280151541,0.01186983293135231,0.0016038840204502269,0.0053065885786098,0.013835250675623755,0.03222187374508849,0.0064338517847994554,0.007517820153409945,0.012983642941678485,0.004640671728199067,0.16766711526272432,0.03921867510499355,0.008204521536400167
task_te001023,0.08528984358965157,0.05344824959448049,0.0363712742655656,0.034065349000217404,0.017973744430702692,0.05010284583634352,0.05396611027940466,0.0897708821755605,0.04107387696042713,0.029845097776048313,0.03185471765380395,0.08528677287672298,0.008631029674163284,0.09215736515521808,0.07440449742000615,0.008545722503520096,0.051941349358700664,0.022639331036178028,0.0952952521466942,0.03733668826659068
task_te001024,0.020113881041471562,0.05176603058667853,0.02551804692164803,0.006738775282258263,0.010896958545423522,0.022120257906552192,0.02366999271350469,0.009310423518282344,0.012572425510762729,0.014156504074165802,0.42570028072709765,0.12810446795228217,0.034453640798136516,0.034782119075755465,0.035660141435606335,0.08322995121826857,0.034187500950018095,0.01652950523557721,0.0018295670941762892,0.008659529412334272
task_te001025,0.0848007464105733,0.0078035402163009,0.1185685162917981,0.008138511423572997,0.014233242031280251,0.01328054584457526,0.05341561289284721,0.012046193827446655,0.06946578229615646,0.0070480380481747545,0.009455338030149607,0.18563344644294213,0.006617625791190334,0.07181391321503022,0.014765804661375994,0.1631836569975063,0.07854233162838618,0.015895267431320186,0.027335303619825523,0.037956582899547606
task_te001026,0.13652759279312085,0.007412655809413254,0.023917360722074132,0.08420416111381626,0.004646950008923473,0.021919358224384747,0.14368276630599874,0.004544211070034583,0.0036176321220277433,0.057618052248347734,0.008200744621206572,0.08173763200273468,0.17371264395673355,0.0059796147404309,0.03988301343921267,0.00872971084749775,0.008198456465462694,0.004588995202928903,0.09560676104065387,0.08527168726499705
task_te001027,0.054787074813987376,0.12060108008524631,0.013783106324790139,0.02613477856073508,0.01748956434790653,0.07163400724203588,0.0125508006973962,0.02002711959687216,0.06351923411760907,0.09981536133918194,0.015084311851148691,0.09382642009391239,0.023009913527826272,0.04622889806683875,0.02892127925500219,0.019849041670389988,0.0414282898918032,0.17816270564163786,0.04492205452590102,0.008224958349778983
task_te001028,0.01004976172256868,0.02513738354877827,0.005309648459981732,0.007337744501569168,0.06651637540342618,0.40925163564005446,0.01990418705776774,0.016998182261679044,0.009272599265914233,0.0290084410239609,0.017140042298273397,0.043831761318173304,0.1650513275838678,0.006415428127418315,0.008359491471289041,0.035887825269292184,0.031785981526346596,0.011440127199597368,0.05621409831695437,0.02508795800308708
task_te001029,0.15255798605365722,0.028909133182249015,0.010361605094848403,0.10710052290023982,0.0030093541723466097,0.007248399591474284,0.002961780114987276,0.003653629962430334,0.003962867051205687,0.0069212452349373685,0.0031405975516458364,0.0016989776027635961,0.5321210011943074,0.0739547358357473,0.012853617104366246,0.01981554385336003,0.004134697439804992,0.003077341536186015,0.016658988432582664,0.005857976090860135
task_te001030,0.025330608308973705,0.0856734154508951,0.023870393142846676,0.04317885978913932,0.030309817780305153,0.10001269132463746,0.027625520055727402,0.06333503300281239,0.060348033360731475,0.05179166648050905,0.06104587695846108,0.024898748188036016,0.06881200748383584,0.012042286098270379,0.012416016465707322,0.1504125092324961,0.038017488030097614,0.024977166751044694,0.040857719477425725,0.05504414261804759
task_te001031,0.036467660982253576,0.0378053414006724,0.04182773819426962,0.05372022267283784,0.047352266609009826,0.05106250664747824,0.04388312831728154,0.05308035345233992,0.041947102325954645,0.04675993755648106,0.04906849372740941,0.042277670451059145,0.07022340094560171,0.06305247816782128,0.05675571515553314,0.06017870106027826,0.05471966424452631,0.05151665273995769,0.039207583251634606,0.05909338209759976
task_te001032,0.035615370999435916,0.01399749974578363,0.027056361594332157,0.03763844761561515,0.03533866616129229,0.010832097562371412,0.060420322657827825,0.014215041278328854,0.08735752142608481,0.008556290377422136,0.07669661832096504,0.008622020243243156,0.0902482905386129,0.00725715504798126,0.01834354655698931,0.08902915242604,0.2246247612991967,0.05222037120634025,0.05627602635221201,0.0456544385899252
task_te001033,0.07045379667167646,0.012473800319962597,0.12029359760797385,0.241657605850847,0.0063256889695190305,0.006682919189765414,0.054634595879390416,0.004987910305189281,0.019799425737254826,0.006169867681739219,0.0016889709016929405,0.008540467499078152,0.025473343260648085,0.005814175461498042,0.14521412589974542,0.011319529014887865,0.2052743505343825,0.003820579469906691,0.03330341455739032,0.016071835187452015
task_te001034,0.04204859076786295,0.030152229901532424,0.08971438356127064,0.02967967437537325,0.03613945069450598,0.06939316246667376,0.0928105598531098,0.054944819336119145,0.027895783298745407,0.03151576081181529,0.06012995196608664,0.035578936600985725,0.04205176277783799,0.04559348044207116,0.03982316409237288,0.07372216306828927,0.03804465582032879,0.030750674531738253,0.056625894355926125,0.07338490127735448
task_te001035,0.016243968456422505,0.0061633878566082715,0.11149687694125565,0.013247945884708193,0.14089318433031547,0.25511861155571575,0.012618457508424151,0.2732465302527724,0.002358235277033403,0.004085123397602774,0.0063823449925303356,0.021603654772268745,0.00928578972955852,0.00345378677562196,0.013946947942095445,0.0066930281042584,0.015028730481581471,0.055914953274783734,0.010242536956458624,0.021975905509984198
task_te001036,0.05935367474816357,0.024005595336138844,0.03297432966544246,0.01327301834765141,0.009400505241717986,0.06500680573267198,0.07610643603546392,0.0203566575954778,0.05210074975411264,0.004375436738278784,0.02160404608746294,0.09785898732695239,0.05397962793173936,0.014852235370394352,0.06321391868575683,0.1251067550539815,0.06613431094209782,0.03502468266484893,0.03074227271406445,0.13452995402758203
task_te001037,0.07937475862628779,0.08211042771496099,0.11589072427382688,0.07578062486040306,0.00856158472776448,0.01527820293010123,0.04155329047641246,0.009839262627284925,0.03569408184097044,0.1026304468228935,0.09077379299832922,0.08723255007323083,0.11762018131696352,0.003155423068529396,0.01622921322434822,0.010274638116036306,0.05273605940813668,0.010117056295360043,0.036008885494988256,0.00913879510317182
task_te001038,0.1268245549191545,0.06673458385642325,0.004639263593418315,0.022843897389957245,0.05420555366269716,0.010441648034796516,0.029946629162014467,0.021130590235569468,0.07690729381185199,0.030274356171432672,0.010762179457754036,0.06701520554087015,0.10363961690045873,0.08572280042418395,0.015845009558920504,0.044346374529331496,0.11961676013723799,0.025852525018110698,0.03381928949107215,0.04943186810474463
task_te001039,0.05537700810512873,0.05225045566112923,0.03688169917467489,0.06588790046677737,0.037836486721328305,0.03746398152339937,0.04747666140586291,0.06446610583087914,0.04296006668232081,0.05589751152232134,0.030187448259534237,0.04934737524263056,0.05564591636015456,0.0360797132559869,0.04894112247385176,0.06122423598948457,0.04349136782889892,0.07063347748404547,0.0635068472864322,0.04444461872515881
task_te001040,0.03354680904418986,0.05623978017083079,0.023933123630017823,0.03413827196160347,0.045434105644931826,0.02636512211367213,0.027559919397977802,0.11930486594454046,0.02223078924192771,0.07020189054312273,0.1045313832121388,0.028235750177359728,0.033784411958451256,0.030191007862900625,0.09953034886605071,0.030688794561506538,0.021696279463118192,0.08019794224653545,0.031761996784016124,0.08042740717510803
task_te001041,0.049901387099570885,0.06701070053994157,0.07145644816321615,0.015915774970202495,0.02931286489620012,0.05207677306634741,0.053820296557939906,0.0189669692758185,0.09100990140374021,0.01883066088011932,0.020860940872850047,0.08464408537554771,0.06322117955489721,0.09656248009601175,0.05732074205630438,0.05780719415324239,0.031944447886369784,0.0361354362419583,0.02657010135694095,0.05663161555278102
task_te001042,0.04240906960232416,0.018231223314099574,0.05996909175284863,0.04281504882649419,0.04841476506289448,0.029320194208328345,0.030923175106890067,0.07732481951230136,0.04744249800466992,0.04247877174710925,0.21173424920167766,0.02385219984346254,0.032366613407318785,0.03484121868782785,0.057152637006697954,0.03962210321445726,0.03594519219527221,0.02988047021660639,0.04854761278030699,0.04672904630841244
task_te001043,0.005422513946370764,0.011868876069190777,0.005753105952439404,0.0005877446357539454,0.019853685656909797,0.40203302941303265,0.0015499634952885668,0.05231650512495745,0.07250524886460952,0.001340015604244456,0.13423514439444664,0.0005131633218338097,0.1535626828523554,0.0025171979482208873,0.006964734037631082,0.001157832779918398,0.06011253206431144,0.048300374558205926,0.011300014202056511,0.008105635078222729
task_te001044,0.022509229417245955,0.02015299781390981,0.010498596263235014,0.0023655860889173113,0.024194395890145586,0.051987481342720084,0.014734642973800912,0.45084609726483715,0.016546020469171918,0.021657223495582464,0.004918847223219282,0.011305451483590115,0.003607911109231533,0.039261307877454805,0.010806052684446723,0.2363248498913155,0.009824300204050658,0.00989698251661429,0.015135822085832413,0.023426203904678422
task_te001045,0.024467586374268133,0.004328711200876499,0.01109676724153631,0.009387969992996875,0.020054606798010785,0.100938730754724,0.008095909270817252,0.048260327699257755,0.10505311328887601,0.06442876959619176,0.006477949839789869,0.06131963976765196,0.038612362431363324,0.0009510815542289555,0.060655735650269646,0.04091524764227238,0.0816285161922541,0.17377002363034194,0.004524860579929523,0.13503209049434306
task_te001046,0.003795710020476481,0.13540917760585172,0.011787845263460637,0.014339463238625573,0.0072657815406105665,0.10166650502252021,0.14428428867021356,0.0631205498113565,0.0849565451405908,0.05690316326051541,0.0395871501114489,0.010335153389926233,0.11964448318098617,0.014997987098513639,0.011287186431698805,0.008985339658996946,0.10653654803229548,0.015687289736272505,0.030882003761540586,0.018527829024099253
task_te001047,0.012860642896827918,0.007712867378611825,0.01052286491439715,0.009875475291445038,0.0071861520654551815,0.003609223890540556,0.007276255336984831,0.006007672821349944,0.008308964526391118,0.015269529437066701,0.020748849304398423,0.8441456350631197,0.003943271995731776,0.001061442335490865,0.003227696847099901,0.002354699595839192,0.011805841280543565,0.011057294657005935,0.007768038512034732,0.005257581849665724
task_te001048,0.04514838150708543,0.03176470323118333,0.054924869185019924,0.057353671419388796,0.05276645965350134,0.04965355994611546,0.05521141414191195,0.038843356999251774,0.04647420336389878,0.04232074795247577,0.03853247507997253,0.046947075475290014,0.06752233628065338,0.05017013376609745,0.06691411578748564,0.04821586691958205,0.052649713544287775,0.0395361412898371,0.04899661903630187,0.06605415542065951
task_te001049,0.04738668236137291,0.03916887000657385,0.04584798514125956,0.04188541852567457,0.05068020351864818,0.05139864168048254,0.05911335867081757,0.04557874063388278,0.04878006071187248,0.05421228446511221,0.05825230008752007,0.05759406845645867,0.05006848903116838,0.058280522108528326,0.042275360324716224,0.04829082094057892,0.06760167439861048,0.05403645002178103,0.040156326453068825,0.03939174246187255
task_te001050,0.07929809951211172,0.06044424867138726,0.04948182438940369,0.09153066841034382,0.0652060261567419,0.03203814587192921,0.01900045386585805,0.04749376763663475,0.03713317542494767,0.025810597508300438,0.07054036602917392,0.050313455507055044,0.026905117765631294,0.06817452276924348,0.035663187942094,0.07535270249694832,0.03576596583256093,0.052238802005128177,0.06036537054953134,0.017243501654974864
task_te001051,0.060374636263611656,0.06414559514325704,0.04359697065141203,0.05611102902024227,0.05465495994180952,0.046706599536150965,0.02583515324285343,0.06838717890199045,0.04909553487461435,0.04060820102537554,0.036430951203940555,0.0504248771211868,0.02999150583885448,0.06818326594950412,0.045659963406706125,0.03571676731693037,0.06498727695815863,0.054258052322758155,0.053154288323346885,0.05167719295729657
task_te001052,0.06937436458537857,0.07108231151357892,0.043613525697549685,0.054530560248456796,0.032151953517738086,0.047126957201456314,0.04632932864241003,0.05578952115012762,0.06271069986226593,0.04380150286789867,0.03613414515372155,0.04925978573659637,0.05795476631094675,0.03638091394029047,0.05588811093930604,0.05524387242453622,0.05013189516419705,0.06240040741699044,0.029569777923128423,0.040525599703425993
task_te001053,0.012461939999237793,0.025484323950073825,0.21318570237706355,0.06394208182947503,0.03456620073349229,0.01252454896929011,0.024322347747852222,0.027660473747647178,0.21212622319889177,0.011221982098499679,0.10310264901534474,0.04557816126034566,0.017757768781698362,0.05396815235249319,0.013039338446933817,0.03506050004194619,0.01341160961365975,0.03795116199760093,0.019462546009619722,0.023172287828834175
task_te001054,0.010682197051045741,0.10918033319060311,0.07261408310617527,0.034849627659282886,0.19751385652085077,0.012925279216135226,0.011753861712235622,0.03906144833577132,0.023635162416416777,0.02099861219106716,0.02140239308178738,0.24504762706826744,0.022201482748030202,0.04209853247286181,0.01691739476678143,0.023099797205112925,0.02488739636037816,0.0389822872257041,0.01963478886368129,0.012513838807811428
task_te001055,0.018316828493281378,0.10767370543969114,0.012231040505457796,0.01067227023291504,0.013413917434258366,0.09569702414094941,0.013054674015704476,0.10947205411000499,0.10967332798247446,0.043738026727400584,0.010334768128713602,0.09099822244051939,0.010252888640231342,0.011920034567618401,0.05467588317666139,0.02153040119925628,0.09870592901285558,0.014948070641167446,0.014688753511910293,0.1380021795989286
task_te001056,0.05676582399438305,0.04943610670577456,0.07679078270911746,0.04378962423505752,0.05589029606654699,0.05125506941212577,0.04396559349511786,0.044843955299895016,0.057305288489927136,0.04297927519982684,0.04104726696825298,0.06579670036967124,0.05208960504324149,0.038637020336613676,0.041089376549178956,0.045082238290504596,0.04698699191985298,0.042012621710639506,0.05328889317094374,0.05094747003332864
task_te001057,0.052809947435783204,0.039930456691608,0.04482138290120161,0.02216714535932661,0.009654141101219586,0.04466382589751808,0.0447924346899817,0.015563260127988036,0.05690089841514445,0.015854768580838643,0.07077968031506306,0.04674319532960883,0.16959189032819363,0.0579019198313289,0.05266297214059199,0.029952600775660386,0.06813051533255253,0.04024308493419773,0.05593520616416288,0.06090067364803013
task_te001058,0.00526171749314945,0.06529868965351797,0.13521844287616966,0.05060827825993717,0.030730441740616392,0.01427236393697342,0.005361326821862511,0.0044974443274528025,0.0579204554472186,0.010507288118542535,0.008941195844920449,0.14761654168161678,0.10337558900485301,0.026094183528210146,0.07425219275712279,0.005642280155937411,0.012619702586264938,0.03609418231236045,0.14149219766030047,0.06419548579297296
task_te001059,0.06889128692687924,0.02845673389175108,0.02081965303490569,0.055973455786855475,0.019685502607276004,0.07712893100074056,0.05779119480053252,0.06161275681661886,0.06487783321895485,0.0378431749605445,0.06932238981730923,0.0477334476310909,0.07580350185983552,0.05494194045141497,0.045335541484854344,0.019972473298260334,0.05196184972986926,0.022540071823927192,0.07347471116965995,0.045833549688719666
task_te001060,0.13663551350261968,0.019420493097694745,0.017737530493726433,0.039786341354306046,0.026658565885039887,0.07756898740223295,0.0629007631648217,0.011645521050068636,0.029671905630473817,0.08268277653383098,0.011260828899588465,0.0132337077928831,0.020657610875908363,0.010308703931612505,0.08985775313536506,0.2056618695816271,0.020044056190954576,0.08571032800138427,0.02265033752363327,0.015906405952228527
task_te001061,0.00715237875044437,0.008733038729931848,0.04299831098110019,0.00305958563970112,0.0010079584214236787,0.004070248467478328,0.004126586815935062,0.12151289937762466,0.014238155222171943,0.01062497584304127,0.41771277741342944,0.0035990007720079695,0.010146808856353917,0.04010217632622258,0.0070817272059118625,0.2596230873158111,0.0010238550301632453,0.013168245055257401,0.0021002816851141666,0.027917902090876
task_te001062,0.04531843054416599,0.07639974097429192,0.058189151063660745,0.060482602609548734,0.06301831576734891,0.05767719466140585,0.04942235010134513,0.055849270703074,0.018498633042895778,0.01773871025817973,0.0696389824665994,0.02420774700751127,0.04048702188940993,0.07957179558575542,0.06297639937977119,0.04843066597059096,0.03372134365978844,0.049809513246651116,0.03801004542758656,0.05055208564041881
task_te001063,0.09479500636843326,0.033501954664024884,0.06773137827565548,0.04077550592350521,0.05142679318176332,0.047410427077248386,0.05888160324421827,0.09629598254618174,0.04068652956529142,0.04696596211221059,0.04268099916504252,0.04621535082007754,0.044417739225414,0.02979258390656704,0.037937140790081265,0.02789902830268545,0.06664989691941708,0.05220105587976198,0.0269486213797988,0.046786440652621754
task_te001064,0.05438763275032713,0.014974490611483395,0.004150604154267363,0.0062347165108422725,0.69388276127935,0.016324742242443752,0.024291379111605692,0.009059397947329054,0.00813868729535285,0.07200613666003729,0.0015866207578646388,0.0011473111673772011,0.010973158219645241,0.00924670185122986,0.01376469526955181,0.0019097887404025849,0.022117227822920624,0.013839525850559033,0.007501013586976134,0.01446340817043409
task_te001065,0.028229504271571875,0.024683674522679253,0.056836616002043004,0.05567047641003343,0.03411557896480716,0.09333646948959597,0.029654515512544947,0.021166179748883178,0.04159086339319085,0.03038751386792989,0.019398742759350312,0.02550378290150392,0.04744038052268741,0.01837480129772651,0.028512651030701743,0.04682477673796947,0.09980895112739792,0.14195072346618298,0.06793642198208233,0.08857737599111787
task_te001066,0.012784794444097147,0.0436846892643617,0.017116704757119572,0.02343738090730731,0.039195152802902235,0.03515540995470225,0.023927807802441626,0.04672600023011327,0.03046753817018598,0.0052993047149820114,0.008665484694439748,0.10042334088867594,0.15496052444257216,0.010501467250626726,0.04715059055017603,0.045531861544781956,0.048665287351817486,0.1199838301607165,0.11433949593589743,0.07198333413208295
task_te001067,0.002714235195995075,0.0014630969733240922,0.056273987887405376,0.0033159431355149283,0.0029791707779992693,0.0008915094272968488,0.0020724654189825773,0.011382290922775963,0.0033513666329394844,0.002966441063316305,0.24419228286461153,0.014648146514322405,0.5976021700979046,0.015916431578587558,0.0017404393911007183,0.017085066689510216,0.0030573584704602507,0.0020163460998441985,0.001491431994313685,0.014839818863794811
task_te001068,0.0017641665106456097,0.033331933927735716,0.17186013850187185,0.0022805337835914616,0.06002305340891476,0.0037970559663244026,0.003573091414463001,0.00572565433768804,0.02076185712540462,0.2634536937907217,0.00806513551818788,0.02436939352589599,0.015458900774104285,0.022437002905146712,0.013063446169550779,0.13362775070191316,0.01603608973037857,0.1449225972266717,0.02334735317429128,0.03210115150649847
task_te001069,0.005903676348571148,0.06140406407465462,0.003907540731580282,0.09961834081577095,0.1212184495324571,0.03567630561873706,0.010595657194689799,0.009075603682208257,0.04359710950315594,0.1256112955695904,0.04026168652941639,0.010874692499521242,0.07175210655355244,0.07427480778809803,0.015060422159793788,0.0047641022456973185,0.19990280211227598,0.0033441220575154717,0.008004775827242953,0.05515243915547097
task_te001070,0.05542080029911792,0.08571486796981989,0.04145191352547864,0.04235582534195491,0.12987425890355567,0.01440122601758974,0.024043728109910418,0.016252455128428128,0.09017441268797773,0.10530332682816446,0.051885555726627466,0.013744473436137569,0.0196497250245921,0.013645219212008303,0.08357863167580074,0.046386269830121646,0.028764733065408932,0.050332737854582,0.05172354097393449,0.03529629838878933
task_te001071,0.03980233392499351,0.054337826271654344,0.040753798514553435,0.01660774729624941,0.2027085987779531,0.009936609345359532,0.012267576273187435,0.08077189730685556,0.04573613290145696,0.05531386589140835,0.05814540540939794,0.03937491675399443,0.051226619863799776,0.042033465264862235,0.06262869113576412,0.021127420717179247,0.0336293911904646,0.019880610870025888,0.055741210860649926,0.05797588143019011
task_te001072,0.08216648604360222,0.07584944333488666,0.06833692404934556,0.040703627655180645,0.020066397802135823,0.03659487465789974,0.05452074438324474,0.030458565454322774,0.0624824725540432,0.06604265459520929,0.050630023428753036,0.10170146784889912,0.01377924567711669,0.028123422250198152,0.034942756922362754,0.0558019713372237,0.031987285877279066,0.09122903495053471,0.026240025799881623,0.028342575377880524
task_te001073,0.042404564353558896,0.06598654183888347,0.01874400408048601,0.019361480528222796,0.08742780262696218,0.05444249835760783,0.029841030031969328,0.014980232362484231,0.0672256430464311,0.07775503120233296,0.0489890174072735,0.0220400438649897,0.017587207143976644,0.0692568942684635,0.05188241379598939,0.08228388415130217,0.0659229962748895,0.0579261446126886,0.06763522737561764,0.038307342675870625
task_te001074,0.04019882749789821,0.039162058986772254,0.02726611803727898,0.044388114751716626,0.02195510210615183,0.14116017221938995,0.03883582187413745,0.026238675224384278,0.03132189242352447,0.03862592363035727,0.03890777868728961,0.09569862390311552,0.06384269313563304,0.024338888985854613,0.1382950934071892,0.027895885519931867,0.05443584030893988,0.021497073363666516,0.04189498632720019,0.04404042960956821
task_te001075,0.004857133183291563,0.029252658368917345,0.011799958729107204,0.0017802935173287235,0.0735628257582142,0.004600737211087907,0.6352318974808895,0.006346004137478492,0.005054839113756462,0.0020115669807573323,0.009349477947586013,0.003979275327807007,0.01017363942094734,0.00933435574399865,0.004897859502337562,0.002267203651966655,0.004654369767760997,0.0028409236728546314,0.0033089239753010574,0.17469605650861142
task_te001076,0.1039577545164395,0.0032282100224513715,0.08241399093780119,0.10402941241058891,0.10035623669301212,0.03810985843657681,0.004975244941056434,0.0016290879098344274,0.011501022299014951,0.0006643022168291817,0.001964839869817881,0.0503988509163913,0.12606481429483646,0.07849902248915283,0.1197705190895786,0.0007218173520458615,0.05834500710974064,0.07427217603140035,0.0008445020205054851,0.03825333044292556
task_te001077,0.027650104667178405,0.02704639680752581,0.23626918632609104,0.021472482673333654,0.03143834808041917,0.023378347874117772,0.02507234635324901,0.017691050728236977,0.02288463347793027,0.009546232166232231,0.020096963875513553,0.035806183531402136,0.019182733894714567,0.1843843986951384,0.02305695772748784,0.00861555310376141,0.02018935664071227,0.011233670982281426,0.054495375934138654,0.18048967646053538
task_te001078,0.06736263486044446,0.0735057305300985,0.0432274900477819,0.0048566107165558745,0.004152227470212451,0.06401884047031953,0.1473330567707413,0.021722816205998505,0.010400534939145747,0.0044782925327695585,0.016519858722320615,0.1330043478513497,0.008551447452717652,0.0009624340739953463,0.0022989515445852545,0.0031963650176789218,0.05117165987553837,0.09970227351697049,0.025830338687788716,0.21770408871298716
task_te001079,0.03364510004631276,0.041946315266297135,0.04104124693001628,0.07681432669142041,0.02142676886732288,0.05347721323728855,0.06966531699649396,0.02273990772275571,0.012766733473870976,0.050060844844005976,0.09525798976133948,0.08258480118653733,0.06878638174876417,0.05836892949026868,0.006187374589044293,0.0409532798515042,0.034424545194065743,0.07747607450919297,0.046776598926381335,0.06560025066711732
task_te001080,0.048523651805229655,0.028702004308782825,0.09356693034968697,0.07207023353272443,0.050677147352093874,0.07285422966408621,0.033332939773187506,0.008474983836792013,0.05161877348665831,0.042776837135476614,0.07080254320500688,0.03740797620696002,0.035581722984376035,0.052642992053515004,0.007227694456017088,0.0996676634049444,0.07112186626871282,0.03779320325512212,0.01230348846775921,0.07285311845286808
task_te001081,0.0859453058390026,0.008851736232952453,0.05100455238309394,0.1420500394921477,0.002420018833841076,0.10638563661421394,0.027669462329679564,0.0035057785788557574,0.16011334390394683,0.004056476715820531,0.14179541664575912,0.017557945632697924,0.01643789021136925,0.00581890736545364,0.10295366328296264,0.10301997343409722,0.004131794367600929,0.010228765038866336,0.0022584809499069753,0.0037948121477315404
task_te001082,0.058007408143170375,0.03849913611304856,0.059805033455879196,0.047284949632013115,0.04061756316708456,0.05303404214522689,0.03037767800386109,0.045261701435711885,0.045656034947646765,0.052008302845087895,0.03950940648195428,0.06063357522736126,0.04530152814405137,0.05137569918908069,0.05748507604354998,0.04637508944741302,0.058880642214980176,0.07978132744933682,0.03678807012882513,0.05331773578471697
task_te001083,0.15214428403397895,0.003326089816065148,0.0027356509149805545,0.3017633626021258,0.005515539615694602,0.002603919422654068,0.17979687816611936,0.011058980780016974,0.01461760019975764,0.0013407754903481481,0.006841944386907384,0.0009725202189154266,0.0007598106878094981,0.1659345179256592,0.0016452309075123733,0.001945345195701343,0.005713340558906073,0.002824403509612067,0.13679714289372835,0.0016626626735070176
task_te001084,0.03087329734466248,0.06382834168993998,0.06968186914121947,0.03540471362930101,0.04667399892826918,0.06439999979200571,0.08717038449394524,0.05627314692685229,0.03207678429393941,0.023650771013187175,0.06506333611015569,0.05532571393603174,0.03781994229379508,0.05492929242477562,0.0393773498073151,0.04294323528705494,0.027701742634665728,0.05877843391289299,0.033498934313755946,0.0745287120262352
task_te001085,0.09517063536132503,0.04785251995676898,0.009368053699548207,0.07425572036124224,0.004863649746536989,0.049608725932726826,0.02795599539911527,0.004940034905368732,0.04767675590062957,0.1341773786583285,0.058144518392420394,0.050095340503783524,0.07042608722287712,0.0062969720820766515,0.024985539042336358,0.1670655090477838,0.04164440317939119,0.06159491384359169,0.002341197058278129,0.02153604970587088
task_te001086,0.0016235673875655094,0.0037393271767186477,0.000881109546099118,0.005908022090245679,0.04401538602058181,0.05575823712235537,0.004589406235054331,0.001875064408589535,0.005104896438515207,0.07323009721587936,0.00365194681040298,0.06277432547956405,0.11238410707558213,0.15257652231744054,0.12141213915988745,0.12416681653422683,0.0008595219209404405,0.033222979190437714,0.007571103625167851,0.1846554242447455
task_te001087,0.026411633088455445,0.0056599532622289206,0.01672348604789629,0.024449424205056206,0.0058949080172093805,0.0066005452088220016,0.07633652080299892,0.03543865226157542,0.12582050325081678,0.009086330175571323,0.027717927640216557,0.12128282159540246,0.11228878216916023,0.008392234022407337,0.014492774052632945,0.02690350042397519,0.04845771832143592,0.07214590919670935,0.18762195205539725,0.048274424202031874
task_te001088,0.01956626932114075,0.029952620005817575,0.06342504013974677,0.09264136173947768,0.0751970696341943,0.06954207154158623,0.016631750122906307,0.20945449259648785,0.043296657884628206,0.024780729654349437,0.042737419684385915,0.009491367585786758,0.045647691448130225,0.015672871092154168,0.07364725804222369,0.006442086098507097,0.029943604295335387,0.061321259994222374,0.06222054885228016,0.008387830266639196
task_te001089,0.03984062708880408,0.04992008980885142,0.047159035878640995,0.04761757558343771,0.03022412848166166,0.049501046773305024,0.04249873355990958,0.0688578706881023,0.05587038616265352,0.06149030891387604,0.035826467965457055,0.055083122334524434,0.1256081408045824,0.03164242829190445,0.0481424461372944,0.03963742247026313,0.039288090161100686,0.0499522678068736,0.04545825578413737,0.03638155530462026
task_te001090,0.0436015361381436,0.035886115711610725,0.036004672273103104,0.017744452914267465,0.039107158622558806,0.06965861485744974,0.011403980656025091,0.02780400367755097,0.11956632192383168,0.05148041816836009,0.06356599527463319,0.09248816784639541,0.05473894987320952,0.06282436911138102,0.050063589548596084,0.05522335900285796,0.05091463859798834,0.026862894770202015,0.06393909498449027,0.02712166604734485
task_te001091,0.0034289902383068355,0.19157289207073241,0.1379085885413899,0.02279344688021451,0.010985203551397262,0.2361230138015504,0.02423711507213835,0.015139177264696707,0.008861127545544937,0.0073873991339745435,0.00858004957772872,0.031817942744630116,0.00848043010604858,0.028268376025175103,0.014219089497487625,0.013735791758088284,0.007027658102249001,0.005891291576333446,0.0037122516887172167,0.21983016482359594
task_te001092,0.04115985591987945,0.019192488749831066,0.05495085557161444,0.10584645854004916,0.06591400068326335,0.04420537697957693,0.029222955775431905,0.02534230010545192,0.11483245326962682,0.03520112484928311,0.0721669313436931,0.015463669849948698,0.09046479319052059,0.04270938550771896,0.01515826645864822,0.07761525734047085,0.029516063247985513,0.051849103152510616,0.04816644585349345,0.021022213611001796
task_te001093,0.03787634835127713,0.013722904991821371,0.003685476859781612,0.0016294271728003237,0.0057959565257709,0.2103115834895147,0.0012388994513043501,0.010758856395377655,0.00021067351761031716,0.0008246352777933803,0.00040243607249120677,0.010911609641597233,0.026149612348743634,0.009826230899377841,0.008584131213682593,0.6178238390444085,0.0006296830035919212,0.012649931744054654,0.007303568867842131,0.019664195131158732
task_te001094,0.048583149345813745,0.0619091485204178,0.029030071896189665,0.04118132590034014,0.04105469644791994,0.027842000560988303,0.044487552797071894,0.024845886297984166,0.04646038622468741,0.08267930750203761,0.05081193904766826,0.06223553282745727,0.07194090063220684,0.06580723447777953,0.03751690642808508,0.07167348009645,0.04217699577683741,0.06000442052766364,0.04197362485709095,0.047785439835310146
task_te001095,0.05856916664252923,0.022821944028940448,0.015410151438883612,0.12508967034938193,0.0223741898877354,0.06755218986364606,0.109514620200186,0.010542109295370724,0.015005141361586278,0.010218401397278884,0.11969931473001832,0.08550914539957982,0.026378559981153335,0.0662188707833591,0.024428037406793657,0.05931032822002655,0.041070178477339896,0.07295722799402503,0.035304836484496574,0.012025916057669195
task_te001096,0.10164771733265839,0.01693030708899834,0.020697681667983213,0.0604427226310539,0.060998792449562265,0.007602265936924321,0.06804386418953058,0.03277196020665038,0.131547625600927,0.010696205540380916,0.038287598152824794,0.023082075589105223,0.11863046680443436,0.012505359270384543,0.04709213060756112,0.0387094463901223,0.07703761512174677,0.015978984351409615,0.06677046282720962,0.05052671824053221
task_te001097,0.031683642838430746,0.007217324011432623,0.013829438495700994,0.15200697008820305,0.20246740333440832,0.21473007530093133,0.03639599742908492,0.022430574341382174,0.06680368263879742,0.004932421497374544,0.06059890754888589,0.017925484722947985,0.06578898278166627,0.02284157684093126,0.0126726300331762,0.04671928826457638,0.0008513932701382047,0.0061309322556269185,0.009543737578023063,0.004429536728281795
task_te001098,0.06584883378409948,0.04504405420947355,0.05192066566593138,0.05653209320583609,0.04959944062788586,0.03896979959562944,0.0647368374859818,0.04662758352852913,0.05749787039965001,0.04988979337438592,0.04895593523872482,0.05208824981425696,0.04535408739390788,0.04536682730474974,0.057909720144637536,0.05324748748684189,0.02763264263266038,0.02821497355839372,0.042035086896749854,0.07252801765167445
task_te001099,0.0507067671916096,0.024319210783346902,0.029595468166252605,0.08074016059832792,0.05429498591595173,0.021526877827367993,0.01444901520465955,0.07957735700866286,0.04535615589463067,0.025933528433339032,0.020543096867445813,0.09339198602905202,0.15586983033509566,0.0987039511594176,0.023673230481311,0.009442978486525963,0.08785012251978808,0.0500144815294649,0.01604145763226508,0.017969337935485115
task_te001100,0.06900710296232637,0.01091124617476442,0.0071304935314622005,0.007944152233794664,0.008810004007394774,0.012060433588428825,0.005622472662887214,0.011603838675955373,0.0040417497397808215,0.007610498319323507,0.010211075642861878,0.03663356483540921,0.041516266972528394,0.019039773798261633,0.004890323072577357,0.4671096969569148,0.022819568818828434,0.004426305051908186,0.18589764566710315,0.06271378728748882
task_te001101,0.035502141124887046,0.05847687763410484,0.08297725566874947,0.06422207594646485,0.04951330563525499,0.03686621817227361,0.08029697331348505,0.013907703774751125,0.14011082141309802,0.04255589186019552,0.06067786614347493,0.03847987692458726,0.0336623151552308,0.030012601657974654,0.04326100426458008,0.024363395700846984,0.026374855203578382,0.03904501179807552,0.03796343619411179,0.061730372414275106
task_te001102,0.053833433458452505,0.02296206366021606,0.08591616043808248,0.045106069430552356,0.03882301254075499,0.06546798393095854,0.07536243909053346,0.07163278407779587,0.09033210573176775,0.06717510464607263,0.061470970995076334,0.045908513541517516,0.015588988971263148,0.023349753669363177,0.04004162374014567,0.025266173975930128,0.03692701176407351,0.046099796436036664,0.06900690190766487,0.019729107993742338
task_te001103,0.010083871020501085,0.015086819159182604,0.022238950464212454,0.050613789910006764,0.0047679842559076105,0.03292440974253333,0.10533946400582672,0.008152848988516693,0.02200712434092965,0.24328903370983057,0.009462768199319457,0.043436234149029126,0.04148716168429803,0.005750210759907368,0.019017935488222393,0.07879111164640162,0.14440302559563545,0.10003233244451057,0.036354253280041667,0.006760671155186876
task_te001104,0.019867890739976107,0.016572859478476414,0.02690029319440233,0.007016263482509709,0.01255416603052712,0.018804102359027557,0.03960038884002895,0.3982642286399363,0.03054154191210856,0.03982996931377144,0.015017996674983412,0.021463244442566462,0.09971201742324824,0.014228954248366716,0.010172308236611978,0.01251104263581922,0.01238855551035778,0.011022527960093094,0.07121754731694643,0.1223141015602422
task_te001105,0.04904361658295393,0.04529060021033017,0.03062192339895917,0.03276766681498287,0.04700163248508535,0.020695901847597658,0.038233694063921256,0.024564640204895644,0.031140052946580968,0.010994739086186579,0.019139097731345135,0.07565847010045142,0.06266936318229474,0.06184339236451898,0.0575041548165836,0.03024354463890793,0.3094746907426961,0.018295380370612062,0.012700786195127793,0.022116652215968625
task_te001106,0.07764909664445521,0.024607138847886446,0.03421445751308655,0.028538398385241158,0.030218770722639572,0.04332597902520975,0.027016640377123226,0.04952891730646768,0.04352835667752829,0.0653564125377651,0.012804187444691506,0.05985519324036085,0.0565337464733453,0.10065880030623017,0.052173692490893396,0.0653335213182242,0.05319439863505243,0.07455728854320266,0.031262762585807,0.0696422409247896
task_te001107,0.014045156802513553,0.03478054992910283,0.012214537564132233,0.008783135172188632,0.003960794723426126,0.6500545431850111,0.020859287417209924,0.012214443498894603,0.013841956915776232,0.009885449215059761,0.0011751258552496616,0.03714173465351614,0.009552157557887313,0.02471123136552811,0.0666780539958097,0.009298522790580445,0.013123303993858323,0.03763882758981287,0.007931586116829032,0.012109601657613552
task_te001108,0.13344091581074824,0.01127712161113843,0.02466826595498052,0.13358989868698615,0.04674889501772287,0.011034229694242219,0.03445253350279543,0.018667918515575713,0.03045259072419524,0.027836948578676,0.025301134211437152,0.035072388779453324,0.017495281508115742,0.06778109168743744,0.07254596579179245,0.0919740585070294,0.10451418882192345,0.027346416665033083,0.041494853915156955,0.044305302015560315
task_te001109,0.04726230226709452,0.03829682393178468,0.03414664881695759,0.06524893162234194,0.043748741684485296,0.071785779568425,0.04672205945360816,0.047123465326359575,0.049991520758257614,0.046131795818635135,0.04341379110728373,0.03862682679889437,0.04103367051270743,0.043988787246889274,0.05534356593645123,0.06098360391171851,0.05331599884508596,0.048144815001319174,0.07275199212588634,0.05193887926581449
task_te001110,0.004666373382261173,0.11031407820440028,0.009815402221934288,0.19165644287498482,0.023107803802446158,0.0061176946311404514,0.025830782672515446,0.020528226305064727,0.006559425380293065,0.053509277753497356,0.041151021451852746,0.047400806661137225,0.07600525731369227,0.019357679116710897,0.010337884442261814,0.23453669397997803,0.011001936851899145,0.054637575368282565,0.03579297536888276,0.017672662216765
task_te001111,0.030086524998221703,0.04112194160776109,0.0824193196182855,0.0405610317201977,0.0327413026319616,0.04117843585412046,0.08628339518853168,0.06180960870429327,0.032268635699652125,0.05931302524169137,0.0626498719167012,0.031734068168392186,0.07883140114596164,0.04769845060877412,0.045783703650199355,0.04697981923415218,0.05390031316288899,0.0388365358283303,0.05448913961605381,0.03131347540382983
task_te001112,0.01831498814397873,0.05127274675929905,0.012340989419578563,0.017731321102167887,0.07737184159863851,0.032079124438101174,0.04665585267609735,0.10037535221351816,0.0788173679259775,0.08241755565554776,0.06117576350571535,0.009947614675743881,0.010600845973730785,0.06407929694574431,0.09433702279912667,0.04199049489601108,0.023266438622960815,0.011806841877520489,0.09579123101021056,0.06962730976033132
task_te001113,0.01992193104778732,0.1165780927816559,0.018874856535933706,0.10600901580980103,0.04257972948815966,0.11058898022602306,0.06926777227426927,0.030576242916878396,0.056029656331895494,0.09749611510157967,0.02159022805751493,0.05129077841833145,0.061881294160253744,0.01969973441022869,0.021520505784720822,0.017872435050318682,0.04316089250850162,0.012295602874206472,0.0428075939167403,0.03995854230519991
task_te001114,0.020256355399958223,0.027241325497868122,0.004852835892338365,0.01345469768141798,0.0067668257000969125,0.0027940394904211563,0.0013529176579579667,0.00709653460807963,0.0005525678046769433,0.006205065955441745,0.8744099287561908,0.0040280625023956474,0.01207478163043313,0.0004933048828039304,0.002206815365414652,0.003123316393998593,0.003294787061561268,0.005201429342864998,0.0024882605568156656,0.0021061478192643283
task_te001115,0.09628135512101056,0.012389490928976952,0.012012892928837808,0.014418524626906232,0.0017258420045548378,0.0032802009025798004,0.10793584413946558,0.02078138034395901,0.041993772735192815,0.4502333685649618,0.00252443742884362,0.03485850345049971,0.004662439151644434,0.029042709282304055,0.01068258690884382,0.014638827541024831,0.09224753015355568,0.014800351666149444,0.02639676316202337,0.00909317895866564
task_te001116,0.09603562906731725,0.03740920064335518,0.04744936079482378,0.01896040102296906,0.11039755276696396,0.19311178995376552,0.016648656956751936,0.013468879262839123,0.051776194021738615,0.05806846669398474,0.010615401155806777,0.02224533173801817,0.013007126116208143,0.05157097869081837,0.05586174069669253,0.012284129134440356,0.01589377512118273,0.07033457069486652,0.09407948829511087,0.010781327172346453
task_te001117,0.04612081886670281,0.02736138681236244,0.05037594024243665,0.05261759584359885,0.024646978459151793,0.10074310871154787,0.03954103100038369,0.021229973886972252,0.026505338351693032,0.027813162448680595,0.0268225372500673,0.026144736845348158,0.049716638829931374,0.08421052031190261,0.04640133881649358,0.058148982315140756,0.1076646893468971,0.02256940273979196,0.04647943883899641,0.11488638008190084
task_te001118,0.02616254825691729,0.04320411317848691,0.037551792622062215,0.07848658262129588,0.03989555108782458,0.10132522116028296,0.035406146621475926,0.02954630617433452,0.10848142247701366,0.04741783525396396,0.07004826262185308,0.01925360073403222,0.051636658218458316,0.05781804536119166,0.030199682719516733,0.0519570426984103,0.04674075904653119,0.03731384132060769,0.044379298309206804,0.04317528951653404
task_te001119,0.0021329212131814446,0.01322609594634306,0.0072897629716193926,0.002263627409267606,0.016141159589176772,0.0071372429915534785,0.05598247034930253,0.0063740984649871425,0.08495551746912576,0.010345165658680044,0.03796609301813344,0.004448796735059054,0.6630964861364314,0.007239824178424539,0.03512583350555125,0.029879835224526592,0.0011923601301633197,0.0033663015621530575,0.007486286821571579,0.004350120624748663
task_te001120,0.01227488973569051,0.08168695926535144,0.04492145969624234,0.041363967189406596,0.05639798785005289,0.019616937088494085,0.042520753694566836,0.013229835021891038,0.017530522579246862,0.10910399162875141,0.06333907779297106,0.06928134484820195,0.0472432312679634,0.033717365808936035,0.05114818709572885,0.06843400001485037,0.0820273782240948,0.046009897039886005,0.08238323558000465,0.017768978577669067
task_te001121,0.003334368999018982,0.02169237644984689,0.13021052116630194,0.005619525563002714,0.06467321481284215,0.15281488705225224,0.02752868131783444,0.07010896102927387,0.009258241026832892,0.12136130571707768,0.026266574039943216,0.03812951272880637,0.01130400510255764,0.061836654709857684,0.03400065829702779,0.01682520560651724,0.009487054299287298,0.13268259290213907,0.011019453209739141,0.051846205969840825
task_te001122,0.03135721288524831,0.001693796834602492,0.17645196898897722,0.004260927331012542,0.0005643109011058862,0.00018146779284142542,0.12112791921378079,0.034014456947683964,0.0035903494390190087,0.011253732666114314,0.19464786802248701,0.003102098424020177,0.004008388094629972,0.08706600486924707,0.11649174222476583,0.03795196367949532,0.1478989081240646,0.017934169486255702,0.005050161048521598,0.0013525530261266703
task_te001123,0.03111899534032648,0.02251797127486273,0.034339794506730095,0.06424093284521622,0.05678734404582831,0.04921989750314394,0.03233436128017439,0.043659985952756025,0.04591976319752099,0.045318376994119065,0.08498565566431136,0.05265728950869528,0.07924383491898604,0.0559368276790192,0.03724789191347772,0.04312925126015339,0.052538658342545126,0.0590396231901745,0.052975698904088354,0.056787845677870645
task_te001124,0.06557790734358022,0.012795117900826755,0.01648071696565861,0.012357096543452952,0.04013502493419837,0.04845179913016272,0.0065318066554028555,0.03685983559508282,0.1418808092521476,0.020312365507774138,0.29315962376094296,0.10625394940611335,0.014784513960426736,0.013262291401951265,0.023300996675667707,0.07063231641918875,0.026261347600402347,0.015601657566519744,0.018361920125193658,0.016998903255306504
task_te001125,0.10434496736244006,0.0752076414059993,0.061113831312361706,0.018159099806585224,0.0009402167014932799,0.0010955518091410226,0.023269589194880463,0.08520993052743807,0.06787740748184314,0.026915935409428018,0.036670677021243665,0.08310779703965444,0.08321601206837909,0.022541285974574242,0.05941214469705954,0.01581098727861559,0.15135440457492114,0.0357811798023548,0.03382104760592914,0.014150292925658054
task_te001126,0.07360579878387871,0.03135918019999273,0.03534539240353976,0.0526710840207716,0.06439338387497247,0.08008683689477893,0.05350368054855153,0.040883058482101726,0.06544159311829599,0.03784451047774803,0.049408529402459954,0.034776334906426856,0.03750275142686014,0.020397729801623122,0.06663593648427472,0.04262629452118171,0.045638757372948556,0.05453178771409021,0.031073870296512186,0.08227348926899107
task_te001127,0.06400268845199596,0.06461781106320152,0.037829239418784015,0.045612727883313685,0.055663021822596775,0.05137347062522918,0.03560842441821748,0.03861526827791419,0.042011714279986706,0.041705663086819854,0.08965250917114871,0.04730227361954926,0.056468437163472794,0.05132199162590906,0.033423875094032295,0.03227289882099517,0.05357942414228032,0.04120860399286658,0.05701103300365576,0.060718924038030815
task_te001128,0.04442213904831443,0.019693958653462077,0.19150090853019722,0.04519962553496819,0.01592940404834654,0.10859340836088845,0.00704542610991179,0.043316054850310766,0.13665940012433186,0.02105188751087143,0.07873162467170697,0.05926881129618078,0.017356943929482848,0.009891403371567064,0.03740674425535609,0.07298735123073882,0.02488980953459553,0.02776473488525691,0.02858614176993775,0.009704222283574527
task_te001129,0.02533213578384981,0.015923349274630703,0.3741315032838137,0.06133617133773753,0.012190093406778577,0.005718697967235919,0.2113472234935429,0.00479637826857837,0.005941157594624487,0.022743360680524148,0.014228908699918618,0.03164125453652421,0.01953514914227675,0.020970765533978485,0.004284841296348909,0.02339881109354459,0.07300181034310174,0.04585313712150914,0.01192216798355454,0.015703083157926876
task_te001130,0.09659942510722272,0.24281712179018985,0.1012153664431306,0.002077482467662276,0.058154515495327554,0.013296680127916558,0.00649076973598422,0.01715194211183402,0.10663749767164016,0.009248877642836606,0.03491432433388586,0.009627297636943758,0.025383209291974615,0.0028358299446543003,0.005974500834060133,0.07288257245982986,0.04453458791258006,0.024738117031016037,0.026252350338732737,0.09916753162257812
task_te001131,0.04269888793589424,0.0375262251380519,0.039526303249137626,0.046580446962296004,0.062229701715108054,0.03243313017377575,0.039679196732439095,0.05136442411476893,0.05201974761678983,0.045752354483172546,0.046040963688261376,0.056716098819919195,0.04537587963080248,0.06819158689772466,0.05601768732373165,0.040354729494647475,0.07631747138127018,0.05662551492198507,0.05276436072273736,0.051785288997486474
task_te001132,0.027845837252021353,0.031540246432904026,0.06986902288557655,0.046862331827263626,0.05847439436629353,0.031039043851289694,0.04034882427179,0.07279321099629205,0.041544415118681274,0.029098007791452593,0.025300289789018566,0.04827560894933933,0.03736873884451205,0.02884587006860336,0.18871480739247276,0.058496696257509036,0.04848118386945839,0.07189787830350727,0.023005479769601697,0.020198111962412738
task_te001133,0.02338677930030752,0.11242554333156465,0.07532858719542711,0.11242340190357031,0.04299528163014776,0.059679950947797364,0.030376706183375693,0.02359818542839648,0.03884298575284488,0.08633560594652548,0.0224025544845789,0.07696611526127091,0.04548561861869004,0.01387631323460225,0.022858398262539565,0.045903860451236865,0.03899508891011364,0.06401919088631973,0.038153750278144286,0.0259460819925466
task_te001134,0.05903928965974281,0.032280083035277296,0.10742835352276739,0.10898993333397436,0.012549408363864646,0.017958520709244193,0.07589643720904174,0.09902398611677796,0.022569881586233322,0.01242637501475082,0.02990297527769553,0.018747745077567848,0.03314908950217078,0.0232472983501202,0.06491886573198528,0.013487063200041767,0.06745634274048737,0.05496931637069279,0.11420746263741118,0.031751572560152604
task_te001135,0.004071267605244688,0.0008716034568266871,0.0035556972099807876,0.0011784059406510698,0.0018085116786333035,0.0013615313754777273,0.20264112452935454,0.002016359597532501,0.0016885472974599578,0.0022213086121456492,0.004009034277291932,0.002799766205830402,0.002505084041743943,0.004278909389100362,0.2866582361217433,0.011773826437642135,0.4590841661908498,0.002223141700642184,0.004723168111631525,0.0005303102202175558
task_te001136,0.041759151921406334,0.051741641979844884,0.05584805632510528,0.07085860105182414,0.05697921280151619,0.04286850439873179,0.05042431007310626,0.034916258388451984,0.0446830092202631,0.04147189297307725,0.047654948849335854,0.04640278086389707,0.051843896772417006,0.030661113452759223,0.053426704532113595,0.060627988094221895,0.05450870091672446,0.04014684139538965,0.0807608189057708,0.04241556708404324
task_te001137,0.05035687895655465,0.03512131535967429,0.051586059104911604,0.04429091832589251,0.044358586584160704,0.06399691470814162,0.03792041515112492,0.06857333411402859,0.08135732503768728,0.06285413839546934,0.04734582756251865,0.053761928906383406,0.052697658077664994,0.05209138058935272,0.04787528769057627,0.0475748764258171,0.02041720841855924,0.050172481353542915,0.04092160379017262,0.046725861447766755
task_te001138,0.09312789603770695,0.2025113273696121,0.003477010230770383,0.02769995664733816,0.052654842677755366,0.012304612258390576,0.09964530452663008,0.0970090470693518,0.04710895931921931,0.010868520606372133,0.01378927200576565,0.01235579744213784,0.15793572924411348,0.010877148903406473,0.030516470501598895,0.018645241608786837,0.01682319937200588,0.017456677584202083,0.030947231014877688,0.04424575557995814
task_te001139,0.03540702642478779,0.03446863982180344,0.03267807020163063,0.060563801628954354,0.04342275815772392,0.03494354574946357,0.04152858318608396,0.05647650082791825,0.06707960777087946,0.06483186886094476,0.03907696489073527,0.06274908583822146,0.03542046807899358,0.08857036628043949,0.03121836222748633,0.05132158900755936,0.057226957567644066,0.05879695750035005,0.0467594729865478,0.0574593729918324
task_te001140,0.059135377189751134,0.1551635385412723,0.06501463698923134,0.009794256551485766,0.03641503904207434,0.0902994740565873,0.0670604489892112,0.011367459228783638,0.012783137154828587,0.044225355226961714,0.020072971305339447,0.12706430834119326,0.05501197216814434,0.003451380290210532,0.025020110365332665,0.071139210166638,0.007080781055751217,0.0972897952527774,0.02927556109523702,0.013335186989188952
task_te001141,0.058884564387219625,0.07313173424235823,0.07016158843669135,0.022201491630231638,0.07627102963617394,0.07171393490791127,0.06998792034453787,0.04192046945874654,0.04209417729657593,0.04959161993912145,0.025322468318902218,0.06688245136608907,0.0421857709256771,0.030200007774316768,0.04854664363767964,0.04099895217369042,0.05148663156567495,0.04012171802826107,0.04505950594949977,0.03323731998064119
task_te001142,0.12671925754720056,0.022251176570358407,0.006514013349775732,0.057682378320725425,0.016370704311697168,0.0035455260998004576,0.12581392506956282,0.0463118748475332,0.0041336736763594615,0.006000698437006667,0.16923805440638423,0.17280375696253839,0.007867832064638952,0.038099967613035794,0.012917971765060174,0.007530229464263849,0.005185630757057806,0.004389902270679146,0.1595519900295889,0.007071436436732959
task_te001143,0.00013071011624041524,0.018506803789042736,0.0018085399390789468,0.000995702374456138,0.00017929395990879955,0.005259530125416982,0.00020868055312487228,0.000386145957249484,0.009014114451163896,0.011357881245971984,0.018109635628319864,0.022205357447879322,0.0004814208633941396,0.7776315478274216,0.002651494804167978,0.0014493354459270485,0.007587717753988146,0.009716968686658108,0.09769487514234403,0.014624243888245576
task_te001144,0.03306668573333601,0.02985170926481052,0.10283597886964926,0.06132707242907194,0.04750607666386651,0.0810932904214209,0.06006245388572658,0.04632144911034602,0.029080492033611776,0.05367800660102082,0.04283306049102342,0.046807028454767544,0.03616321818681079,0.04356860505013998,0.041897807995649655,0.04532920039918898,0.0713344437951095,0.04088471979182355,0.04417179534598622,0.042186905476640224
task_te001145,0.0477486001722085,0.0557006254837446,0.05106594433827571,0.050483673368186044,0.05202541823301596,0.039084228437126334,0.045018969251061074,0.06983088534466138,0.05075031403254439,0.04204296692500316,0.023874521802979633,0.05924269198016369,0.03891126430178801,0.047995025471877305,0.11267747685696262,0.04380790707495958,0.07323545133222026,0.030056621008365522,0.028991719740214177,0.03745569484464217
task_te001146,0.0035752298975694576,0.0056579582952376115,0.008062375640591585,0.0033460773830078488,0.007238414320513906,0.14058384409852745,0.004022876799065054,0.007916103580944594,0.004775059275984329,0.0042046837710903,0.15752010154335458,0.09579426486259442,0.33196316274435733,0.0077818112127946175,0.07275169231589354,0.0027846559711140317,0.12732851252148752,0.0030223205278278524,0.0036240347851427025,0.008046820452901152
task_te001147,0.006003588770405748,0.005244592418733284,0.1163430575238138,0.09735784189578432,0.011474136142204076,0.03158943391783223,0.0027528017575397853,0.005416796936019804,0.05006925609883615,0.10144113664449939,0.08887293048704839,0.1134194631171831,0.005357026751007882,0.04073638347962085,0.00596825799775223,0.030692064442924303,0.1504767188804137,0.08714440211196645,0.04785348958586661,0.0017866210405480562
task_te001148,0.03293040375149138,0.049233822491637325,0.04681237504517927,0.04670930603595177,0.04200194204567954,0.06147474559635171,0.04153947288084966,0.0278216293649025,0.04604312287408441,0.030182312234365502,0.04798183091738199,0.0370319726662088,0.08220320389921626,0.09458657881831492,0.05989894456399289,0.05902926133748667,0.09402519561766079,0.05140304253479319,0.024597482883175533,0.024493354441275865
task_te001149,0.0422859706175664,0.08641990907644154,0.027533762939442596,0.013596894258471685,0.009286770428082942,0.11709405465010517,0.027357390357616734,0.07127103724416023,0.05022376367729803,0.03591989199984794,0.06558027298174796,0.0617889177773207,0.018118599560398234,0.027675746053237613,0.017701631025320293,0.06470172614773499,0.027863332573364437,0.11536327378602622,0.013755048120565185,0.10646200672525123
task_te001150,0.011228825349784604,0.07927582357816651,0.06393229450471057,0.07246163093237232,0.01228562316121432,0.012511791870210143,0.017405220516684788,0.09404695428745984,0.005892716335573406,0.11960455638061512,0.014880505750485913,0.0242774224857414,0.06099203089852725,0.013943553561673785,0.13675984233144822,0.008615188636801423,0.0664796890578951,0.08984541026925567,0.014163788347037258,0.08139713174434245
task_te001151,0.00687917284368363,0.061425562194593004,0.0073949769649044325,0.07776336161057879,0.005750095574045067,0.08471240208776626,0.11291080512450226,0.009076409660476115,0.046094783242975244,0.005055665982304983,0.01907164231146912,0.16154066331055594,0.012926607596767744,0.10820298361324507,0.03996684230673145,0.07922761875958653,0.008108787706188968,0.007550703263096111,0.05407545011583785,0.09226546573069157
task_te001152,0.11280049011098799,0.01744347443446075,0.02335838645067108,0.06865942130905378,0.050036704592990325,0.005805744195274235,0.01457606964673311,0.054422607562340526,0.04061733386004137,0.022788585036646738,0.05390807170503253,0.04096271245248919,0.04266156162018327,0.1068599806460658,0.13252094696557448,0.01270066282261718,0.04984492841600957,0.01706218392850217,0.02218871764971536,0.11078141659461076
task_te001153,0.08616705289282259,0.02285974480248944,0.01994329199109155,0.04407191747036902,0.059666974170689904,0.007261343362052307,0.31047155971948975,0.03391655205840439,0.015837652547029134,0.02954038957703264,0.028410822173439227,0.012671794490260081,0.05228994696280058,0.007847294186983812,0.019384635869464525,0.059626800203603905,0.04823697702376883,0.035754254503972106,0.0396832616410307,0.06635773435320563
task_te001154,0.020237359463706275,0.12774905700740885,0.005262461704824489,0.022410342881209848,0.11503694658113883,0.024880125781540502,0.10280244083259288,0.13397146279946692,0.015946463810960716,0.0024710407461746484,0.12333697029022742,0.017229263228382655,0.09741240235983047,0.01267078398846463,0.08716877562016623,0.040333178404307016,0.006493010025654842,0.009811131457432818,0.025873529226495856,0.008903253790014219
task_te001155,0.040077897248583544,0.07491179495528992,0.13320158247766806,0.0027497010468698303,0.017013051384449824,0.1320656883702911,0.01639476867410842,0.04720025676248021,0.05882052830882361,0.02582554254018152,0.03901285883485873,0.037080868284013566,0.023734424922076003,0.06124201284546756,0.02383227110587789,0.05538365102572059,0.029344530752599962,0.014467384088160375,0.08680001415211015,0.08084117222036928
task_te001156,0.20785298662646082,0.011217773729970978,0.02769087508760576,0.21411166241350277,0.05768566022445233,0.0005560514703472484,0.02316812977567922,0.0025731146391015703,0.016679569269466357,0.0007739417921774534,0.13059891036515753,0.014649004248443145,0.011240052593676943,0.14019820619703433,0.02118432624051098,0.009937335685440293,0.0033207510069206175,0.009134069504124142,0.061479108477634006,0.03594847065229365
task_te001157,0.052859598261509884,0.0858760528532514,0.0490216971023182,0.05213297774139834,0.060897078700757674,0.052104066279804136,0.04581720042067956,0.05575070485473033,0.0505350754828772,0.050166517475269276,0.034673788908216624,0.039962443539162104,0.04287710578263804,0.05206786323215091,0.04386081856596409,0.056230696189095174,0.03309458932747395,0.04937282452604661,0.0436183379668053,0.04908056278985129
task_te001158,0.04292756531780656,0.062060546454184955,0.035030581735043115,0.028757569181794878,0.04085982447124283,0.05678077559370452,0.06442603458060979,0.03619750272999458,0.0393327896401943,0.08082690635054789,0.04035628962375639,0.03924783427147735,0.029012761759462016,0.14040669788545396,0.056369124968494264,0.051446061128829906,0.02710502475445898,0.04181009017023828,0.060607871640126355,0.026438147742579066
task_te001159,0.03231003070396809,0.043453245434200635,0.03759717294679424,0.02648261609405375,0.08753317723092975,0.06439873854787263,0.19346992699696033,0.03310332496565253,0.05201051396285816,0.02287606249251368,0.03008351512737526,0.032708620013634365,0.026241226709121726,0.04760229512929044,0.07467150963440089,0.04421791933588069,0.016475983351963853,0.09262608601432955,0.015874445126255972,0.026263590181943394
task_te001160,0.04073949741888902,0.036838056422657514,0.03397810810295029,0.06284399281413296,0.03609412017292513,0.04023248918903149,0.05558881593078609,0.07412633386647734,0.03014208569599917,0.031378355038169006,0.030536043348201897,0.04445854599632023,0.05484416883055616,0.07748071295825888,0.03992205841153705,0.05159521516420915,0.05869739900652792,0.08538679225534351,0.02420242161318709,0.09091478776384018
task_te001161,0.08910000939193159,0.053742608724586305,0.011524173184751935,0.07966492041584507,0.07894236563874095,0.030574635560062107,0.045306052411341884,0.05832407740936095,0.023990850525779733,0.04614754154583763,0.024880429320123475,0.03146133414562576,0.05439164726903984,0.03232884870608185,0.06523996605663503,0.027293032673803428,0.05720473536629299,0.05393025740556603,0.07510013642375543,0.06085237782483809
task_te001162,0.04919302076378574,0.00047067416992075257,0.019614685080547402,0.0238081842077123,0.011333465521236749,0.3334615940025686,0.004379337395983709,0.06310398595726181,0.03390514764760203,0.01699512474056593,0.08148078981837582,0.009300710824806633,0.15607097921142316,0.0761768153614557,0.03429102772180379,0.03829207936011315,0.00588925635869239,0.00918838134345217,0.02682868176657895,0.006216058746113229
task_te001163,0.06203799249321077,0.0420961570674499,0.03459337972042237,0.035539349064865285,0.04365443151518691,0.033896437579303336,0.04135716849846199,0.051622905308901734,0.05627066205907258,0.07891641307652403,0.05361974835143287,0.047860045212307946,0.04322330368277546,0.05879827779959787,0.057370941504711066,0.049274234804009893,0.0376447448206862,0.03798054268526956,0.08556650013116766,0.048676764624642724
task_te001164,0.029446185128453102,0.05698775499932116,0.01970327297119937,0.20157951573052096,0.09070947744624117,0.039605386734081136,0.14099186099553931,0.034496152571962646,0.01811593303751296,0.018852648738412487,0.013094005691774342,0.0596034312185476,0.007799807961850338,0.005660952563869081,0.029947698680457623,0.02990908217434599,0.01348522378734438,0.12022344876234622,0.011190192106370693,0.05859796869984936
task_te001165,0.0854797945977601,0.054617425889322245,0.02155675419750343,0.042139947482675875,0.032277018926202404,0.14459235190888195,0.04560970763955915,0.0620376419032049,0.040856044883862394,0.0035708226079563055,0.02754675225050617,0.0975051522222192,0.0915974483376829,0.06644763724321812,0.014790263538481317,0.02827218288033301,0.038836929153144094,0.062942478942088,0.01668409435440116,0.022639551040997467
task_te001166,0.028584831749327688,0.042464122007075986,0.053553612133524005,0.04194550422229236,0.04295576998207918,0.04161355611011965,0.06015862557645671,0.07117125177900128,0.06372314648210896,0.030005596826644946,0.042281289636123646,0.04672721479411895,0.0697414675846385,0.034578338747050366,0.08397157736861183,0.0474692316346708,0.04079653720378179,0.06448625272504277,0.035657123438628695,0.05811494999870182
task_te001167,0.0063388415218585265,0.16784523201807,0.03060264443165249,0.02065629010656255,0.07228823043204281,0.025635594375026164,0.10929577592344702,0.10185436962581179,0.011860589556051801,0.040063686461221874,0.05998406586634972,0.01847109442616519,0.0540255446500157,0.05482178110765647,0.04491622821439877,0.053339223300449566,0.022528099439625672,0.02693789762537385,0.03478489271054564,0.04374991820767447
task_te001168,0.04056254796185498,0.03160981140583063,0.04841711266588196,0.03578104060931525,0.053936644754316976,0.031327865901128744,0.034735913376154656,0.046899319255930105,0.05204233835477513,0.032539102577181615,0.03870433068427172,0.04688201265706598,0.040827519743422046,0.04038756797954068,0.05503848001597592,0.21851489757627218,0.04795028145410588,0.03310997832974813,0.03493979874120699,0.03579343595602032
task_te001169,0.012246527455171222,0.008205505301854541,0.014559797927091294,0.0583715731178707,0.020252908254814038,0.017919835413612212,0.005871062753016069,0.006282521762603518,0.04342703799232781,0.0051511517125594755,0.02922634884527833,0.04103007286145153,0.006534072621640409,0.007796914066094338,0.018691242998384597,0.13364678644332062,0.08518177449833955,0.05865291853061736,0.4096183285165949,0.017333618927357304
task_te001170,0.05462825508904331,0.06492050708355585,0.08072238889952937,0.027726980248454994,0.017725513849027784,0.07211762097746889,0.020230110729226942,0.019430958170043252,0.053009270185501355,0.02867759958725541,0.07853358158895354,0.07606972513850296,0.05687824352988592,0.06286010667010454,0.021336331502613017,0.06723045716202201,0.0470975224966531,0.0455726641056654,0.08493937665502839,0.020292786331463863
task_te001171,0.04732155098065139,0.07016871830591977,0.009563546612884983,0.0159104687720281,0.05928506717491678,0.02826046084998762,0.003470928451738997,0.08406104900179516,0.011191881563933,0.05275131398913235,0.0024518570622169577,0.017355749641302775,0.001344944912514302,0.08651309234280631,0.03467897922361976,0.0018104531851311594,0.018251364634716386,0.21407556958576265,0.12421310694147235,0.11731989676746916
task_te001172,0.03633492248233962,0.054187301105336184,0.03844825564156964,0.03197875165987706,0.04248125989397962,0.06205639526781511,0.03255824853065913,0.07582303643310284,0.053558659059679735,0.07756766140582799,0.04554233115485422,0.04754476484948176,0.05057147088836674,0.041199078635052615,0.09188711212647907,0.038613920792111574,0.051754160923554206,0.024780871782204263,0.046935337166687685,0.05617646020102093
task_te001173,0.03321352827148169,0.04389685920966636,0.052501136740342506,0.06204162712887234,0.033015761468146866,0.06451863684024545,0.058902529844730635,0.04363445149775589,0.052366158083747914,0.03686645232518287,0.05034766006619705,0.04792002113056911,0.06447343453149235,0.042575144619820406,0.05231875629843593,0.052359821112238886,0.04984987986319853,0.04259654999457524,0.07024719830814719,0.0463543926651528
task_te001174,0.04045021743685412,0.01642684531615187,0.025694965967996784,0.030437010400977974,0.07186602038009736,0.054101372187440495,0.06690769496167422,0.07558930643400834,0.05215494889004716,0.06110538376716906,0.0503803026228575,0.029741146646454684,0.035150627328729644,0.026350005579209426,0.06927167002488413,0.07113193466286769,0.052011081761470075,0.045687208748271486,0.03331133490256506,0.09223092198027293
task_te001175,0.045580961310151547,0.03492413641474564,0.07671889236945688,0.04083780413059052,0.03640231168342493,0.05538637081551641,0.04937073119373923,0.07946730039193906,0.050708050433662576,0.053601123372791104,0.04435962872996952,0.053425695218732416,0.07375266133047824,0.041534421173844156,0.04297316921339552,0.05163538515583081,0.04512161593561913,0.038348314167846446,0.03423686689016784,0.051614560068097906
task_te001176,0.009842090000480384,0.001443103065523365,0.03947979992455166,0.5473623835237389,0.013666727216057441,0.0054708463525241615,0.0040103321739252944,0.04947917043565423,0.048267489612465464,0.016221109230694235,0.0046357992385122025,0.02272739986041221,0.004202379667020226,0.0043025679979812725,0.043880440046946065,0.054506297446477454,0.013282980880568163,0.01995553816865783,0.00045633532506662877,0.09680720983274291
task_te001177,0.007674338883441454,0.05824477739726253,0.16242676640394793,0.003533040830514855,0.01539892027108428,0.011948453794464044,0.010494621432314138,0.0018040907953128982,0.008512536088491033,0.021665633050511203,0.013421915914463574,0.07273870506171747,0.012238820198901783,0.3453314578638685,0.00622405771157851,0.007824916351645518,0.010270388155054815,0.015743854944707387,0.016406889325397578,0.19809581552532066
task_te001178,0.005525698593403868,0.06163798272012214,0.08940034071945248,0.014940744701205924,0.03173269747129329,0.034798924612009355,0.018500682867982024,0.09737380136224011,0.011173859612851014,0.09901993536199112,0.004538512723011565,0.11439730638121848,0.03050616844293916,0.010183877965438614,0.10211212536967144,0.09130280083593077,0.00764157458366077,0.11757554140853264,0.009129536469971984,0.04850788779707314
task_te001179,0.060218463118395085,0.009416985259964561,0.09093926384763956,0.007316156065166247,0.049577347495635735,0.007422879712040549,0.027818702046269152,0.023151835658646945,0.053504645976215036,0.004305926057521716,0.04162787921929436,0.06733877397825255,0.008343035822613785,0.10407028355236242,0.007205429881568811,0.03189272081143486,0.22791505323621822,0.08827372801571653,0.03249495756311673,0.05716593268192719
task_te001180,0.03770652844699983,0.10653643796717605,0.03587540652088773,0.08473637389744747,0.054463215491695145,0.043955537413399075,0.028763468884476697,0.04370085747288563,0.03352342378962403,0.031505337734080964,0.06029015349700006,0.05691790915334737,0.06433392770409817,0.04707916351938428,0.06311999745532866,0.03820131385932995,0.08260778085733046,0.01883122928607906,0.049171810924939274,0.01868012612449012
task_te001181,0.0727060619027604,0.039498406413853986,0.040488990069347024,0.037774796266434124,0.04529227045500286,0.045926176526572465,0.05152716734810441,0.06803826564749109,0.03126127200962589,0.038532452079690846,0.05356396070532075,0.042574874127945916,0.04584546306630535,0.055949558106493484,0.07452362855282714,0.03563122445802335,0.06300984017590561,0.04409721215942993,0.031270396242065124,0.08248798368680021
task_te001182,0.035565470729711016,0.0044137060118860155,0.006820052398799805,0.0113218471801176,0.0035057010392699544,0.004164211198641946,0.008877607836899407,0.030382498096095924,0.00037118018007129575,0.0001648193783318805,0.0011651064344195476,0.028013007350221615,0.010995549381952094,0.0017298597781121004,0.0034178394566776868,0.0954679573166209,0.0026680635876091727,0.02204529844798822,0.035867914110547086,0.6930423100860268
task_te001183,0.24082221532757178,0.0007349333724098067,0.0025944555721667275,0.0034087623525438844,0.0017736937590340789,0.0014676356883927622,0.0014202011977682888,0.007200996305115418,0.0043054043981182195,0.019746402770672924,0.001275081906901378,0.04650667294571331,0.0083836453303365,0.14835447796010454,0.002430532507783046,0.34490116584700375,0.14202577032319408,0.0025463328682219176,0.0012400009154267097,0.018861618651520872
task_te001184,0.012608076910288025,0.37580720221810504,0.03724413267606577,0.0329662926175709,0.022100794968482818,0.003450968654794125,0.015261191591760606,0.03057374540187592,0.008557468163426197,0.0073065150987719095,0.1665468461706823,0.056182156070901136,0.01083966259568754,0.009523491055375791,0.022879740128220565,0.003410172845654136,0.056644990928825224,0.06800347009226004,0.004329768200734467,0.055763313610517395
task_te001185,0.0034091033693814856,0.009196223833925193,0.0022611179371302636,0.0036542615670394464,0.0035763617885431246,0.0014360626443714161,0.3009641114282797,0.005856181054545828,0.0037561898578052527,0.005407902366844847,0.003978553854944855,0.002683197932481971,0.003922301013550815,0.02197714065893907,0.5177353065108824,0.003309638565348032,0.0016797438867843801,0.05288532015388339,0.04282039007470333,0.009490891500615429
task_te001186,0.055747440206651656,0.030294456177770143,0.04775486059683736,0.0514041611012361,0.03824282724885503,0.027677276249282182,0.03221350608773402,0.07156462683399027,0.04069207131506399,0.1052382752788603,0.056736273189180175,0.04941941454690644,0.03495849961800537,0.022275730296362012,0.04492238453610518,0.05786208202708464,0.0434106519710069,0.09011740383966652,0.04125911069644483,0.05820894818295685
task_te001187,0.03995658622455422,0.052868961196253506,0.06007615979579602,0.08247958109280973,0.05999264908894693,0.07291615021654324,0.047601994166183104,0.03502887546156213,0.05724707287342762,0.03749421428677364,0.05021047920572397,0.03653297852034742,0.042126732787637795,0.0477635947275781,0.04588400341042626,0.07884182392845358,0.038914911901842056,0.04712089150714409,0.028008350563030974,0.038933989044965756
task_te001188,0.01646788074038802,0.01111005490433472,0.00641037470643265,0.015872815566291946,0.028978395927456126,0.05285192887943125,0.06962406676208145,0.12058296142598202,0.09722626697461581,0.0009818659867353906,0.019331950259670595,0.020394729822444703,0.07991427843734886,0.019232380278425183,0.026447320793453473,0.009197628509474694,0.004178027712778914,0.06890878608707016,0.25886891728825856,0.07341936893732565
task_te001189,0.05514819351993066,0.043217328472168616,0.04478342457182914,0.025989818103893707,0.04949837202989898,0.04622980730218542,0.04305794753683803,0.04846161151705034,0.05170769327590218,0.029454205285481663,0.04639906424929118,0.01921779984143136,0.04736153254245039,0.07953273584526319,0.12268591781974429,0.05853177232046489,0.06457476391735616,0.02822907122102834,0.04771380948539666,0.04820513114239474
task_te001190,0.029522716153588164,0.0256556039724272,0.01947317293906996,0.016426342271944443,0.1441068586751919,0.025838190747014735,0.039563827780383996,0.02466265082795415,0.025728243193290784,0.017616996083290322,0.10224391276555068,0.12127973793797449,0.05152385822886368,0.019522864330895992,0.04000673827725201,0.016840073204634726,0.1371587776573531,0.0652673853001711,0.05113989795782946,0.026422151695319106
task_te001191,0.10203821235455457,0.02271187554214321,0.04513923731051581,0.019643647512130283,0.04948089649814863,0.011210853430366109,0.023452024963147786,0.027433707879925183,0.08619809931622076,0.03552407782207781,0.028973808375124834,0.020897466959771786,0.11158647761568745,0.07139076101091144,0.0524401959872882,0.04091251580079193,0.0721580743414245,0.14048708793956174,0.02848998170528166,0.0098309976349263
task_te001192,0.08778006730175851,0.050905318209094164,0.020140735467560025,0.08279887133929315,0.04554212645834544,0.022432669914851083,0.04103052971708723,0.10165489820873429,0.04300539829043673,0.017964340535488846,0.12089568786934313,0.024018136948196885,0.04740919837109539,0.03745332841215902,0.051217425468508375,0.0443919804244842,0.06517898415941824,0.045087425624024444,0.02912076985686327,0.021972107423257416
task_te001193,0.11903015746303261,0.02379859618126174,0.07595240787045422,0.00977589202349906,0.016350029384421223,0.019847337332619525,0.01594635526492031,0.0735630111124539,0.03809704743340079,0.04491113296174704,0.06105717552890361,0.060773488243710906,0.03207894784361939,0.03773718857986509,0.03398333802839574,0.06490671792612086,0.08712349430769076,0.10197460418244736,0.05639729391997297,0.026695784411462985
task_te001194,0.07859437546934826,0.05842566134392481,0.07758135057074608,0.05046222296510484,0.007972546006362316,0.047173020107952955,0.020518597748013297,0.0806233996070836,0.017757737073840794,0.06905589398179802,0.006453243869568699,0.042949160326980144,0.020395234874889295,0.017844098994954323,0.026734171036198247,0.02293926381552613,0.05652165124029632,0.07933693288873028,0.02453080710015656,0.194130630978525
task_te001195,0.049725733045488336,0.03701306558128528,0.06623178260840829,0.04316894720498821,0.04789702065114496,0.05150139480424988,0.058173043397221735,0.04662192200648942,0.04815967728428014,0.06823160372123442,0.06060742352915832,0.04364596431431893,0.04921774035668252,0.0515125893358888,0.047959731550339856,0.044070135990172864,0.04024135386663964,0.07383879369427915,0.0541603441104844,0.01802173294724486
task_te001196,0.014630636821778363,0.013055328014660675,0.011120877913760107,0.0016223957749925031,0.005218469377498393,0.11551809075544803,0.031641897107149916,0.027269547808376912,0.014024145207930883,0.05025085474378782,0.00965671829271324,0.010063934738156375,0.08419922486703366,0.014113873830522115,0.011528840543592891,0.0037385241574489384,0.23241252443593058,0.032276855193885186,0.02086908521721696,0.2967881751981164
task_te001197,0.03986608961149185,0.04356793297918581,0.056190467709674265,0.04034093118319779,0.05168607257893105,0.04788553817563213,0.048035622142428624,0.04539421065037577,0.046532021043484514,0.05939364801831504,0.04290414145676601,0.037409685721570884,0.056933430936738964,0.06532501415355679,0.051988929803449366,0.04375856612800269,0.08975140509646536,0.04463926706183737,0.03414864235855495,0.0542483831903407
task_te001198,0.024319133127962328,0.021197543264790997,0.05696603801366389,0.028757008671058147,0.08912492520803321,0.038790909554125126,0.03614423208459676,0.06318404028560883,0.017256582061215525,0.02486086966046225,0.07104198727887095,0.0457382950365877,0.026531513889038065,0.043606062366475774,0.10054873360170562,0.06221628200440707,0.05594854401309651,0.08393698543010206,0.04640768990626186,0.06342262454193731
task_te001199,0.0780388077292532,0.05736848692826989,0.08315239863182994,0.04694212995190232,0.03130505111436362,0.05795845567079105,0.015024022839945961,0.0898001333905184,0.013309909575598172,0.07581099455085692,0.10544818773417328,0.020531683472164983,0.015496930639390082,0.06182223759666127,0.09080541250716018,0.04393793642113277,0.011654925762602629,0.018468906446990566,0.018286411088494024,0.0648369779479008
task_te001200,0.031195620949324224,0.04548520133642535,0.05576330747934252,0.054939027703803656,0.04455377683443415,0.05440419645482166,0.015027203370280878,0.0378357323786889,0.047304977812655934,0.04915904402159441,0.03470807211774363,0.03525443187498376,0.02769526391331093,0.06147207011767877,0.016182451749199227,0.07280404847900007,0.01915821524907857,0.02589445172199505,0.01492511553085265,0.2562377909047858
task_te001201,0.006753721267795497,0.002529827074741364,0.007091849331508588,0.007114873468259604,0.03946811052124581,0.7256057875925026,0.01570230073504347,0.01373307940100078,0.015220632003642438,0.0026278444310942756,0.008561200919374554,0.009531697066936344,0.01671933084174925,0.0035899771692157467,0.011628069362273539,0.009044924442631008,0.08520811926860503,0.013339445046485448,0.004162950966717697,0.0023662590891769903
task_te001202,0.03304402618487339,0.02552750467092073,0.05412122988755436,0.05869695803261546,0.06606790469296861,0.038402997484774805,0.06559265967694351,0.04508062513878179,0.05925347659703153,0.05092973681129239,0.0518391153272901,0.06137771500575498,0.0328267122250871,0.053494045838199396,0.08200716641773247,0.044117618116172805,0.058317188883373644,0.04438786191029653,0.02956978783595552,0.045345669262380844
task_te001203,0.12207328437150128,0.05822837109890421,0.045731376974232886,0.04913002804646789,0.008845513618655982,0.11448787039144052,0.006642983170478655,0.01738999484710402,0.03067905169251295,0.08338190859043178,0.09590546722970826,0.0240947898202556,0.019028283343903277,0.0767481147020053,0.014235267611096414,0.05648411511819179,0.07836742381474389,0.0059701025153213695,0.0173195948477358,0.07525645819530792
task_te001204,0.016336839002202164,0.06272823363384651,0.02765511271892653,0.05063172640818393,0.02611787752896618,0.05439115097014332,0.09580123810984217,0.0025827232716252504,0.1489746854842507,0.010458973420682032,0.017200394206275647,0.0011047600292189818,0.12284479748964035,0.17510421755560607,0.005999028504452883,0.012880917727072661,0.018016064521770292,0.12427299111377764,0.016067530215807573,0.010830738087709266
task_te001205,0.004228837400343828,0.003597493453658125,0.3311932139153687,0.007551091942438471,0.002569215010580972,0.02085417899060284,0.003791297688004666,0.06893166312433692,0.010780205888331668,0.005117937170519374,0.021650642618778727,0.0024728034927382686,0.12829339541755233,0.008115921130668098,0.26330432426069056,0.005991483936467274,0.10070539951703364,0.003425848742733246,0.002388948292019704,0.005036098007132641
task_te001206,0.06568290218917343,0.047390513040427955,0.1002916147869631,0.06124227930057947,0.033437653164583775,0.04773915239986514,0.03948749337496776,0.07046482892189017,0.036739320885974106,0.022815856138781003,0.09031382968093107,0.059278078941927895,0.06085531020016477,0.013056685315320464,0.07646173730665436,0.017374999478820746,0.051619929948597924,0.02515563988271523,0.0706484511800109,0.00994372386165073
task_te001207,0.23686029315908055,0.28121922824157947,0.02347649935730971,0.011698816965009715,0.005833262274655892,0.048538645740796575,0.01121114637336846,0.03272049526151897,0.0314635339172005,0.023661887391530318,0.024938790645643312,0.015411661021240957,0.014042627249658138,0.14125902867134538,0.005108208492077597,0.05583659650695711,0.007562187220465653,0.007744865594383999,0.015429802818093358,0.005982423098084261
task_te001208,0.00038636650518889025,0.0038092247654945522,0.001904941288881735,0.0013769550400715065,0.001844456857859876,0.49949931412390575,0.000460387505950569,0.0025134713716133267,0.0007945144049564236,0.30080064174084026,0.003038397380370826,0.0010519831144832465,0.0038079254517683772,0.0016199531327277014,0.0004857104506770212,0.16944357817389122,0.0020025360736728843,0.0038320422472259853,0.0009705649270797347,0.00035703544334017437
task_te001209,0.02890350117354922,0.02419309563369162,0.05329662649053138,0.04882045290433091,0.00972104664777395,0.04341178496333035,0.09733390288082473,0.04731446824305139,0.03645263016386828,0.04205901845770963,0.04431468153352602,0.03772497907628439,0.07829850904178652,0.14965981775310444,0.043201323228938215,0.05887652820695146,0.03435440571882611,0.05783494780769851,0.028122750375582248,0.03610552969864077
task_te001210,0.03005646307007615,0.10678198776798309,0.1360486792553077,0.0033375709231480764,0.03135706306741508,0.049342639942427206,0.018858777351089227,0.028796774951724866,0.006620419641440574,0.05274892483156591,0.037257045250785326,0.1005343671372288,0.012597737809466587,0.01698150614042759,0.08910234569815115,0.010823109731620177,0.028899166249319028,0.1317066956288425,0.02598032325979604,0.08216840229218517
task_te001211,0.03927938574178792,0.027877456905681976,0.04460184106612259,0.057719683554930803,0.04530026468904414,0.03527199888841744,0.0715191703817016,0.046134874610101406,0.03984776536836488,0.04116186463462292,0.059553785992241835,0.03920583908566967,0.07005899114229189,0.03422196156933417,0.05069739461222083,0.10972763099568858,0.03625342116007966,0.059962623838229874,0.042071318265455356,0.04953272749801225
task_te001212,0.08295687108410747,0.1681480185166999,0.013082129578398502,0.0058451928043254525,0.13387600796341487,0.17615762025747916,0.1328528381957685,0.00409626004148881,0.002119062589000339,0.014879067443605978,0.003840830770169626,0.0012432002791832402,0.15543965856756167,0.0371278457596418,0.009146989770071138,0.004627987348625249,0.021281685438676513,0.0155602483362761,0.008577303896736365,0.0091411813587693
task_te001213,0.05479731592146597,0.009316407416536446,0.06903879959063808,0.015739324526203177,0.005501670719100419,0.015606549406828093,0.008194141050417186,0.01731953971732734,0.005819891423568557,0.2786179350952055,0.039158339483720335,0.14101316974655673,0.00795970193167771,0.02027801140367047,0.059501327979233784,0.06958039275724708,0.11005661383165062,0.031215071896040184,0.03521946899206922,0.006066327110843228
task_te001214,0.07452143919698354,0.04396859523522287,0.06860625501438843,0.07280463099282185,0.02984933706427984,0.0330300040475501,0.05674401992542055,0.05256255918563852,0.051096124399664704,0.023929760503386018,0.027799615210501092,0.052518960377376134,0.06616641931588302,0.05930535216637449,0.07896278476850321,0.049476514358865326,0.06094286757880907,0.030009284546114078,0.03486922592601922,0.032836250186197985
task_te001215,0.006560863786411871,0.0021507000870464284,0.0046433801354827655,0.6247023383123009,0.0027841830679744247,0.004303306787253024,0.0013661411469699525,0.20065996030824385,0.003247237951790098,0.002804795092579123,0.1252685553361776,0.005518627929532794,0.0026693570624332554,0.0014245202697288437,0.0006635842412198224,0.0015869211528152767,0.002881059489612878,0.0024405570620165667,0.002436193359909132,0.0018877174205014452
task_te001216,0.16032326289175655,0.03617614443149008,0.050635506161178616,0.02328523178462074,0.007983012133036106,0.1606118243583054,0.06714744031302587,0.0961800279723879,0.012219600733564139,0.07484765609032068,0.017072553538239527,0.015789287892261205,0.012785228724298053,0.03725429201698512,0.06889885569574489,0.016072519003283988,0.025090661368910992,0.03593998617456729,0.02911573857872895,0.052571170137293864
task_te001217,0.13542425488157242,0.37130625025064273,0.007166144266899636,0.003939020005954044,0.0077092850521910256,0.006923523652373808,0.008444407936432172,0.003997904424730274,0.07718519432907761,0.02651971200978344,0.007075065590360299,0.019552028308675962,0.24248700715267033,0.013725501984522475,0.02967349336536141,0.005453383291177883,0.011784760182668112,0.01553994559248628,0.004505812425468407,0.0015873052969515849
task_te001218,0.017872237979093757,0.010264237702664871,0.09342939776823272,0.05478290935667047,0.09266117737409457,0.04442256416960937,0.021957496331606517,0.03604898796855626,0.038441469283984606,0.06300167637706357,0.04894307522316162,0.012530476763407067,0.058815993902235915,0.07377831571111225,0.04136015853114912,0.008794761465914404,0.06979617578736996,0.05776719839800499,0.0660771565010569,0.08925453340501098
task_te001219,0.004127895086565144,0.018084611942222235,0.008786787766049716,0.03122959998273886,0.03495163189286249,0.13117609603105007,0.08788378212840685,0.03040345983094106,0.19180013117189337,0.015363242686703658,0.02694247325138944,0.0049181687634965755,0.22325502020998841,0.011056474387472977,0.02048685834768226,0.015308698144075967,0.008709988217065357,0.005320458841279916,0.016173535576617375,0.11402108574149819
task_te001220,0.07943560123349835,0.025122333699813086,0.03728499046053358,0.07905799948353506,0.10176626221394555,0.02348820705490959,0.040353677615634784,0.01761382698582621,0.06839906350029148,0.0571823863532477,0.012927693609969109,0.04171196839161762,0.07368441913184443,0.03766461559717485,0.014252338720586153,0.032477111247179266,0.06952324944716347,0.09097241042952836,0.0211965872004127,0.0758852576232887
task_te001221,0.026933428606391974,0.053995881955732204,0.09740396837836318,0.013140005677378446,0.016087746728353187,0.01696023962484175,0.020145408374313244,0.15056149520389484,0.01813658726969737,0.04887274290569257,0.06060323826242533,0.02002510591135316,0.04525255473762305,0.10563352557693254,0.027528246682314628,0.08662250477337369,0.03988071940902832,0.0908828261271794,0.022010464971312895,0.03932330882379831
task_te001222,0.04611777506061313,0.05269815762384875,0.0460000391597718,0.05733103558414159,0.04833777650269505,0.03927015355413184,0.05096165678497279,0.053232539046800705,0.05087901016631505,0.029568117072572186,0.04985301030505301,0.05307376934196611,0.04990581394745641,0.05149269437847985,0.029812983704159957,0.03278636142463604,0.04790908575296038,0.04939637405367338,0.07273680858024931,0.08863683795550269
task_te001223,0.11113425464033674,0.011729120798847413,0.01784283213587297,0.021578229011825257,0.01238630253186572,0.01674362337376967,0.02227350333350828,0.1435193917274093,0.011707784245049726,0.03442811281373133,0.04464681183168063,0.012034881309605653,0.005418254854844717,0.2604758030230413,0.06375505314545814,0.012559150000729545,0.006247184768271332,0.012548561822324741,0.15024560111411295,0.028725543517714565
task_te001224,0.002574480961783067,0.00491229619191455,0.04519488913844934,0.0020681648586690434,0.026069240945861948,0.2608263355798728,0.012605544736559254,0.06363577258952517,0.2854732014141688,0.006873405687993095,0.012599493320258765,0.030212323606141275,0.0016919107159412733,0.04208500364710316,0.09946655934272021,0.04118241356555346,0.003580782246599225,0.013088662991452128,0.009551728062923866,0.036307790396509665
task_te001225,0.12137688962407771,0.02227198103873398,0.03391485634563348,0.026612463272032903,0.0021579421593366666,0.1043968131184563,0.014803668276870272,0.02258185600139421,0.010290181566714225,0.014489051238345525,0.07280551737748171,0.039255533019005556,0.10440986534541649,0.08096763691286173,0.029241805056134173,0.022150674464176897,0.04280897844362448,0.08051212520118112,0.11096261598304129,0.043989545555481076
task_te001226,0.038489844590012125,0.024148501718132216,0.058043405408335545,0.008497779014152584,0.07930069371551159,0.0347414358730943,0.007845688671939,0.06606279350682301,0.009783490991312378,0.01453685989065012,0.0738651685032604,0.002934681906124848,0.027812683028420965,0.04598504093834326,0.13974390008189852,0.06321791424061192,0.18194045435439396,0.040494741650820266,0.07514677387600266,0.007408148040160464
task_te001227,0.04686581943782141,0.05130427885409444,0.05541033169660998,0.03513742112914853,0.05879058686139641,0.05039280975755055,0.05461059794864873,0.04011717919523306,0.043452217116519934,0.057993671804085864,0.061935719125637556,0.03886938760138989,0.04496312009370627,0.05057271294296072,0.05618546064415556,0.04712669548655445,0.04912619832054015,0.04488392449069614,0.07300455737594154,0.03925731011730883
task_te001228,0.01844898814959396,0.017176302682344734,0.007308890234507152,0.04648679923310241,0.11788053434307653,0.06844593187259058,0.03668242040063864,0.04817907636687442,0.06891007331467791,0.07053830377500667,0.09403508521847151,0.06420230501915086,0.01175853166186046,0.022787724196189154,0.08333473380933733,0.06360421635030414,0.05713500376609674,0.04017705708555156,0.03964935536380719,0.023258667156817788
task_te001229,0.08500339344410007,0.038004141000795695,0.052773879749418905,0.03708953465093806,0.05755440508743013,0.031794524225624225,0.03962313109231959,0.06844627898326436,0.02754083740451392,0.014993894399852341,0.040721774822728804,0.06989374847939421,0.013074148385379552,0.06203339400695732,0.06023614023085928,0.04538176060957373,0.11615888661064398,0.03863356905106669,0.01558855685911095,0.08545400090602817
task_te001230,0.04140652122089288,0.06354528306424936,0.04394024956699427,0.04076807282247944,0.05327614740786978,0.05693878341391115,0.04593926806172332,0.03412750627612117,0.05961180418744189,0.04579403132595077,0.05628713350318262,0.06975973059809953,0.056514033197937755,0.04081726611017818,0.0308134949340452,0.04829603949890877,0.055284601734523375,0.06489225897315401,0.04714935644961691,0.044838417652719516
task_te001231,0.03378965654432987,0.034862973629998545,0.009534050340685864,0.026653462681890346,0.04676363402465123,0.08330616616037007,0.13567073411047104,0.08565019222151277,0.08283114956916766,0.029143293378170978,0.02269367283767358,0.052127248800844385,0.048811978993040385,0.017352218701554758,0.052447948871711406,0.030110226642980725,0.07344402310695243,0.03121939911663432,0.06822905512176987,0.03535891514558984
task_te001232,0.057116018792291154,0.007636195913761332,0.01216577390661473,0.09644356823287811,0.014939022252586859,0.04635348999610055,0.027853932764162415,0.013223743941200584,0.0047946275257014625,0.0034906272539675246,0.010588330835288975,0.018715481612562448,0.02885007379846083,0.007404945969054204,0.6211266495031772,0.004476036498731692,0.008764486646197368,0.00428209594238755,0.00612930041341973,0.005645598201455372
task_te001233,0.05348718850233597,0.022053264949576018,0.07967630041133844,0.012882086825396282,0.015217674150910281,0.06285488421207101,0.018116728021427938,0.045895514835210954,0.14116729268840097,0.07573542918334757,0.0239754284656736,0.08254344000371515,0.028344821714882607,0.06698106989434845,0.06783520109546907,0.0487004627841241,0.01723331002045779,0.07815373376225679,0.02188090595181924,0.03726526252723785
task_te001234,0.03952080771788633,0.02166756398795105,0.04902217784245701,0.05619199425271855,0.07053973881938468,0.05739315680587041,0.058111160339807025,0.03636379530467288,0.050446042851583106,0.04145445051599498,0.04982337552228913,0.035491295734972804,0.041327272929819574,0.05904621499516611,0.058418229394331375,0.05246097193301049,0.04860740678120841,0.061351486879551276,0.07654295902924062,0.03621989836208406
task_te001235,0.0471587704602751,0.04795614407677785,0.02987778859866135,0.07471319171048042,0.046081973706764506,0.07672156335285005,0.03200905527782544,0.017849397897892378,0.02733516661941001,0.042817021302655967,0.026650672688333647,0.037095055706791294,0.024877824744601984,0.15180957636530015,0.06340661007695955,0.08726248569822667,0.07878093093847757,0.02337515603084481,0.024488434013690073,0.039733180733181384
task_te001236,0.02296672725192201,0.010536753681387767,0.10145042588131298,0.026669836059860477,0.0032062404765743563,0.2294926945950659,0.021991472410270798,0.23388423018907725,0.0677262633093904,0.016597022663058056,0.004514996107840926,0.01968382243750121,0.018963907499139454,0.14769170256151054,0.01116162330723841,0.011362223619301693,0.015223126285103531,0.006590001681657545,0.006376256881794582,0.0239106731009921
task_te001237,0.021836624132382125,0.14101335752748212,0.014730311639787956,0.008927061600339641,0.0397628107758025,0.04453258262184558,0.0286579894356065,0.014002658183968739,0.015956735718194486,0.020926074968674668,0.01841172270297369,0.03799621109383643,0.07850015863118943,0.00410913479398958,0.031837835473567985,0.2470215228530206,0.015896413186823423,0.032467478614851226,0.011785634299661358,0.17162768174600196
task_te001238,0.05530870214258824,0.08840106138859564,0.0009256208252010761,0.05192179377832969,0.013797776652967572,0.026437490421673843,0.00261548924874583,0.02750584434968733,0.0516899227843608,0.029269269889779428,0.17551801662203276,0.021045778374162445,0.005961870786424288,0.0963198731953552,0.07986257968319346,0.060271167596903055,0.05885437718128412,0.0031874962879709285,0.015522997124534026,0.1355828716662103
task_te001239,0.24526442020784314,0.04980661274580021,0.001054510665588887,0.0010346513648386779,0.18525917149280444,0.0009178140621474216,0.0007555385324121431,0.0008214239609268678,0.00019806311788810786,0.1902506120927771,0.0006890284628042959,0.0008045134799104961,0.15853951481057674,0.0004055037247305903,0.010602338842448768,0.015631055728925255,0.009730825416240296,0.0006036561567675422,0.11459600310621382,0.013034742028355157
task_te001240,0.01567960341754239,0.008198304458606736,0.09639244677095338,0.0022198438629227237,0.09178292826600748,0.03008405147964451,0.012676894931111215,0.024611498127215848,0.1509999514776571,0.10152032268774439,0.1562781136772215,0.018489863882467632,0.07729058077490293,0.005505457326993555,0.011027305149436928,0.014767007633758879,0.0019483142183153634,0.05210336160206608,0.00312354515784192,0.12530060509758967
task_te001241,0.08137431673623104,0.08008378805938525,0.007294997296980585,0.05229911534691653,0.07878688256534574,0.00448299522413641,0.012396997632947021,0.10052681710654282,0.016809074102833124,0.01562909912744721,0.026066255043746482,0.040609542748537904,0.08717981860182634,0.0028189575379217544,0.20322498610927758,0.012916737092895569,0.07373422981113796,0.012774598501855583,0.029370334061844822,0.06162045729219032
task_te001242,0.044832060226127055,0.07330623695758715,0.0536945153546618,0.05548000994160218,0.05078354416449621,0.06059293669792199,0.06549390227646144,0.041891175719265344,0.04687375799550877,0.054411107339788996,0.04989679813511832,0.03741004870666031,0.01884782242110431,0.04618255754052469,0.027620271858879976,0.05607868463451733,0.05140507144793663,0.0711630815221384,0.02798495811355314,0.06605145894614603
task_te001243,0.16874650143739026,0.03158473984944686,0.020050991981346085,0.02493978716403891,0.004977006712490466,0.08823764307167753,0.003240832604774133,0.06936170092481923,0.009738060109811063,0.04136437265404454,0.0012602233644980945,0.1092553647669384,0.009264984917544194,0.014399464760854666,0.006522521088758878,0.04532599665506208,0.07306267179362368,0.1355499111284422,0.07677470914577163,0.06634251586866707
task_te001244,0.3032188836433346,0.07804310805805194,0.08092287638494058,0.005482824421762053,0.012989549206903825,0.004418598427639214,0.13979905164214929,0.008354747615321996,0.10496374732761311,0.017391460142456107,0.007853691033760718,0.00937080579675832,0.009194587286703042,0.034009944194163595,0.009548422719121602,0.05988507779579746,0.006859179462267482,0.01567154722953497,0.0692658276570747,0.022756069954645394
task_te001245,0.06449745954924456,0.04507516676566414,0.06709522648871492,0.041104035863342506,0.055039354149333544,0.04984266918858911,0.043500005383931464,0.045127200353156836,0.06313310254217937,0.035511772902567934,0.04203230026424654,0.04510770659306065,0.0498527133429733,0.05960157828595706,0.051301676372337776,0.039488041152345076,0.05990988760031028,0.049574298007237554,0.03343012084150581,0.059775684353301654
task_te001246,0.0632573801674559,0.039928569075028245,0.040991122730980566,0.0408983143392643,0.0460840031888139,0.04312626209535957,0.09822393608847796,0.05346411984075459,0.03435406000329991,0.03705134952326667,0.04027097446444931,0.0497598417607887,0.026170617293581385,0.04431297372020974,0.04649671758603932,0.07413366194869786,0.04029724506391933,0.057091642154876665,0.03632354284755112,0.08776366610718511
task_te001247,0.08457603089301573,0.049038398851365864,0.026148698781169502,0.04533795051160627,0.023637033044088093,0.0827909402800371,0.07434752774741854,0.05550234098346174,0.03351656244799225,0.023364189833569884,0.06767619918327418,0.07414237419594667,0.03600199270385583,0.055352502039468426,0.06947410011049855,0.027343400323428416,0.06459145638197236,0.05414237015067301,0.029763193308666103,0.023252738228491363
task_te001248,0.053781656059316764,0.049029567580164524,0.04936458946572962,0.040860897073820596,0.04423106883605519,0.04113013639639395,0.08962353293243781,0.06863412811114328,0.03403343747397047,0.06066966094909392,0.03091805161504504,0.040419244771986676,0.03349536967524848,0.04396576080076716,0.07769762337549709,0.045254035084164285,0.04256728228158585,0.053968785638200505,0.0626030243433543,0.03775214753602457
task_te001249,0.07658496737309846,0.045176692323491086,0.0426168784210317,0.053846805865481226,0.03284842458890736,0.11683358090984929,0.053975205565447666,0.057643059732436476,0.029872812277644864,0.047393654132843556,0.034530658304733335,0.04316255935214681,0.02950951091688621,0.055256421009033156,0.040358955728560256,0.050537947960639124,0.03671840664745488,0.061571512919609855,0.04698110649882696,0.04458083947187791
