task_id,p1,p2,p3,p4,p5,p6,p7,p8,p9,p10,p11,p12,p13,p14,p15,p16,p17,p18,p19,p20
task_te000000,0.027975721264342623,0.10002299618450262,0.04486587477789496,0.03338922455208601,0.049090611144605466,0.04616070257974231,0.034191573656025584,0.05703241086213834,0.038877350087231935,0.03197322664401247,0.035837578723654985,0.04066480899844854,0.06817620228884995,0.05566652256698812,0.043573850881559656,0.07443996766478628,0.07645319304142775,0.04232996105925831,0.04569784005630614,0.05358038296613783
task_te000001,0.08651252101532558,0.04646692891561763,0.036349101820258085,0.05216846123250062,0.05213246404722178,0.036422474430626545,0.06294079170917886,0.046551572600110856,0.04563674519261454,0.05213782547617625,0.04916476503939032,0.04889402597738745,0.038226164073851085,0.04920523346345124,0.05640575669408371,0.07085508304618014,0.04384262735242846,0.041910148632235966,0.03542480010139314,0.048752509179967665
task_te000002,0.030825016884618042,0.06298449739849209,0.04204166239700463,0.03476088105037126,0.05032281188710331,0.07873010897528311,0.046017840061832,0.04028099546498384,0.02374064231916417,0.0708206069640014,0.059353423111587915,0.057981923406339196,0.039346995057913454,0.05403127982293362,0.045472601407794036,0.07628332268006738,0.07747068263265913,0.021560775745912406,0.0414807736758654,0.046493159056073534
task_te000003,0.0475189178679988,0.048588963729802676,0.04564797380144036,0.04711371544643748,0.05100539499704935,0.05296260028626492,0.05227868601760832,0.0501918144318987,0.049100225008348555,0.05247829450566379,0.05181907176921867,0.05069326187555952,0.04919571797549743,0.048917672943754584,0.048788327810752166,0.04932080657511543,0.0495125410815525,0.05629466462503628,0.04601678643965659,0.05255456281134394
task_te000004,0.05913865919870417,0.03844860018210666,0.041802144722823176,0.033192002645159396,0.08921366584610148,0.037751025284959404,0.04029706872442552,0.03296546367509751,0.03431818843207795,0.07207501016915088,0.037319544775084805,0.04073771568356516,0.03915364577812952,0.0642027175767659,0.052336218711288254,0.0384648415232457,0.04015597739983191,0.06536520163079974,0.07491770906124624,0.06814459897943666
task_te000005,0.048181048004789596,0.053749618280184264,0.05028914038982261,0.047540544042455765,0.04987140823135067,0.04910932220575019,0.04724624415225773,0.04973641821610296,0.05268630127554422,0.04692998370615272,0.051651093870208394,0.04799186637574848,0.05128550676295781,0.05038824576208177,0.05267993938324115,0.05104873753178291,0.051432588603547914,0.046379924621216914,0.05023892539678442,0.05156314318801935
task_te000006,0.04845910517709517,0.05157089647805226,0.05358280776499619,0.04874708388891991,0.047738926697174104,0.04635860172938865,0.050885453377388264,0.04868612228540874,0.05255772988336419,0.05104618476023606,0.046047370184308836,0.052076031477983856,0.05193444954034924,0.05006030212995315,0.0502277730343461,0.05100326422024133,0.04949799235315934,0.05161357620623691,0.048857720544892264,0.049048608266505436
task_te000007,0.04892272012046898,0.0502720404828356,0.047139648684829796,0.050519768272977515,0.052903633954014755,0.04904440657007742,0.04853888631000985,0.04878880583675231,0.04784887916196591,0.050337903696586694,0.050502214245129254,0.05081669209541373,0.050328286322884774,0.05194866295362905,0.050340175014954795,0.05044956889017063,0.05023577658033542,0.05067407620143891,0.05242668615692121,0.04796116844860338
task_te000008,0.06719503624031554,0.08398734930351674,0.028524718189033474,0.04539753794978016,0.045115572266520854,0.07391500699510926,0.044387450727821805,0.045936336737288155,0.03300704354211632,0.08529512226667242,0.0517906769455504,0.042429411650833346,0.0773655118211234,0.04769352162813016,0.030760094175846242,0.0610155539778951,0.031220815002473586,0.05621099025292575,0.02023625954577379,0.028515990781273537
task_te000009,0.031218099485013803,0.06107377267399821,0.02557109364981841,0.019326676753279037,0.03409921258958628,0.02765362346721804,0.06835858716059766,0.029130218060586164,0.06013489322744076,0.04232824892878844,0.06568283270782788,0.046527599754656854,0.07382738972788268,0.11421368272090796,0.1473154643903215,0.009428831895875268,0.0652085861169872,0.021195456909631722,0.02746731618330388,0.030238413596278158
task_te000010,0.016890914611795215,0.07356125670741799,0.03272850600636405,0.08600558226439974,0.04360205878012908,0.07352441590730538,0.036200562080207346,0.043273116882247935,0.04637136053198856,0.04132648033338782,0.02883146652214884,0.014144234343628354,0.0455143147326095,0.02122960754854513,0.06297165035842249,0.1329785464538942,0.027463760961250045,0.05435782330027281,0.040179566236524245,0.07884477543746121
task_te000011,0.04281063805546324,0.09546074394242077,0.05361005924105446,0.05427130016836035,0.0654092503291451,0.029383945665044563,0.031640089019912276,0.0316540889460848,0.08093427493419635,0.03663850193410127,0.05240228208465473,0.04583997197301922,0.03997335857478291,0.042022652655619094,0.035213481930136493,0.0729136602402243,0.039551305222935845,0.05588514196559546,0.06464589185073065,0.029739361266518084
task_te000012,0.016577291990557918,0.05985727366571018,0.03491503239705538,0.03274831324626889,0.07231388467889113,0.05189082120433552,0.027960297896832048,0.03429820392686351,0.08113434262961262,0.0550095842182664,0.04334640219929287,0.030716902875757457,0.036722816227858446,0.03785908930661465,0.06065449139881407,0.06012921648268184,0.07709724099236845,0.05163663685431753,0.017877047897272957,0.11725510991062815
task_te000013,0.0579906545779275,0.04476555287609191,0.038454891633450845,0.04753823284833278,0.03073881448923801,0.07177598650243928,0.043600970088780194,0.03979465171598067,0.07625032225173876,0.03696551953790972,0.03375270970158061,0.031782553362474326,0.0832695128536788,0.050202056959205016,0.07553666206729007,0.044831329502571814,0.053781217027233666,0.048413281945903934,0.04101309992280757,0.0495419801353645
task_te000014,0.01976975769303776,0.05595296486507259,0.04107059391596918,0.09936064736633012,0.10802817444186909,0.03549326051876437,0.03615312806951166,0.019844643717046414,0.03133110536859953,0.02640939068470096,0.04270531255948384,0.016829077417512436,0.138895077689652,0.06237973492853874,0.06089018151771588,0.02491284215553312,0.06955883743045459,0.02164102704081158,0.011806282638302284,0.0769679599810939
task_te000015,0.04812045817050818,0.039497325164501315,0.07915260751014253,0.024887114717566435,0.046992653840951894,0.05980061686897825,0.041626301284091935,0.03773433708773888,0.03996475159405425,0.02974566639265229,0.05890895065584934,0.07768955510037658,0.024226007127248424,0.03487366429850061,0.06381035950875516,0.06999967422184203,0.046269326327775445,0.09946393594459454,0.037842740055895975,0.039393954127976034
task_te000016,0.05787482210690187,0.14781225742534176,0.025342348403789707,0.01472660140658814,0.010829890829183094,0.010529687627206614,0.01698714867765562,0.011127586527211918,0.024938841246100688,0.0317241085823381,0.040563058816637645,0.12142020312221166,0.07656236688753505,0.010132181075053972,0.0318665900780631,0.017882560275588936,0.1135954406102985,0.15561745716708783,0.043993412437506776,0.03647343669769897
task_te000017,0.04402304109968498,0.04874408235365785,0.04653654758559388,0.05859011816152886,0.034363222382678166,0.08565371731408558,0.035834208586644815,0.05970514999354041,0.05814930799330614,0.04352923701601252,0.08840219788650261,0.04519248997244023,0.05769116709591324,0.05808801256672048,0.030040552631813114,0.04586659575892371,0.023399491635018057,0.031482119417666994,0.06486991920527097,0.03983882134299743
task_te000018,0.05006819149570281,0.04823762000165975,0.0489714833925047,0.048410816664371824,0.04834118590099097,0.054416316106632855,0.0462525988261317,0.050052981341073166,0.05341574500504324,0.0544053199033807,0.04585493993489816,0.05250051781574056,0.04893402915098596,0.048218884957341994,0.05048522974569485,0.048940025077635396,0.04609709285600939,0.048939036753854324,0.05365972352439695,0.05379826154595051
task_te000019,0.048381369935562184,0.051275569014820194,0.04839994432728775,0.050241042930733365,0.048119687880029606,0.04878529199970553,0.049493579527878265,0.0497201914540828,0.0533310893057913,0.05015227525794867,0.04889973820377277,0.04991210357488692,0.05065391701221684,0.050053577474201666,0.05139988430730442,0.04816733988132337,0.0519310516626689,0.04896891789875762,0.04907730707315624,0.05303612127787166
task_te000020,0.041030522634648,0.05400109245337925,0.05147716732722456,0.03304184918809224,0.02319134328781242,0.050343961650789706,0.09944820692333478,0.09616524105427633,0.04752315070551876,0.060325848240544794,0.04436564404694754,0.02995929728635688,0.05415200523621488,0.07491654392681567,0.04181385200728679,0.027407499100340665,0.040233493488158224,0.04641342702832112,0.05352673225415376,0.03066312215978373
task_te000021,0.05429257440997054,0.06489571417926494,0.04924314325424176,0.059952254854335064,0.034607602882505153,0.06099569651252243,0.03264461312246125,0.06131894991647872,0.049459391704987865,0.06660190593703243,0.06588386900469843,0.040207139189172306,0.04541323619210823,0.047189078882980115,0.037491540989097634,0.04078036191430122,0.06625692587244257,0.04293085867094437,0.055062125966050854,0.024773016544404135
task_te000022,0.05220733199183424,0.04638018600102157,0.052174801274568146,0.054341000237899846,0.06067153689132985,0.02287923189502118,0.03885085809153906,0.04105871582968416,0.051674599081862164,0.04796386010580651,0.07513615416342145,0.051447586900609465,0.05014082289118326,0.06870013165029208,0.05351892848619502,0.05768013011691495,0.039628202894608174,0.02838618176064114,0.06977431582669516,0.037385423908872506
task_te000023,0.07392614924888549,0.037404659385641276,0.05465253342060435,0.04831351232287273,0.05583407388725939,0.03856089741399201,0.02900702908431814,0.04923916681624388,0.03894513902093097,0.042483748163622825,0.05716749858238565,0.06080593459390909,0.035159583997784266,0.0494410404899155,0.06295159372053781,0.04480565175657386,0.06812177237490133,0.03756207443477682,0.05235473524695887,0.0632632060378857
task_te000024,0.06161614918544083,0.07358341094323748,0.051517953892653755,0.05846596118147927,0.036600780287953744,0.05589644434610812,0.05660747628208869,0.053844553637250436,0.03689331207495572,0.042779766814369645,0.05762413900947482,0.03870369679480205,0.044144068020867185,0.038924546280512694,0.050430207812785385,0.054639202793275436,0.05319608239467641,0.05875707560928916,0.037481875592246694,0.03829329704653253
task_te000025,0.05056458800022839,0.017828669434087164,0.03564774596630545,0.026375897407178286,0.05567934714556609,0.0532390774952042,0.030300815485755306,0.08204504573349991,0.06930708942771613,0.09068124583849053,0.06901399226116371,0.012449897989645397,0.022221029255309707,0.10860008219539881,0.06562835291574899,0.04082489039936027,0.025044214815085338,0.041633241707668446,0.035599165310465516,0.06731561121612249
task_te000026,0.05032083296187023,0.047144378307504155,0.04765864328296719,0.04587351251644745,0.05435644658799363,0.05029220664953615,0.05074517765391136,0.049657784924550946,0.04993497129618369,0.048783046731647156,0.05056721194713697,0.04947861351323439,0.050583189887538585,0.0529117622201655,0.051137230736477246,0.04708192777713004,0.04964429453560934,0.052166652060666806,0.04969847664566121,0.05196363976376801
task_te000027,0.05679600667653743,0.06275871180742904,0.024778448430037552,0.052353516193569684,0.04514664264024627,0.037330367178990825,0.05141779772876584,0.05444256405632743,0.024182857041965787,0.02978524781614256,0.08241820898512531,0.07877270797639825,0.05945834613868067,0.03435784379423362,0.04050978503152076,0.08068372274949104,0.03095224400982733,0.053531030862629995,0.056599793998108223,0.0437241568839725
task_te000028,0.05873021589292375,0.0891448689493132,0.02342530466421347,0.037079704969864985,0.06653649684654296,0.056544995337812425,0.04263837766452171,0.03802149795594056,0.04858009455072284,0.03415773955424904,0.08022780022968239,0.03309861391926161,0.034347923835378685,0.03059137649911447,0.0703027393710186,0.09486297020682807,0.04085189450643483,0.04207126228580505,0.044687628717977004,0.0340984940423944
task_te000029,0.049457388663437,0.05140713183345865,0.048228547070868794,0.048612898002052554,0.05170336607718271,0.04974507164951816,0.04981170335296773,0.04831476984161223,0.04629472329226977,0.05315888867636264,0.05299823301914683,0.05084602834841026,0.049354780568700844,0.05194870389165938,0.05362699388851231,0.04798643341481015,0.04949199949277816,0.04867868431894308,0.0500102105079966,0.04832344408931199
task_te000030,0.042944440444257256,0.046006201019559254,0.04438239306337025,0.026066700722095455,0.08784297529065185,0.04702855574773371,0.058651633704757365,0.036955294540102164,0.028317586068358904,0.09384654682181202,0.028023515984566594,0.06188648757408637,0.03678776647224594,0.04685144107419396,0.03680583061990016,0.05418111451571349,0.03720189355489162,0.08954896739747924,0.05433468155922157,0.04233597382500289
task_te000031,0.04167361175122545,0.039787913157901186,0.07356074314007814,0.04154561142192488,0.035639617733806125,0.019839057432633967,0.04795841716751201,0.048312171011822655,0.03695361712142641,0.07272734820658287,0.04200113208679421,0.04094034901950369,0.05971124773268185,0.08688563075393108,0.030350910888757913,0.04349883311233532,0.035591072428974566,0.08112103209218728,0.08059186291836651,0.04130982082155397
task_te000032,0.04908935714155276,0.05140285787982018,0.051015234443441526,0.05064569207223823,0.050677845172245856,0.05082417831894358,0.050014738153805215,0.04996339428311942,0.049411009277486234,0.05170600519933251,0.05083210840596922,0.04651325172855311,0.04964923149463924,0.04676855688574675,0.04823997267211835,0.04998000462701582,0.05023602480831783,0.05136182634037099,0.04856400990350448,0.053104701191778826
task_te000033,0.04742933075445377,0.05188802725841542,0.04974592760838501,0.054011424736031974,0.05066064411029593,0.04952455168142914,0.05018675485396621,0.05216429714460604,0.04976275431340881,0.05003570885011072,0.048117560025183026,0.051554757127430344,0.04841260220798944,0.048767252443666115,0.05341954636211349,0.05076140432193008,0.046787099021599006,0.049158720733186376,0.04897712182173765,0.04863451462406153
task_te000034,0.03419253672044241,0.027880566304726257,0.08075701825795152,0.04891663745335931,0.05391911135482254,0.06616138237756151,0.05592151669180389,0.06677390508474608,0.048872832004731255,0.028101858441224523,0.06120206676920321,0.031857026086861695,0.012099436491603407,0.020321142147268507,0.020528361319672943,0.10480221359368139,0.08998136989893447,0.05377249219135143,0.05599280441907621,0.03794572239097759
task_te000035,0.049690729793296605,0.050056130138507196,0.051980311207159284,0.05082318336366803,0.05201595375080752,0.049493724669683575,0.047871083391454634,0.047233994931149596,0.04691974055026285,0.05074958072025787,0.05032326378116904,0.05154367209921603,0.05159538279765601,0.05190664248329303,0.0461864180336074,0.04808391594061342,0.04779415804070211,0.05290057822096649,0.05153437485728115,0.05129716122924825
task_te000036,0.06489503939197984,0.03609613237211568,0.10031954167747043,0.026365511918356566,0.05641461246010853,0.0461172770144831,0.04286824894744868,0.04485553961537815,0.05522573084944817,0.025190135901855343,0.05048761636999238,0.04353475441705811,0.04719827783289797,0.05187929841769851,0.05207002776305813,0.06394908733836648,0.05375781640743559,0.02279178809403301,0.045580798315950605,0.07040276489486466
task_te000037,0.0545734171700997,0.024396670314889318,0.05947521123106013,0.01641533735408747,0.056779795820369745,0.04357702888414703,0.08458626475714168,0.03237400846105943,0.07786821134893172,0.06342943853506777,0.06455175695787121,0.06276418990147778,0.07790764135694124,0.0254934674867747,0.033434660461071415,0.04309804283443882,0.04528547107681049,0.054632064848795056,0.04284834077128317,0.03650898042768217
task_te000038,0.03945248160943392,0.033332171417613216,0.04405096302153124,0.029969394272488282,0.02078212754106021,0.05951251077997537,0.07856741534167214,0.03413453448314299,0.07145853074951186,0.028303662120329576,0.04035466585309669,0.05661428688244611,0.04653438015791391,0.11443111593136465,0.01994406487102195,0.023727938679844598,0.0661615513119548,0.09530487418902772,0.04070921962774819,0.05665411115882256
task_te000039,0.07652943566783647,0.0681482038073053,0.04925538618324069,0.02968005540510952,0.03137861215835484,0.07606048689944264,0.05771812256556894,0.10200823493139738,0.03151992109758127,0.054728793399718256,0.03878308768878618,0.04365511751306584,0.03906911387402006,0.030692278598449314,0.044821351039670734,0.027351861792408644,0.05471585423889515,0.0451365330480811,0.07086413520171567,0.027883414889351994
task_te000040,0.031529554026257206,0.05460926717284149,0.029598665098389147,0.033712440216675486,0.05313296610365479,0.040318831034725916,0.06007343208089768,0.06008584258156883,0.03397596313736671,0.05539623792224775,0.024443719882009527,0.05419463565031196,0.04644703137274508,0.06550838013020056,0.04180455560505936,0.06417525620166463,0.05953720807244403,0.05734231890497293,0.0543251896862984,0.07978850511966862
task_te000041,0.04586222468228439,0.04995336314650515,0.047184393975799814,0.050404447030769045,0.04856918105352515,0.05068847616989846,0.048032267912769856,0.04985244629886526,0.05310319402447199,0.05042085146398648,0.050673363078460605,0.05134170239363097,0.05116718603179829,0.04710290930300317,0.051694267789319556,0.05331673658906926,0.04666445272312995,0.05042257818659017,0.0518689857035928,0.05167697244252981
task_te000042,0.015708536302444877,0.039956101996280996,0.10822055466434602,0.04638654497522783,0.06655310398207537,0.053693405515502654,0.025255055851333277,0.04713880906253625,0.09123296086396732,0.02645976127869201,0.06883083090806524,0.04920233652699771,0.10876578924067279,0.03367190466590194,0.07062629555038584,0.05023298248278069,0.01883934090531338,0.017068131515039456,0.021233171793723082,0.040924381918713275
task_te000043,0.08293912828066458,0.045392404693135845,0.04080690408955159,0.03708865827943152,0.06238535573008771,0.036330878946268345,0.09132728790118093,0.03966767176484246,0.04519741703133709,0.042107936761837154,0.08994734917292971,0.03302716485557437,0.042167520558785324,0.04146098870180763,0.048336785796385826,0.03249842847959845,0.047486390790599645,0.06077332432952398,0.02671715782002413,0.054341246016433635
task_te000044,0.05359614524096588,0.04944995670135855,0.06662737172747231,0.06068330390734995,0.04785789817962346,0.05775332865475805,0.05045963243447481,0.03899040243220037,0.053002328922637,0.036274195179927,0.05735531371514585,0.040737494966088604,0.05401592652694714,0.03905707084866618,0.06613515927530673,0.058223194358481514,0.048254869798015264,0.04920668441744339,0.0325627015929118,0.039757021120226194
task_te000045,0.0833230064951676,0.051569275627344126,0.0482202488156039,0.030709819515752194,0.03538957713759115,0.03645974951614087,0.03721821714366976,0.05276225325587663,0.04730328722720111,0.06232219273167852,0.044521110586632176,0.03785015147015439,0.028095397763932852,0.06497266589713675,0.040664105801186345,0.06837104536719991,0.07003745914786043,0.06386566242771388,0.037929283082860796,0.058415490989296624
task_te000046,0.06156364894042795,0.07315406962497553,0.0717037262075903,0.03292876321088698,0.04971459221191352,0.026770830121602193,0.03378878912217165,0.040094612214723845,0.05107121609154435,0.05087900129482096,0.040955534388342735,0.02669501441551195,0.04142285392824617,0.08386890243757156,0.03444725360326052,0.05349930243613,0.0588793636369269,0.06666604920910944,0.06946750856034029,0.032428968343903
task_te000047,0.06285043220379002,0.046473667353279714,0.11684735184192101,0.027401092449603093,0.023266095803402657,0.03218235351311582,0.019849179878651983,0.031248516090962155,0.07940411881886593,0.04247258021772918,0.025707225339496965,0.026882686256399838,0.038493854008937387,0.06964196157925712,0.04239170275982824,0.022345821811635837,0.06524501961712734,0.10035943534372019,0.04796697151864635,0.07896993359362914
task_te000048,0.05672389089896577,0.015013070702299663,0.042834766270947025,0.029202818666437088,0.08954084461132421,0.06526685926196785,0.04563382644486041,0.057030062665969085,0.04050809499543869,0.06485526454700065,0.03274261696201881,0.04004968007833603,0.07913043124715383,0.020255622211778866,0.04384371210719041,0.05002366417499721,0.041075053143700906,0.08818526387898094,0.06497951759215242,0.03310493953848018
task_te000049,0.03961633935217755,0.09350736935375402,0.04420709713258565,0.06993747599646993,0.02074283603593547,0.014970623501869453,0.09156862749929769,0.023988128231931066,0.029253342640749212,0.08655286382609743,0.058858496778532485,0.054029630276998995,0.01533435805875434,0.06935443641201393,0.048854852290743524,0.021367573003383687,0.052218483059526796,0.09351059527385631,0.03163201087983148,0.04049486039549095
task_te000050,0.04406730095979391,0.05783819684315424,0.06608991436736217,0.04098139525058467,0.038648411483520426,0.044592485140730546,0.045236104156224095,0.03448929588369914,0.05485178293779843,0.06501586675020887,0.0487126014440602,0.05016892103318597,0.04868153770826029,0.035125660275219545,0.057878649516190095,0.03974219690457569,0.08432010815993592,0.04818597874113567,0.04474134566434597,0.05063224678001398
task_te000051,0.048734166531178826,0.03465753030019112,0.0866501912882197,0.02469824982302007,0.04352619658186886,0.10980739816421624,0.03546045751731176,0.039042330861603636,0.05060387545374186,0.03551659633248347,0.05044078836517161,0.050619718783169135,0.04254085027972958,0.05042298939766954,0.04373219822520356,0.03425099707817225,0.05575809046291712,0.08575926593487207,0.022265225491577074,0.05551288312768258
task_te000052,0.02523757688872118,0.09633398514596553,0.031024645074420775,0.026965899381793706,0.030640319062022664,0.05521159746542716,0.04862842392249107,0.02159202030299268,0.01725319526019321,0.1354007430732636,0.05418248542360545,0.10275390807353568,0.01777411049177075,0.07281838422903368,0.05841418827520069,0.05046531196103076,0.027919679399171803,0.02144809972803711,0.06993335281315105,0.03600207402817151
task_te000053,0.03473394767240217,0.048225231185724214,0.05319162719544812,0.040404455706009736,0.03405915692986666,0.04726228553198921,0.0744067445276171,0.061414593100720845,0.07091901614952853,0.06103925435112226,0.05295937367508009,0.03626248481968983,0.037766145102005655,0.02159111819727961,0.05000520521786373,0.027137726853959602,0.06538974064631718,0.0297359525840841,0.0647808376966988,0.08871510285659244
task_te000054,0.03239236250570026,0.0776223297529499,0.02452815859281487,0.03747172224152728,0.039060059101956555,0.07980431295383224,0.047285435728641384,0.05014346673484481,0.06583553480413253,0.03480592305826456,0.07881366331038013,0.033727608920083446,0.06328467289938774,0.054466998837039746,0.07568692081508174,0.02960260129849728,0.06971333466737532,0.03407367556525517,0.030285756977249584,0.04139546123498555
task_te000055,0.050336060172086784,0.04869327825911554,0.04951909867489897,0.052134614509085075,0.049785353479808614,0.05203783140610449,0.04745923139737455,0.04891739101132338,0.04957439909573477,0.05387653309014427,0.05140257217837537,0.0486225186907577,0.04832541260601447,0.052035611085959374,0.05176459438699172,0.04951926366263988,0.0492768936363866,0.04938497815537772,0.05172798289101269,0.04560638161080827
task_te000056,0.05177528517800803,0.05124003491638259,0.047545466207384,0.050593517399302027,0.05153917093092635,0.05309009037038989,0.04914185935695545,0.04742559508903982,0.04979814776574376,0.048777023498466764,0.04557955441068024,0.04892408194110692,0.05039391822828713,0.05159531554050333,0.05198010512273582,0.05039694340189055,0.05019328543721271,0.049344180475883334,0.049019075483183114,0.0516473492459183
task_te000057,0.07762615154098038,0.022394614319242265,0.06580201714754579,0.0640292516953377,0.04595940691936681,0.026944906147395396,0.022256570238939358,0.025049095110116597,0.056269513067199066,0.043221340694456746,0.05290817359019528,0.06258397463163402,0.045190699063096654,0.08651346221481887,0.04462653194961164,0.06850147469075776,0.019637514460460265,0.042612768320977476,0.0899397777862881,0.03793275641157987
task_te000058,0.04544480661527778,0.026758774753033485,0.044366812771601774,0.05389297790535584,0.02683850496655747,0.018336985045849404,0.038808991203019526,0.0194095610152576,0.04149094664691776,0.02737392285652378,0.06580376552872037,0.01906046155761068,0.0447336993954142,0.018953292633364302,0.024867899651151413,0.057186076232247876,0.1074896609142871,0.03749989517829432,0.16276050753254045,0.11892245759697491
task_te000059,0.03255269655814611,0.03653099771683033,0.056522650694783606,0.07492821735449263,0.05131530941663096,0.0391613972040797,0.03399700385268876,0.027774926687363366,0.05514548938296333,0.05040027573919114,0.05753668777711193,0.06232546444265171,0.05262969805238732,0.0488479561170265,0.05479769905435775,0.049121880571207116,0.058592527718425956,0.03284677556663915,0.043634580658140236,0.0813377654348824
task_te000060,0.05711508622762163,0.03228781170357289,0.03104542503507264,0.0742902595107761,0.06450884495480651,0.0366134643395068,0.04384162316026864,0.028809332078741444,0.02908406658611593,0.025009344384447973,0.0800763713746948,0.07615516842735641,0.12329885916183937,0.056903908956457944,0.04487405855854113,0.02100690984227224,0.027841967143341927,0.05663830267876902,0.038503484505883506,0.05209571136991314
task_te000061,0.049085647593916176,0.052901613521505526,0.05100809638986901,0.04773805636178322,0.048936547743075494,0.050902436497722095,0.049736672971795466,0.04967247253535094,0.05195683059973966,0.048639493707152696,0.053180597055306214,0.05110176525940888,0.049802271330909656,0.05101653374643082,0.04929098215510661,0.048953695713454204,0.052626621115266704,0.047776307875893334,0.045716756370509926,0.049956601455803565
task_te000062,0.062335104255940986,0.079172708003514,0.04561230020835988,0.05205608234792562,0.0669980214461466,0.05485122414809291,0.03562196439096893,0.0702667906019067,0.039910403292809926,0.03543655347428651,0.028528623769359572,0.056564212821394774,0.027090278305175637,0.07411090118966782,0.047586243982725006,0.026177214668667896,0.0418348944401207,0.04839543018513163,0.0670254765999749,0.04042557186783007
task_te000063,0.03393699206344715,0.0754192748881485,0.0485261966179005,0.04739324559965378,0.06011316198874917,0.05805292815591167,0.06233769559865189,0.04295893695060793,0.046360423215432614,0.045331811641018335,0.042754674027607645,0.037477270004071354,0.07420752236603982,0.04713879219672046,0.05894224625410975,0.039287212770665714,0.04984043707484448,0.027914363207414694,0.03651994733547649,0.06548686804352816
task_te000064,0.04922637857537184,0.061835268574905365,0.05406687649223386,0.049260444798500835,0.030836661187843555,0.04617952407814867,0.027937065645618812,0.07430537003664484,0.06859877319302625,0.06886947568329516,0.052441170353751475,0.040357254653841955,0.07638870292631764,0.06940828807952905,0.03373598806089057,0.03542743880426679,0.029195438581412658,0.035942091009515696,0.04315989872446775,0.052827890540417116
task_te000065,0.05084781994765988,0.05211293021992294,0.04712377673237305,0.05338869793433411,0.049390316228043185,0.04865861576350977,0.05062821480970589,0.05199510824561185,0.04788975225885178,0.04672986778775891,0.05019737362763372,0.04831258277154569,0.0517249207513189,0.05073867397399251,0.04985601541075546,0.049541159647026614,0.050348246148766936,0.04880073568352553,0.04957320392975348,0.05214198812790987
task_te000066,0.04135390120564372,0.04358096168229722,0.05943002031917042,0.04549575308844147,0.044097774070239265,0.07068997560277165,0.03691469862175665,0.053834704366196896,0.08106897048435738,0.045345292889797675,0.029769478062083462,0.05553918229766076,0.06643364844946609,0.02995330695106935,0.0522918938622104,0.04621534219550418,0.042189026365838316,0.049405976279338376,0.03487717550240519,0.07151291770375147
task_te000067,0.049795270279230926,0.047887077682113366,0.05236898762007478,0.04652532754720244,0.051785460783163574,0.05012854146310396,0.04883901524236828,0.04965077354531257,0.04987058760755872,0.050546215958100264,0.05127121176507724,0.05118375967696536,0.048029439238386575,0.05224608142803608,0.04843355323118071,0.04915397994377428,0.05019405534077659,0.05065564555856012,0.04860438641877738,0.05283062967023662
task_te000068,0.045871111849489526,0.013166393308787347,0.0634997755211273,0.017140471944661544,0.015453961564371083,0.031227154823843358,0.02885870494566279,0.07585894076648453,0.06718507962957974,0.026736936464646643,0.05533061238167043,0.05360234517317595,0.03011162949926328,0.016462787670564187,0.050083006901873006,0.10486623701512135,0.06412000241255185,0.022749897319320603,0.13821822672218445,0.07945672408562114
task_te000069,0.020770074145590633,0.1027921170115711,0.05109105401039589,0.09402167534752601,0.02515384863605205,0.027143121593024035,0.05966634132373379,0.02949235176390223,0.05014682225766281,0.05378714747103145,0.06373724409654555,0.06145389173743574,0.018024942847527734,0.07574660489256477,0.03705068956702752,0.05777117708722283,0.04143436244794537,0.06555745869624698,0.034671551209506685,0.030487523857486837
task_te000070,0.047648373283475494,0.06241771473122046,0.04711076823993001,0.03532052908573245,0.08281084520041745,0.06358145711603175,0.017929442567842794,0.030855567988384482,0.050520176354446944,0.029746955421199893,0.03093197212035391,0.0333890150699474,0.04789814855148707,0.04775044257702034,0.07093871396124746,0.09063544666303941,0.07076939806871177,0.05613231133364213,0.05880913887941275,0.024803582786456023
task_te000071,0.09573362260812623,0.02933390998909421,0.036780631641685685,0.02627138579638377,0.017451018565552,0.017988190103758732,0.021374500153623167,0.07654870458800143,0.038613694018400875,0.04971606232886534,0.09097216662573297,0.04752838415535881,0.052260792838540134,0.05097708774947195,0.04990474416675555,0.0758191562269661,0.043537263249859716,0.05969377043044255,0.04446869341720064,0.07502622134618009
task_te000072,0.050238502657992457,0.05208745647284315,0.050953484364628605,0.049778284887575124,0.05007781854868817,0.04940294968966932,0.0502364892695059,0.048845661101874854,0.0517878298551151,0.04646029173730059,0.05113755390535182,0.05004363704497345,0.04957460572990482,0.04953733146772406,0.05056325088792088,0.04819906655216048,0.05124533434642616,0.04983972355146008,0.050997530051949444,0.0489931978769356
task_te000073,0.05900870328939273,0.03143226032425489,0.035367169227135495,0.04356030068387839,0.052512270782432834,0.041861518583138156,0.05245490298576989,0.10378831420629588,0.11128375739090139,0.03983359388965142,0.030805697836851963,0.04396026711024649,0.03305961232344106,0.015358992034576318,0.035458084952265774,0.05675753700947212,0.033104414139508175,0.07991739880155452,0.06541988172998364,0.03505532269924899
task_te000074,0.07929553281199894,0.021510494815506154,0.13040489317127316,0.05710565829883311,0.03610244339622342,0.09184008411649186,0.02484758087106277,0.033535006495899924,0.03295729581886154,0.05096949278753985,0.020096196130008598,0.030278723973169743,0.04670211540566661,0.026646902867860818,0.06380289241322071,0.012106202149025677,0.02864730435424396,0.08742833629835726,0.07434557954402213,0.05137726428073389
task_te000075,0.08702184757658041,0.06162045120341414,0.026784630510580807,0.06521377983479022,0.03832061170392004,0.03471792070327814,0.02526827293428653,0.05170984431392841,0.07961646663775253,0.02694666450039854,0.03139931024618081,0.019467715131181246,0.08213326482682715,0.05535926524848796,0.05970437610594971,0.07316439556961593,0.03846050420474773,0.03896540870277775,0.05762180687852128,0.046503463166780584
task_te000076,0.050339629736542636,0.04073006213914469,0.03721911736428391,0.05136132907564087,0.07265738349170038,0.02608251857004211,0.058776574936326056,0.03566260248139657,0.054850301947574426,0.058036179077612354,0.04719642647166271,0.06531988643540418,0.017674019151459924,0.0877680975967389,0.04983201539991778,0.06910190106948066,0.03198640006519407,0.02916422386142435,0.0320691758204536,0.08417215530799999
task_te000077,0.027876172593942507,0.03367493054706282,0.11402519173443094,0.05185133438221375,0.09340399089228826,0.01844182250911945,0.040021030324359545,0.026119432659257476,0.06968526624701231,0.08013320203832243,0.03842355173181297,0.03720237496564094,0.05991171051609987,0.06189603165671083,0.0804230389146248,0.01745678628869669,0.024201967435101147,0.021433316539222046,0.04017841999222676,0.06364042803185449
task_te000078,0.10115995756840147,0.041373069677099084,0.06523514527313244,0.03317429739462972,0.04018356157103583,0.031777826761592624,0.07588308602752598,0.0397564397326571,0.03423849486635116,0.0626742502397844,0.05234681555995821,0.03411929909915816,0.06509588750361474,0.03227482018418686,0.02860847614340556,0.04270285556845018,0.058093546555144863,0.02720445215463261,0.05349472492722298,0.08060299319201593
task_te000079,0.05359860406158662,0.07071863937840486,0.07776831951310409,0.029003906632819484,0.0458035973720891,0.043489618938217914,0.0385835431350826,0.07067486022265022,0.06410430336555978,0.024525859124422948,0.061151674338427595,0.05846469118510351,0.026601317223488716,0.054644879072120116,0.05048337737981431,0.05695903946885394,0.03964412716762683,0.04821633128991042,0.03834897179069071,0.047214339340026244
task_te000080,0.04084777684303836,0.0747851665414956,0.07997871728531195,0.034849260812640684,0.026087002142606047,0.041016425851873484,0.05133608387529459,0.10162924761431234,0.04281581955199374,0.025702121628934038,0.03250550989698684,0.04495197378584658,0.030540374093680187,0.08605797516925401,0.060348408280798654,0.028216224079495776,0.037006510265881365,0.06635239660555933,0.03959545855878764,0.055377547116208646
task_te000081,0.09097293424397873,0.051423970474651984,0.014636933022357032,0.028648509084554002,0.02514772210549716,0.015013020638958017,0.10386631632212513,0.042234173200452925,0.008496131332449272,0.032570792106601014,0.03598524698244127,0.04241222291741104,0.013054521980205637,0.07380771542802206,0.053608484194085114,0.1108470650839338,0.02301890163519455,0.15115702136842302,0.025555840880185473,0.057542476998472876
task_te000082,0.035650905784052896,0.031342340547928345,0.09157521843239777,0.034513866578240855,0.04706624227667934,0.0740543822759035,0.0650312764446316,0.08572799802919294,0.04234158485378562,0.0442246100977992,0.03707878250267012,0.023525197254146948,0.040355045344598175,0.03810333712525069,0.03313337436330743,0.06385891921196127,0.049558989929035416,0.0683819696512073,0.06067245847455207,0.033803500822658546
task_te000083,0.01610676117696885,0.051928653873564115,0.08640426029352416,0.018394687462968698,0.028522378008412116,0.06014400051770162,0.03255237042136866,0.04150560208372467,0.05269779064654699,0.04265341152101619,0.04643338087525564,0.03055361906092414,0.07938307077968598,0.0678437951897138,0.03923479645914396,0.08163441755283747,0.050966302715047464,0.03469015785618175,0.07734553095051716,0.06100501255489644
task_te000084,0.05096724444013742,0.048531681280622345,0.04971431552592102,0.053600905841665006,0.04961622075555024,0.049944141986211624,0.04702291580042694,0.051963554151015716,0.053493065865860945,0.05138991928713591,0.04845418273204735,0.04777825677629279,0.05130559900932811,0.04911957577573336,0.05237746407715597,0.049163984725745714,0.0504556129215735,0.04636588899991466,0.0483075755128206,0.05042789453484072
task_te000085,0.022011646831540825,0.10161395109915491,0.01737095542503374,0.03699439127007938,0.07814152352026014,0.06315135703211722,0.08070189630642328,0.026500259600240855,0.11500359509177147,0.0524065591330152,0.05122409191717648,0.04360251741698551,0.04526245678268749,0.059593168735093106,0.018945224881763912,0.028539072392765357,0.06976803387220534,0.029285752350199114,0.023248319676380934,0.03663522666510581
task_te000086,0.036071533757342,0.03650977349805008,0.08555832696973549,0.030692549934521314,0.05036309989274302,0.06297276648099451,0.040068905708446,0.029549179131501017,0.04712933373354177,0.06821289611526372,0.039313407014200864,0.0759087566024604,0.05036849794684674,0.061748865716211174,0.0659996382542113,0.033371209087050976,0.0508538994687276,0.05452542698571136,0.033385323143256755,0.04739661055918409
task_te000087,0.04853322854712001,0.040321192673582695,0.07536601037308888,0.1580007853970879,0.028888966805215518,0.013505595108741492,0.009107439724756921,0.07854707422698329,0.03912828718593514,0.09448174112468308,0.031188068005136797,0.04613808503504191,0.02931467752726044,0.07858230737430867,0.04599198816821014,0.042497199368630084,0.03871678008663119,0.02818410519159679,0.030025324904829773,0.04348114317115933
task_te000088,0.04540847608400455,0.0487325841298196,0.05012561292191399,0.051875139883715636,0.04972920833773463,0.050815253604033654,0.0500566438480499,0.0537711300264969,0.052174470955358536,0.045106410818506276,0.04643273940405718,0.05311103626054086,0.0493981264837138,0.05231362533250892,0.050420961877849564,0.05069558769168146,0.0436856165735734,0.05231232940736753,0.05077027354543625,0.053064772813637265
task_te000089,0.049208178845730165,0.04574767537590103,0.05140814883452859,0.05025336268954325,0.055312716820452544,0.04851298338284081,0.05465250466490006,0.05037647391757429,0.04764336624625792,0.04746612961332759,0.05156497233161001,0.04918921758690733,0.051333254963793484,0.04818603271012379,0.05345036095755507,0.052361130051300116,0.04801794001771951,0.04561777438790958,0.0503937815373839,0.049303995064640734
task_te000090,0.05144127044172562,0.051698360790032274,0.0496182362122739,0.05025814764691224,0.04943510509795545,0.05154571910051166,0.0483658435369485,0.05188304473010927,0.05049370625531653,0.0471330193801747,0.04684418842955586,0.04937917042751269,0.05109940661647252,0.05177755927054707,0.05004949862961944,0.048073228953399626,0.04948213940319342,0.05062006885648459,0.052972732462683844,0.04782955375857072
task_te000091,0.02504254816745909,0.060998763497869896,0.03602528637357827,0.03331640136336634,0.030553518400879068,0.06211377923932696,0.06474850821692556,0.059500046854173844,0.058092898194665885,0.046932437727811,0.05246687900412287,0.041466111410935716,0.05197926222812215,0.08119717682620085,0.04108847017687257,0.05160016244777416,0.03611237138868142,0.05483424900785975,0.05351788041065204,0.058413249062722584
task_te000092,0.030838668402330228,0.06458407157737925,0.04143171964774072,0.0573558825573882,0.05295611281755569,0.04519062853670249,0.03300471665332427,0.06309425335459093,0.0653449283037105,0.04905796731645437,0.04080243613403693,0.03675605775853168,0.057588205409002155,0.044395320169623886,0.042683345522123245,0.08845726291305846,0.0293755557542959,0.04902664873823298,0.04105597802002091,0.06700024041389745
task_te000093,0.050579173930899175,0.035239062508183205,0.04040873219950189,0.060715668117532325,0.038761185782023096,0.05489948902006875,0.06016940738118307,0.06255752347678556,0.05222636547954884,0.04657064358618984,0.0645152279545495,0.05961792986662177,0.05778816470626159,0.04572252045739941,0.04327160097593906,0.045233277049797786,0.045392798783393286,0.06029746792083523,0.0335250270667511,0.0425087337365356
task_te000094,0.049126173999659024,0.051278317660426384,0.05031742427293869,0.05148020198773604,0.04896340726762835,0.04846529962451821,0.05106873700431554,0.05211373825631619,0.05028816443659906,0.0475241846331913,0.0492760232686862,0.04753677932322451,0.050303571419870095,0.053290020770643404,0.04933821054439042,0.050029914325861874,0.049166482071417016,0.04780875065964415,0.05023927842429461,0.05238532004863864
task_te000095,0.05340284385861822,0.06306767284921592,0.05291967020226148,0.032526229473368494,0.049632931545171004,0.045211356674244585,0.07187625629745018,0.040278758121996994,0.03156543309785277,0.052580318507200526,0.054348744308773414,0.04296299551896773,0.041811968486242614,0.05018071673581407,0.05473348844087396,0.047191162105616836,0.05745173204451451,0.05835401302571393,0.041312308127682086,0.05859140057842079
task_te000096,0.044741347155289525,0.07407133614500687,0.04919542147346425,0.044024442204550526,0.047490925328305414,0.056679222575749345,0.04111026325261338,0.02651359845596306,0.0565785482430766,0.05929141104628323,0.11768219033600115,0.029533644307596894,0.03717944183653895,0.0826390515188586,0.03907753530320823,0.05931362753784063,0.04002293224479291,0.023715168766420356,0.050029301403115886,0.021110590865324075
task_te000097,0.042206781370557174,0.06247196744762965,0.03887455645897311,0.05106975726663988,0.04858429697050268,0.030707723266672583,0.059319749882374595,0.07508676676249006,0.035429448419692824,0.030875910807377827,0.05506665645458015,0.029025018451536336,0.045153790037730165,0.0420896606810851,0.06903514163391257,0.03285842723955032,0.06879882420612084,0.05510498462716084,0.08654371958191148,0.04169681843350178
task_te000098,0.04969565518030725,0.05303490626606525,0.04455305698112581,0.04925043996185149,0.05160839626490441,0.04961828849721182,0.04612769874210981,0.05090534132206445,0.04747306260303625,0.04734278148762505,0.05143989563439999,0.052612578710236044,0.04922294228726542,0.05279870505876329,0.05415122652054073,0.04998283882051271,0.05189200242481913,0.050165995419168934,0.048557783931332706,0.04956640388665945
task_te000099,0.06367139242047665,0.0529549719240786,0.039982723285287285,0.06348339827850254,0.06223850759059159,0.04525778154127186,0.03630906785656812,0.0778369387886988,0.04552833392643963,0.0489460361878407,0.04260789506079892,0.041294473288825316,0.052967562358677014,0.03562265348497685,0.05454830349680497,0.04463395605758751,0.05866940922431651,0.05751753061856304,0.04524984965341927,0.030679214956274868
task_te000100,0.0517914666668445,0.049493792015116826,0.050724519669931106,0.053323676307124125,0.04935209535279216,0.050883609012249406,0.0491966104089823,0.051740813364997765,0.05076294251862929,0.05030609402385707,0.05170514840911793,0.045736441880338194,0.04812875470975225,0.04685084928976359,0.055936559774603295,0.04746945202231804,0.048312398990047294,0.05048545538794838,0.04893245619553931,0.0488668640000473
task_te000101,0.047565571819547986,0.05491455336287748,0.11184068533091619,0.029644474037664806,0.04154859373928723,0.045275276711876394,0.067359497660376,0.04067726818609713,0.01935982159291865,0.055594392690219624,0.06602706750869662,0.0312644532177455,0.030857557506806375,0.12620311491052857,0.02026010006183036,0.055358556264123705,0.06099728228592182,0.020459701293583092,0.015519177331063911,0.05927285448791856
task_te000102,0.0450136899060623,0.0675412543439449,0.01788236871956915,0.05036771736872765,0.05835508745956704,0.03570493508867837,0.061698045308978273,0.06406837027165589,0.05118868988630991,0.08301267588806005,0.04150171176195506,0.025232526316746322,0.05543975597161433,0.027017432743959225,0.0279512980865187,0.088021026332116,0.018405567006294914,0.028968898305373712,0.06376318397371208,0.08886576526015608
task_te000103,0.061617378725031,0.04139798175809793,0.05932548661406254,0.047192372953124985,0.06100179083596921,0.026224089545050455,0.039039399088150455,0.04251004394923539,0.06300070549082848,0.049701380557851144,0.04295258485426987,0.07720734785561198,0.06006392415585604,0.03809697528870287,0.04974355892886354,0.03952551484446453,0.07817261246201386,0.02972297454510225,0.05031575821566338,0.043188119332050294
task_te000104,0.0436935030865654,0.030073612964728123,0.0601312243812528,0.046584071945507816,0.05589150201349857,0.04850804822141918,0.05778698182077314,0.05590104914412401,0.0583946496323401,0.041739420342154096,0.04839812831404125,0.0475484650065345,0.04462519076624546,0.05405307803493593,0.06063812856985152,0.0559342265436933,0.03706411961725622,0.04627896201656093,0.05571040079520067,0.05104523678331713
task_te000105,0.05113824544304111,0.055792676243456754,0.04906180903246332,0.04601687619702447,0.050770058377842056,0.054470522475561674,0.05137905226330557,0.04800698723868688,0.0490634246751026,0.04869303538657688,0.0462780201130836,0.04764329339723988,0.049177154448501036,0.04739170888423888,0.05168064332777743,0.049336675871123836,0.046724759180215826,0.052465825239869986,0.04764926546468847,0.05725996674019991
task_te000106,0.0888691873616334,0.03127156617054145,0.06581862918763741,0.0922232578089539,0.03447227824550029,0.05107065846911875,0.047026363233768874,0.0230655371283036,0.08461652908816962,0.045476697678020636,0.023979826560297412,0.04093472504509485,0.033826435907532426,0.03922930426253454,0.057941819761041374,0.033826917432550195,0.03250558078212046,0.059170409025928655,0.03773100389130264,0.07694327295994943
task_te000107,0.025180495897437517,0.030460193236909537,0.05696293676612176,0.04226025152221652,0.0441302794944222,0.0685289998131704,0.059963948314078835,0.026632545009544227,0.07845644901665333,0.05177147865959549,0.03539856351397252,0.07864031259471294,0.02012818834682356,0.09738684688033644,0.07996432783519176,0.024139013476755514,0.04205328803203228,0.07253860052467288,0.019621850322215754,0.04578143074313635
task_te000108,0.03693601441156622,0.06887606234746155,0.05491487464759545,0.02974740539379543,0.028345135761815934,0.05328229651298107,0.026287020188648286,0.05637832102261001,0.052732055036333124,0.022152374287255184,0.07958413293307286,0.0731674011656067,0.050418019632184174,0.04973681975889883,0.0640046610061332,0.07470801655103133,0.04762690047722353,0.03648878366230676,0.04669288591289311,0.04792081929058719
task_te000109,0.04418412536185585,0.04677412899634828,0.05807111781444836,0.05059753978027918,0.06454868624364908,0.059639821260254675,0.01946372767323469,0.03146777868358579,0.0404340240335189,0.0560494748729257,0.03966177313108216,0.04825221848683632,0.06278764975620732,0.06515828686016298,0.06246073218926771,0.05233251108028945,0.08742615872142608,0.06053772112236693,0.027023027538734867,0.02312949639352578
task_te000110,0.04956028302500986,0.04858209647556093,0.0500805991307938,0.05064484217766654,0.051385797973654536,0.04845108184709023,0.04938723148111918,0.04965045801395069,0.050174150029224464,0.0512621569920821,0.050874940247077026,0.048326445668769986,0.05128337172257792,0.051427718994244025,0.04945432485290289,0.04793990537731781,0.05103444102620173,0.051573760821716004,0.050375755893650946,0.0485306382493894
task_te000111,0.04143766291359403,0.06279820704000806,0.034591836306835454,0.056292630748481995,0.04250660129910084,0.051693277968373405,0.03205334603131566,0.04781168361186122,0.0519453846831807,0.0567806320389562,0.04640518173468519,0.04414861598778822,0.04857205244558346,0.052305432921548,0.059388196633467845,0.07117293908533813,0.03707522274832855,0.04799834557018093,0.03619712110717856,0.07882562912419361
task_te000112,0.08137115994974733,0.035282637631616216,0.052358046200506984,0.05956735171335201,0.05900214329606799,0.04831285859405595,0.05715607821775925,0.018378326617346584,0.07389195994863278,0.04256087244779305,0.03539458952218987,0.03480789274141783,0.04036908258605942,0.04705939799720984,0.054760108375231396,0.05282098691479219,0.04011922172279304,0.06523942286328946,0.06396307747861481,0.037584785181524076
task_te000113,0.03179904940848688,0.06992696889130003,0.032054340880654904,0.04070114078715435,0.04634468234524253,0.0704976047913802,0.030315554949199602,0.053583499695824106,0.040623756097133715,0.07272461753156928,0.033796245615171326,0.031902906228214845,0.02727288483988473,0.05194414051414308,0.05373751950046131,0.07392556807923126,0.05947567192712578,0.04736158876777651,0.06365123559489504,0.06836102355515056
task_te000114,0.05230953598257338,0.0463362568140191,0.051284513364753474,0.05502932046450307,0.04722910651130954,0.05272334429426924,0.049951579274013475,0.0498718361360159,0.04892992830084757,0.047397718116041244,0.050782692691517015,0.048650539830083696,0.04877296682839117,0.04850865162337445,0.051340593700920215,0.052310713532069696,0.04937235942443308,0.047543058116288006,0.05364592272617761,0.04800936226839909
task_te000115,0.07782317692137103,0.07323446509039584,0.024177636033432415,0.05743083478947934,0.051031787295948546,0.03855778669638732,0.023070540033783952,0.06094262656827429,0.01495892122168467,0.06078038424846201,0.038235235828671096,0.041188191704153596,0.03473894669316283,0.07577347949395136,0.021320793913541226,0.07676918330031432,0.06564115646553376,0.07133607833972647,0.06333662619173264,0.0296521491699933
task_te000116,0.06502089579263162,0.059341976883103366,0.039748172107206596,0.08503802266163814,0.032687092362686486,0.07881095986842211,0.05865129929959514,0.07287525086689403,0.026615836085637504,0.0886313437405079,0.05282361305675687,0.026184378437250137,0.021878670916159578,0.020463312772778065,0.062818436030135,0.03358768941978143,0.06120260534369062,0.01529619645372996,0.00802648582225761,0.09029776207913802
task_te000117,0.029788349695879242,0.05765491665006469,0.06295526789895914,0.027240907269077214,0.10058157543965078,0.02962882421780916,0.06144634245755832,0.05857678737786038,0.04519085904881076,0.05650332631974125,0.09582417763907684,0.03160772770440051,0.06005968468999328,0.06168372800501993,0.021593663065657753,0.032345794469386714,0.03236231856127358,0.05095293986217535,0.04897190543429038,0.035030904193314595
task_te000118,0.04543840250277318,0.04964695060563776,0.03793426081248182,0.05160850561745765,0.05922542754011408,0.07858157651802236,0.04470270994554196,0.04478978629378966,0.06847454339954803,0.06119582415940306,0.04124910095652873,0.05296527437597032,0.06425441473379943,0.06014174357665968,0.021187953201686198,0.046129278015452774,0.053742125625532274,0.050225972871215836,0.031945495911481464,0.03656065333690373
task_te000119,0.061688830200361935,0.018141062807055006,0.03610119631401922,0.06137534679004376,0.055393910263557465,0.06472953911538849,0.06319972574921259,0.056332762795326605,0.07550603175986259,0.027552517139661205,0.04027415119600686,0.04376422043263253,0.023740374579670123,0.053390799126299834,0.0336378220535723,0.06073256001120579,0.058093325857068,0.06411443665469838,0.03957711102459487,0.06265427612976254
task_te000120,0.027582643798146955,0.057833820934664014,0.058604865296536884,0.025844874113755523,0.04306145595501401,0.031199713646275207,0.0653162957622593,0.03327800697671789,0.0516882640898747,0.038990091264554924,0.031360881317852196,0.04431047796839042,0.01906440216773459,0.03869266842358547,0.026886097670572765,0.07756500377355902,0.13227783246819963,0.09892964396357973,0.012474651584394812,0.08503830882433182
task_te000121,0.0452666315726564,0.05152258509109774,0.03676044728653039,0.06754261989205276,0.03656919442966642,0.0545831137225482,0.039563572690346126,0.0534215397768103,0.05784361852017659,0.02849397521450092,0.023366898020345816,0.049669246738981064,0.05845422116958916,0.0527555573809594,0.03352452080697729,0.06664477133040198,0.08396111124011676,0.029980041561556307,0.08139700614251101,0.048679327412175434
task_te000122,0.05608890719907359,0.03776148985908073,0.024297743586203357,0.06381943563771487,0.0653571261938491,0.06196808322720221,0.03964871723531464,0.07186288900130196,0.056909573494448334,0.045831974505893755,0.06450993965028327,0.055997896231629235,0.031177632479291246,0.05091189593610291,0.03834169245200928,0.0542815750713359,0.022598886139383458,0.08221321238649006,0.0320427367990424,0.04437859291434955
task_te000123,0.021399923337483882,0.02667291603007787,0.058056567279466016,0.03919858590203194,0.03837176618437779,0.04951399540740398,0.041728678968175684,0.05504550210645818,0.03813267245418395,0.06124976123606971,0.03476545884457746,0.05120347044967974,0.056605397844043774,0.0755498145950672,0.0929166537776971,0.029881933520248222,0.05810583309718427,0.042458079471989554,0.06995166710513147,0.059191322388652226
task_te000124,0.04854263648014047,0.05815921474589064,0.035781766105798425,0.062250841545986854,0.03047577296397413,0.031781817168478,0.03436053675721664,0.027189164436055964,0.044651735649305004,0.053681022595120156,0.0591708323331224,0.08337096987179848,0.04321050890942993,0.052718931997383076,0.08058998828151483,0.042040195453649294,0.030621517035621697,0.03351486793124675,0.09178431169078329,0.05610336804748385
task_te000125,0.043119413410550284,0.05699380120563238,0.040562516985341,0.02228544354682549,0.04071226411176167,0.0557267692496117,0.038284911229828036,0.048225045667621466,0.07733032510196487,0.04467230560552813,0.07576749484291215,0.04931004262871141,0.0599644610290112,0.03745481011481891,0.04895346855182244,0.04889532471623931,0.03325549514010418,0.03084150130181005,0.06746231507211245,0.08018229048779292
task_te000126,0.02883926928551183,0.049250619044542615,0.042183591018680196,0.09707695687422069,0.04834742458363782,0.037897767032479907,0.04556206191907261,0.10463986628736238,0.038089111867865726,0.04297660025602281,0.029729701926067505,0.052086839156503355,0.021765114025576578,0.04396025800089105,0.0516093044793941,0.054998564419240295,0.03438161939822752,0.026893997233039067,0.06373241710676333,0.08597891608490066
task_te000127,0.04922722762364897,0.05113327078881138,0.050977631286866665,0.053112331741502906,0.04927622368718097,0.05136297178988967,0.051096564990251316,0.04910038595420437,0.05084581140642561,0.04673144125857581,0.047957418123940276,0.05168452389055472,0.05008700545887564,0.048970669343461025,0.0504297794873994,0.05005313425224572,0.049937319479827734,0.04816111830286305,0.05054268257811366,0.049312488555361175
task_te000128,0.020674973409217142,0.01249443614548572,0.06225721292726081,0.051489215256007984,0.14018752474321383,0.0727764720719729,0.06917537260003255,0.038724845836662025,0.07032792143440865,0.03508560884158683,0.09491547520512682,0.05287261729206526,0.024581938388115968,0.0490180617054948,0.02853852449400036,0.03430043108640399,0.01778867491916725,0.05768516062247637,0.04148213083461137,0.025623402186689286
task_te000129,0.03849346499206323,0.020394990504830818,0.018306682853451866,0.057682205009088064,0.03421113897844664,0.04830783299954969,0.05640331735298719,0.07737456097328768,0.02529874794036903,0.033401848915583426,0.030955905755979923,0.0526543876864075,0.05479639632206915,0.03287212330182635,0.026954971211952766,0.026647677766893137,0.08516800489485718,0.12899953573920772,0.06240450620977261,0.08867170059137591
task_te000130,0.051334483481220786,0.0305046986395624,0.04736795247700292,0.07672637854391369,0.02136931161415434,0.05798214556066099,0.03680256213588051,0.12362282737114176,0.031074646908492744,0.025090084713928748,0.028275927811095326,0.030570234200011148,0.03997014629637831,0.061282312248614815,0.022120806250151875,0.06657542529884959,0.06847727207238564,0.04800482013774366,0.07853545086760924,0.05431251337120155
task_te000131,0.06512641212612773,0.029880299742209054,0.09132535992179142,0.049830233336068536,0.023704414511727123,0.12820955642504056,0.039754418502692034,0.042420707182041745,0.047896924121323244,0.03192062693091735,0.02890907081575253,0.04793846308018996,0.027630211698311414,0.0598056167636776,0.03065398566286398,0.05584737368659831,0.025439381600602502,0.04377397821484724,0.04951526239208617,0.08041770328513155
task_te000132,0.07684951109306384,0.03032518702023638,0.05059532512445538,0.055891959313687976,0.045247332703126884,0.04158938504912573,0.06991908755137437,0.04726538662850846,0.03404977551192523,0.04644795372314017,0.03971349160550525,0.056321746162176715,0.04655706969559864,0.04949411668532451,0.07210610009250261,0.062025917404125164,0.054691387736357025,0.024386148488294793,0.047667404659611744,0.048855713751859084
task_te000133,0.07290239791782409,0.054478257932697706,0.03948476421150348,0.06354652701621558,0.02619033340820739,0.05617928174350034,0.0563638432668414,0.06401150492444528,0.05852439048549569,0.03658114012025116,0.04358824412133331,0.07873164273052173,0.050785234840339935,0.04089943015455308,0.04038836188105522,0.033787924155834106,0.059425937683626646,0.040415363411460854,0.04361993706131926,0.04009548293297367
task_te000134,0.023182704901192782,0.038469805048853375,0.023947221782605846,0.03182890786382495,0.038408738001600363,0.033577731751930275,0.09410922628721267,0.06804256553908256,0.03595284699418451,0.07258089276973322,0.0635041426838732,0.01564793070811409,0.05428032532392249,0.047216744255755165,0.04806278237987893,0.0668005132760331,0.06346748061133092,0.04563165298292174,0.04691368516359774,0.08837410167435213
task_te000135,0.07123133075329352,0.06388785399575625,0.02443843300012932,0.04742264210602485,0.04275295828326714,0.03926445052382658,0.03320611267681328,0.027085538937078945,0.08580139428835071,0.019249741328885333,0.04900547408170177,0.04867887394981759,0.07858234744790418,0.042051932828069176,0.06236223509568027,0.046563871104516104,0.028701130320821503,0.05414160543155646,0.08950201802799952,0.046070055818507594
task_te000136,0.052623381937356356,0.049038436721891135,0.0513406830005788,0.0521331608602943,0.05116224448006136,0.048766374726167815,0.05267027044117065,0.04938330332631348,0.047293448777457184,0.04466115670387998,0.05074600223140476,0.049507146049607396,0.046612725673364344,0.04994456590954736,0.05196516152943264,0.049803175878766204,0.05106526934774726,0.05128896973341048,0.04806846408112537,0.0519260585904231
task_te000137,0.05046863430756805,0.05449144623559525,0.05062265306527356,0.045911608062450954,0.04932260217511969,0.04876388257328925,0.050551426046947456,0.049790637236289924,0.04873896926839579,0.05013795260578471,0.05279623938191796,0.050643801750248206,0.049390760037363465,0.05155891694318362,0.04940058699162551,0.048079459839652366,0.049699288750424585,0.05038896460551135,0.04736702482262454,0.05187514530073378
task_te000138,0.028356494485891753,0.023489852612701135,0.10228106534773358,0.08620595014693738,0.027049475288356856,0.05732816663181106,0.06673196209216756,0.04166677527636728,0.026985733409403564,0.03433974916105559,0.02982251112554507,0.0553613826922177,0.030249344273886185,0.055154059788793015,0.03286498895304414,0.038529768348753664,0.06678914601693563,0.05000716456186815,0.11535782123086863,0.031428588555661954
task_te000139,0.05138336293623732,0.047548842335237415,0.04916106476519539,0.051265866543723344,0.04924043684881047,0.052574138475007276,0.04752987776714844,0.0481495008061779,0.05195016782179595,0.04932566596178485,0.050413282457681244,0.048906126657937775,0.0463846716891502,0.04938832908837699,0.04869010099178612,0.04952776255545424,0.054923546174386606,0.04790686708328511,0.052530862201063955,0.053199526839759204
task_te000140,0.04049785426845454,0.02623942684937646,0.058231960506139574,0.06805774313030806,0.05148514851957249,0.03391721335568721,0.04923082048000479,0.045975003463007924,0.05991812567259473,0.05773832572188997,0.042491610909328494,0.05031196993287951,0.02106922372099474,0.05001075310892056,0.06544694427882555,0.07335283536645712,0.06366671085362571,0.05167251633871616,0.05014699200035282,0.04053882152286363
task_te000141,0.04768984124959115,0.0515368063415538,0.04860237678639975,0.050651283825981795,0.04926126274828494,0.04868832611236838,0.05005313778737327,0.05019856760165044,0.04814799329444215,0.05220016654948355,0.04804367418867627,0.05184513663603995,0.05279406880518248,0.05060389015483264,0.05127100127862353,0.04674717336531376,0.04849107052022506,0.05094693688719038,0.051141376023588335,0.05108590984319851
task_te000142,0.08930609637761032,0.027702408783121166,0.025664788854154255,0.05899557559289287,0.057296173273325014,0.03321513760439591,0.08383205689786366,0.038549574983142605,0.03149504367446662,0.030984402923686958,0.03868798093733371,0.09793815890314626,0.06284022810810681,0.07292831112893827,0.060887521630531356,0.044215949246917526,0.05062238701214839,0.011448495736838633,0.0510385143957727,0.0323511939356071
task_te000143,0.030733475170372147,0.018799967986575454,0.03393293422297765,0.030104094022100656,0.0525279101718983,0.03813663190537444,0.04344819440982383,0.12508238103082514,0.022294362205288524,0.06169461883023233,0.021435256250529812,0.023128279937747822,0.056947316021525536,0.034371496598549336,0.04311447760641154,0.04433145363617209,0.09258204059595766,0.08947257300383071,0.09533905401335363,0.042523482380453524
task_te000144,0.03684316904716377,0.04789428165864141,0.08460000357718576,0.11160575478091783,0.06859142136992726,0.01532553157536837,0.08921764437511769,0.021844167284700997,0.018585331788371805,0.05204420619145041,0.05259572590952933,0.053351678489283814,0.04555568552851136,0.024464738775348865,0.04148923386196968,0.04562673363795212,0.04519148577829183,0.041920963771729325,0.0570909944931631,0.04616124810537536
task_te000145,0.047856801873752915,0.05042599350664653,0.05134977284537755,0.04962133155110171,0.051295594990838196,0.04743480694551446,0.05112441586023206,0.04725827996177964,0.048504796526392294,0.05048173751318398,0.05004059683262594,0.05195020787622363,0.04934149651269525,0.04920959805243129,0.04924372399372614,0.050615435314624674,0.0507406403243317,0.051240997535047635,0.05081461003797815,0.05144916194549636
task_te000146,0.048771558869141404,0.047132182475434825,0.04998448293436715,0.05058043662293517,0.052059608266573576,0.048312514973421025,0.04701876042801832,0.04836783043741694,0.05215522336794583,0.05056889308364699,0.05144315158397287,0.04974086800130185,0.045568874145945834,0.04981329654793993,0.053394586444096934,0.05104324747122855,0.05146492455633499,0.04896875002787222,0.05156835922938246,0.052042450533023164
task_te000147,0.01768720962631149,0.027234875212285046,0.02722631837572979,0.09246996306615307,0.0803506776171533,0.033468040133486046,0.1011033184766838,0.040856979687019485,0.02642698602197834,0.016225887140572232,0.056547376542362325,0.09638338865545232,0.025348483055003267,0.037515359832240976,0.047820791884309814,0.045801264916212565,0.038680218920439734,0.049134002903545165,0.04488163261238027,0.0948372253206809
task_te000148,0.014872503642350422,0.04577302913587696,0.027917081338634606,0.05050506488954958,0.04011864933413915,0.10677846300743309,0.007225558573824996,0.027141013590618237,0.04896326667375873,0.05057255371403381,0.05538249716883379,0.07588657392682628,0.05335744725379133,0.03213465754747459,0.02976921311254792,0.02942765867535628,0.09105221865401221,0.08430910087054723,0.07023968492322191,0.05857376396716886
task_te000149,0.03892322359034135,0.06299683398613766,0.0783169079463313,0.02823746991317035,0.028766489706420033,0.040225130139324355,0.029604636512181856,0.05394415367149333,0.0630419106574811,0.05343721075202135,0.09095407897212224,0.04814035192655383,0.04810164152126862,0.04522082222452855,0.04261385916579996,0.06767219375112526,0.059157001488296376,0.05462970310222742,0.02987286561242885,0.03614351536074625
task_te000150,0.04842629084088629,0.052430401480492383,0.052901267981395994,0.05172127235141008,0.0507271979416582,0.04664656220296511,0.050489642154736315,0.04631593364916144,0.04958631966186606,0.054382284630277535,0.049052692078976105,0.05188629979291416,0.04462082749120426,0.04800194138838621,0.047690637656312276,0.051277432559740696,0.052387239993497814,0.049735608918855166,0.04974343732692482,0.05197670989833894
task_te000151,0.026986880443156686,0.053026345691070224,0.026758596267815408,0.0829254983952097,0.050828709020762086,0.02020877271272218,0.048080651029868214,0.07561057585483542,0.04745070826502265,0.061972601624804946,0.05400919596033414,0.03243593305962113,0.0464194366846879,0.055917529628634326,0.04004010716769446,0.07805445498752878,0.03508485595368012,0.11589623075789056,0.012426742216369637,0.03586617427829137
task_te000152,0.0457471493889307,0.04996017234427189,0.025374637735656128,0.06214120509815914,0.0742689340009656,0.0496402989033581,0.042343402494676975,0.028082038934038323,0.0348114057250185,0.05913151990998659,0.05311279228888204,0.05041284972968397,0.03178316031024624,0.058789295807682836,0.06609361976653563,0.045506796062836086,0.07061501333649871,0.04641313732402292,0.04891403037225419,0.05685854046629557
task_te000153,0.013301132811775664,0.043692804639597786,0.029814448101367023,0.055971874281064364,0.06771606721457596,0.08351560271970376,0.053645369825629584,0.05410368305497726,0.031855711792523625,0.0855607043258845,0.1297675100711986,0.017251626225450414,0.07943412204456521,0.07546800889871606,0.007528034847985666,0.033382750872823656,0.016098681516220882,0.024842519431587565,0.04604719993750683,0.05100214738684568
task_te000154,0.020338641920404864,0.0882412702618878,0.04329379909986217,0.04783739826030001,0.07455556786207931,0.036042239285806105,0.0239239521221548,0.021291467967007642,0.06104779501862067,0.029669952202284897,0.01144140241932076,0.024078097886515604,0.08403677388423395,0.03628253834794524,0.04194328951694598,0.055349441234934925,0.12633899844058213,0.024426576436187845,0.08832206431183824,0.06153873352108705
task_te000155,0.03889077259095084,0.08922289483309408,0.06899906278049589,0.0796182765235146,0.04873899995453396,0.0647181668043278,0.04717421431810685,0.047544847967881165,0.0340465462519305,0.06317479923568003,0.05669369028079175,0.021776534351065184,0.038882387795889886,0.028527946793479437,0.10680484023930313,0.0142418168234575,0.03918410072118745,0.0644282462599367,0.02842612867891574,0.01890572679545757
task_te000156,0.05967194600232888,0.04804838841334056,0.04399362827820678,0.040157154629511665,0.06336066089872902,0.04800119481863037,0.03660487214900896,0.0514448369798546,0.04374567603768958,0.054992857120559784,0.05756320526813325,0.05718940333319774,0.07033363087787335,0.03497907148520896,0.04813968300421019,0.03772787697436056,0.037144265119281254,0.04658341426402757,0.05446029170048971,0.06585794264535721
task_te000157,0.03463643948202047,0.03943778336152277,0.05220128278237832,0.1751031075530674,0.023894446041640684,0.029572911129560203,0.026116162251264407,0.07648173869718872,0.10055457505540784,0.037829846256340845,0.029491881783298323,0.043747052473042294,0.028275368719423512,0.03377532605222115,0.044294905468434245,0.08664729337288293,0.057336023726915826,0.03440268812875318,0.02034152346152787,0.025859644203109107
task_te000158,0.04891568376961572,0.029052933242481416,0.056764183167242334,0.0688556055085018,0.07276400451987712,0.034263710790870774,0.03846749058209443,0.018278365777163907,0.06714251078168744,0.05970931857609525,0.06001162898816962,0.01558474949355164,0.0878448079388634,0.04377906672076285,0.03928976283841363,0.07559421414652008,0.05690464469159171,0.03221508130763891,0.030347809556700238,0.06421442760215777
task_te000159,0.049179796283037286,0.05277789815648817,0.04811579056311792,0.0481560831265864,0.05083128158421609,0.05103800693859836,0.04933811275043031,0.05342327637178938,0.046652170259562184,0.05021151074953457,0.04683542257899081,0.051112908578573174,0.050894710235414115,0.05218501599433093,0.051484052918536215,0.05079961295429005,0.0504318631754588,0.051063578731432725,0.04874591393728642,0.04672299411232604
task_te000160,0.0614435179860731,0.02640350616386079,0.04005295338911256,0.03150177186765301,0.08227276298081558,0.0655258729459531,0.023877367718790312,0.1146779435186446,0.03621789488621126,0.01683872158583429,0.07502742433842642,0.010984468904307298,0.03598167150423563,0.06064579250059065,0.017978684889964146,0.034101054844535995,0.04919912915686059,0.07422064184445361,0.11295015676363113,0.030098662210045934
task_te000161,0.05913381473451504,0.04182099590820116,0.06257967582073318,0.046121593033296375,0.026763463418007387,0.10330223457966575,0.02729661521763432,0.017630059795743683,0.08762366446152686,0.033959886308174085,0.024198365569084293,0.02375714846554634,0.06309948891902664,0.04329271633336487,0.061437499588563704,0.06942977956215579,0.0963316186109643,0.04937792104288112,0.035471914834884384,0.02737154379603079
task_te000162,0.0649235550884554,0.04014780286047034,0.026375623560288643,0.13366468423813047,0.0346371614992971,0.03583167196564199,0.13383431057874057,0.03348654358184118,0.02961479829862943,0.048799999931198254,0.02572412010366075,0.03894654490565147,0.030590124914846275,0.05326235345533095,0.027907460124569825,0.054974992517946374,0.05540227523989456,0.0658927027160348,0.029097492978852734,0.03688578144051875
task_te000163,0.09948969467789227,0.047470327240655495,0.038772268081164206,0.057091095950352305,0.03296904109097592,0.03976512054999252,0.03761919658323361,0.03552578508378538,0.06681391825797109,0.046086192123657284,0.04710234285984896,0.0473369749059282,0.03032166444475067,0.053355040144638745,0.0611391427819177,0.02884329549905261,0.07429943670965865,0.05116191868586009,0.06663374333798774,0.03820380099067646
task_te000164,0.049201086217882925,0.05463604525017741,0.07697394053416552,0.030948251204466586,0.06341616725846205,0.05339589508382653,0.06862797206713447,0.034105946213459096,0.05810798515796468,0.0308356567082523,0.04864665884156528,0.040104032774310315,0.026044782342223665,0.040847150300105155,0.06320062064617771,0.035733722415772017,0.08007173739564026,0.033272555194494104,0.05841695431118174,0.053412840082738146
task_te000165,0.08400537833159936,0.04087363057513227,0.08086525932465596,0.05951930259296491,0.03376024498349496,0.05143063052195677,0.08723911269745999,0.08889490373431365,0.0394461270714781,0.027819616348344664,0.05220857352189005,0.035640723085177885,0.027176440975209507,0.02438149637022261,0.07995334565990343,0.043563723650055924,0.020277331492945715,0.03375333487483116,0.02714443198596122,0.062046392202401976
task_te000166,0.03971996513996078,0.06405948131786776,0.07503233464574748,0.06856926003654759,0.022054663450120707,0.026247890346341153,0.05908444197452642,0.05303108445982613,0.03335434281282976,0.04558271725110776,0.057231915845937884,0.037511640066858115,0.058570533138298665,0.0618012150231447,0.03949031717900833,0.06223055515591098,0.04415761136022713,0.048019900882726126,0.06221310183185353,0.04203702808115897
task_te000167,0.027816675595625912,0.050193889769149895,0.06481822970478744,0.0640134145392946,0.05558868532609223,0.03365078643191914,0.08066787734264076,0.05298014304437412,0.04611576166759957,0.0386379220756559,0.030729044782444842,0.039022648384463315,0.05859897346145907,0.07888404322776198,0.05678764349464661,0.03730608895075978,0.0562010163138485,0.06876156857332888,0.015875616771225946,0.043349970542921654
task_te000168,0.019701607622599062,0.07300507472828113,0.0326013731923706,0.054128320172066445,0.134545194124874,0.024792781880552565,0.029946370279254928,0.07189464326222095,0.024714667457994024,0.024031438675503232,0.0597155704501089,0.025647800810057658,0.04564857678417014,0.12052704568830397,0.03707167140438937,0.02164354066558024,0.05944634419094222,0.029772843287335354,0.0605780701830042,0.05058706514039102
task_te000169,0.05210561694217123,0.1249186181734527,0.03135385042090813,0.020651296037034098,0.012881922705453892,0.057721984988494617,0.01094303437417559,0.0382269985457212,0.03084760653666504,0.04011919340794396,0.014462174488482039,0.041070831050642596,0.06863334245505268,0.08407067671071963,0.08544324379329792,0.047336532615306896,0.06164735050228565,0.07230585088395823,0.03967099953680365,0.06558887583143024
task_te000170,0.0713372624237644,0.05772369398838117,0.08885408162537589,0.11414862381691938,0.046570538674409606,0.035773992633525965,0.012689709331974821,0.09869289530419288,0.08178602687531325,0.034825862930478964,0.04085020629023965,0.06707743752396131,0.019707398723224953,0.036933076073567314,0.04978825064793251,0.039394427216388465,0.018980710501281514,0.03987875798215818,0.028712552592574023,0.01627449484433585
task_te000171,0.036778210708425046,0.02162178508337575,0.021480793049012858,0.04671092575358167,0.13608471500326022,0.16727332238842466,0.040632303388905916,0.070833376985747,0.07662773048971017,0.05366872005413852,0.02006228232598342,0.06557031730795577,0.06795492310636084,0.010575769916021369,0.038235439481029435,0.02305570627266687,0.037724858034749176,0.016591618008197397,0.02177029497172655,0.026746907670727346
task_te000172,0.04755401726943491,0.04891408517469745,0.04654217311298832,0.04950943343620283,0.05058839309987599,0.047873755724824066,0.05071045498644832,0.05275254712937292,0.050541603710751504,0.053368672729645225,0.050952161232392476,0.04927731116684005,0.05273715518036178,0.04952936120304854,0.053236602465703345,0.049357221657541875,0.048483349816813036,0.047943520236592256,0.05017746832404007,0.049950712342425076
task_te000173,0.06969298695727047,0.024466679880678355,0.07691348925494398,0.06065515346790947,0.10357741633065319,0.07954262282472148,0.04825311759972023,0.06830717218704763,0.022033277722189545,0.03887909120539146,0.04886351717448917,0.02486433635110746,0.01913864583466011,0.03253301519969886,0.07883635519961785,0.06092083935927284,0.04672729385713516,0.01659540261337266,0.045633181028707635,0.03356640595141239
task_te000174,0.05655339863536932,0.03756561537968841,0.030981756270757877,0.06947204981508825,0.025944082332431527,0.032750257591961894,0.04429740656933986,0.03432125870913874,0.0773888799548173,0.020728201722207653,0.029653550868207125,0.043352915841874125,0.04662220330045488,0.06990892726934546,0.07743663990495303,0.03940644154152958,0.11264115649331556,0.0678263059492955,0.05760384577917992,0.025545106071044023
task_te000175,0.06656308410961892,0.06699456341953487,0.05777434086926703,0.05919740090826348,0.056024773550022056,0.028826223791461866,0.035955840620841596,0.053899417295054645,0.037316209530811495,0.05038056987352052,0.10514469913300398,0.029075656645650132,0.0512691914910736,0.04340918523433111,0.04702690937940022,0.03385534075061621,0.039230035643429625,0.05539440225562557,0.048864789086401204,0.03379736641207195
task_te000176,0.04447850285938919,0.05258697192026494,0.047092874670048426,0.04857442918756748,0.05313977455561882,0.05169099703179782,0.04943247213960253,0.04987301390084039,0.05404675530847409,0.05176596294696467,0.05153908018526615,0.04535427566038299,0.051122062204726794,0.04909872586700291,0.0485472751739114,0.051137421882902274,0.051450981703924516,0.04890377012337999,0.0513318869637874,0.048832765714147165
task_te000177,0.011540179984522751,0.04379655714577755,0.044760576932853034,0.1252521304328955,0.08499106249853591,0.034047761876153736,0.03631681358316902,0.0177273411507947,0.05652755908382991,0.05277306191009225,0.017712106937217136,0.03970077851772939,0.040456036743772184,0.06053886229099127,0.0898031866257722,0.03786986796071682,0.06696647517996097,0.060876758542621055,0.017978406813964377,0.0603644757886302
task_te000178,0.02060274745178385,0.03129759068866866,0.05114929257045918,0.009953071732477307,0.05807952723412027,0.09344161218681794,0.08512647954068153,0.02317320233028786,0.08724048322739891,0.06967439889059478,0.07297861273844905,0.020353688144942417,0.061979503772913815,0.061137856008313785,0.026374938615215577,0.021498773674803694,0.031405174807858593,0.05706675408372726,0.05956071266242364,0.057905579638061894
task_te000179,0.037479311447241516,0.05275036730065797,0.03970781184398858,0.05571546267175299,0.042565089273235546,0.04407574384850403,0.0667067512443676,0.038882748484703904,0.04873430207770978,0.06762474863325148,0.03312266436837628,0.04454201676275284,0.053063638803812596,0.044923959033672,0.04476244212186683,0.061131239224105384,0.07327681535033383,0.03490663920001778,0.04223036482100898,0.07379788348864011
task_te000180,0.04924126496409364,0.048181086928795185,0.05279145822343477,0.0458366786166753,0.054357314485573724,0.05010578044953752,0.049487684636300724,0.04973906987923643,0.049407924362467964,0.05031775680661734,0.04905212486448689,0.04949211227555878,0.0502096597642777,0.050867997660382885,0.04772565598425758,0.05000790950665895,0.0499799466790179,0.05134027632164027,0.05049708239270669,0.05136121519827956
task_te000181,0.0498226108261951,0.0499270923210218,0.05086732417338463,0.04986081942142652,0.050922350989066785,0.04859121563043351,0.050362517013830925,0.05044877673836603,0.04904838326659,0.05011708792150038,0.0512151244955663,0.051220286951185565,0.04970482206478353,0.048998253672942735,0.04965707895702398,0.04880465004349288,0.05124410301240759,0.05006399270510191,0.048204488427236396,0.05091902136844347
task_te000182,0.05339549831129666,0.047092732890821457,0.08125998110378724,0.023784216033210702,0.03608859458900996,0.07341188928394528,0.04590816094981652,0.04239217510015528,0.05328098840445821,0.03890075315574011,0.028694460544362053,0.06459147630310248,0.04735327410985236,0.06462070396724251,0.0477680094751036,0.046963940768420184,0.06300332467785971,0.05373570175898321,0.05021001407356769,0.037544104499264735
task_te000183,0.032093988856684845,0.049644827390964666,0.015688410320684774,0.02931728543849724,0.06676920839441845,0.05690965896232305,0.10918684035836425,0.023956411043547347,0.03289828173419129,0.07447678641279236,0.044618151730458244,0.038616359978529906,0.03727840347772422,0.04246762793516761,0.035672551201493874,0.13798218612320123,0.02758443581583107,0.03878807615564717,0.06606476474469641,0.03998574392478203
task_te000184,0.06687857193647262,0.0333093933726314,0.07542096282407816,0.058619277637686894,0.0640916418814776,0.0599802103922717,0.060866287216672976,0.051014836357208944,0.0456726136285489,0.07627318167392125,0.048435980870044304,0.0389454780172811,0.030295595909259003,0.02844609552814953,0.06075144492462517,0.023386907065990552,0.053334848695184095,0.04161762021735506,0.042198849024885056,0.040460202826255745
task_te000185,0.037535755937586984,0.034740747636492576,0.041461502710401506,0.0203593170068716,0.03597283310658666,0.09407269842570894,0.038926881615087464,0.04101648818305063,0.04217000770377056,0.0679346536528581,0.021645278214488157,0.09339983340481893,0.04260717228585995,0.046946690857218504,0.11191191793003964,0.03992060363027232,0.03243811532509205,0.018029744872457405,0.08566444703342534,0.053245310467912726
task_te000186,0.023184324422737723,0.09322703949697751,0.03487553133211329,0.041592019441676835,0.04248617921747063,0.02863689964722146,0.025702724912137456,0.04671257359323196,0.05036561075441391,0.043404892454700736,0.10382716661528471,0.03778622121561203,0.06995473961850059,0.061468658626797845,0.06012193771546944,0.031045625128512472,0.04588294770434924,0.06916524679095423,0.03896701059684707,0.05159265071499082
task_te000187,0.03300524138046155,0.06990027127201616,0.06434207389399997,0.0380823416330339,0.03714577715173828,0.05165725726182483,0.02430928998834738,0.039196279580302786,0.03167844534480486,0.02344332513593595,0.07091540430050551,0.059580246902774976,0.021370860586651184,0.05955996322534334,0.06170418721131034,0.11098021819085314,0.05554403834469887,0.041805692323626374,0.03937143408628765,0.06640765218548304
task_te000188,0.061063357422008795,0.044784176525083166,0.04013196889139432,0.056522327513204275,0.0614851113081567,0.047133263258752084,0.03966989177900355,0.04650375749688124,0.03305276005550359,0.039996054780266466,0.03479846116286276,0.03948320672604324,0.06746580179649607,0.05960378168961967,0.0478704862666277,0.0650832203503098,0.053987018016244365,0.052110064132530436,0.04825949118314154,0.06099579964587011
task_te000189,0.050360499335779095,0.06190232010523814,0.026535889218267116,0.029119402935266655,0.06380463985702338,0.08184864727588297,0.01845909619459278,0.026126459209765713,0.05891104328843002,0.04325149264466541,0.026039127788538688,0.08320905222976688,0.056169632819218725,0.07890429798070286,0.028918306923998372,0.05882044162138153,0.015576838461335132,0.10489478505767724,0.03300144016838988,0.05414658688407943
task_te000190,0.04929294628188807,0.04611413620532713,0.04865839169773392,0.053419906878840365,0.046296292108094994,0.047237024729933644,0.04805222892162824,0.05317614995768869,0.05042246954517437,0.047386388106090596,0.04993609115940595,0.04990673511209887,0.04913403957901568,0.046159409028018544,0.04868524565772049,0.055492061264396465,0.05216350468998696,0.051360689601371926,0.053412812715304014,0.053693476760281
task_te000191,0.05196376715890167,0.053866172128388436,0.04821657245031177,0.05092822899801356,0.05121661604281871,0.05235010442201062,0.04744750811309002,0.0486825926578255,0.049676821404568354,0.04898296402672676,0.04884583101537683,0.051463262216512456,0.05120059191083058,0.051308463493866883,0.04828735950259882,0.051594114503642124,0.051420042874363005,0.04682079779924154,0.04740714778642959,0.04832104149448276
task_te000192,0.07403340434900625,0.027830799663919853,0.05897939108551194,0.0680836443602888,0.0881584340328413,0.010070106529102757,0.028038639593890358,0.043484045571356024,0.05470735782582105,0.036728807219935745,0.06812514215911615,0.028773505020223952,0.015405297679508174,0.03381440368463939,0.027781727980076623,0.12153434603602009,0.09717644140616931,0.022576514168358597,0.03856402118434261,0.056133970449871055
task_te000193,0.05376535682537589,0.048723155373725534,0.049564447841971594,0.05059952004321592,0.05013964779417659,0.05285870338959772,0.05031213257031628,0.05107281037893274,0.049374882793299,0.04725819369627043,0.05033118889174927,0.0491531874496435,0.04886828972917526,0.04884685869973308,0.04969255369997453,0.05059182304355634,0.047983808148685254,0.05179715922739052,0.04996995633638771,0.04909632406682281
task_te000194,0.0396658582822707,0.03390892731188114,0.022575392203367226,0.030481366017027913,0.10550348772292675,0.06113938493417699,0.04560161275290549,0.04122085835383714,0.02904931068523021,0.053868219609131844,0.027627915917829652,0.03435751256309792,0.029082731249313813,0.06457107172876513,0.058640115143130736,0.05869201900466681,0.05977574652660894,0.033700369312364316,0.05739305436066319,0.11314504632080413
task_te000195,0.0764136834986536,0.027208303799776023,0.06943082444793335,0.08537577057945177,0.03916083743081711,0.06287099598653621,0.04676660750004712,0.048473332368279165,0.030108064880038397,0.0763505604559822,0.030572811321523195,0.03412525887279895,0.019901951219070513,0.04887125398261043,0.041513173839351165,0.09203642828196723,0.035732720632599226,0.058717727482658966,0.04971087326437058,0.026658820155534963
task_te000196,0.047224381876269365,0.02523033862924523,0.042966926637289043,0.022760799385314848,0.1451070020534984,0.019623073034659128,0.025514575663410515,0.025478191036547644,0.05990459284180617,0.02349079837961824,0.06145691796672705,0.03224667776861412,0.03985210299241522,0.10524226678004375,0.058237646812822084,0.046351761317113535,0.08140138219619496,0.04601352368023959,0.02374867938235741,0.06814836156581368
task_te000197,0.04016660447595753,0.04308961619731867,0.06233965920571125,0.03918553685353894,0.039912944185235784,0.06917259175706551,0.06090780447928863,0.03319607013593426,0.060165184010759314,0.034353563034629796,0.05175202627253509,0.06507693035389721,0.06851456599147823,0.04004515472011329,0.03957910872243887,0.037851644739185314,0.06765275845115294,0.06858483955427236,0.042311709173331324,0.0361416876861556
task_te000198,0.09850488273492781,0.027958842038049728,0.0838921211897357,0.06986853560111898,0.033052563497973655,0.015265055373778074,0.028587307245506476,0.037833856920975815,0.0320086967084501,0.054880206724077805,0.04657426876550394,0.03733083023581648,0.0649200447642107,0.13893442688512136,0.031500613374721015,0.035482335885285765,0.04918815364062121,0.04118224133967709,0.04888769679036757,0.024147320284080724
task_te000199,0.09133225916466445,0.026197733330378056,0.06447086625746416,0.027324559309955986,0.0670123921715812,0.09101134917166594,0.05303167595379192,0.047210794879143154,0.04907567925300703,0.026156702365109308,0.03162311860826844,0.016566569170586982,0.039906478828604895,0.04536848474298066,0.1241976900381688,0.01955917285174993,0.05150927373361773,0.02200298809607758,0.06071137158305836,0.04573084049012546
task_te000200,0.016491889704246636,0.029376183569891443,0.04403898503405069,0.07615634074292754,0.06349380368305091,0.022416044728500707,0.019229250342252834,0.025821448108533575,0.05248888421365273,0.12407806537687129,0.09827608626194613,0.04724782058300405,0.04617848480083276,0.06947324225718599,0.05506855959405288,0.017209109810998588,0.035651068907391704,0.03204663389871224,0.04859819678546855,0.07665990159642891
task_te000201,0.04387903260350611,0.047279303347265614,0.10026482148489138,0.03753352771806223,0.06393867724476779,0.04450580089369196,0.0189997048205635,0.06699638566308826,0.06366371475556659,0.030640756100444883,0.05243762417254928,0.07357530463138601,0.04977356327071695,0.03923328845751268,0.03747072460781911,0.05254510687500795,0.03451983263525737,0.05907895193603893,0.03917041985637022,0.044493458925493154
task_te000202,0.03779629724116799,0.052829371144255115,0.018233679890410904,0.05353823547609125,0.0438498428215929,0.0315737203861884,0.041691694491506635,0.04959922992588173,0.03334062744219932,0.037263075481539315,0.061041189496451244,0.061486357926736825,0.04654470424006575,0.06063259815050237,0.06457133241930522,0.10139876349642565,0.021588004834213914,0.07490918096642145,0.03182879757389533,0.0762832965951488
task_te000203,0.07611969911409215,0.0733040747963398,0.05829926902207711,0.03171219865947649,0.044282566595888105,0.04523669517856146,0.06985400832419188,0.0460935390574522,0.028658213084230572,0.04513098289468198,0.04603617770351978,0.04677818025039968,0.03440777497136364,0.05931148956890195,0.032945349952878726,0.07533610128034168,0.05669407677170818,0.05297683361609094,0.04338539284192693,0.033437376315876746
task_te000204,0.050816224827595555,0.04686786677218496,0.051443292898260884,0.04787804275839307,0.05007553908799782,0.051491069955925804,0.05105279529947249,0.054515045321631705,0.047500985196558994,0.04836390908847727,0.04812077417347435,0.052865190873037524,0.04956116435792943,0.047800421850864236,0.05075386422846392,0.04918008177257195,0.050564977237077396,0.04722278365743144,0.05230080838186614,0.05162516226078485
task_te000205,0.13339975103156806,0.10167686892733507,0.06896612861342133,0.033074446953484535,0.036191835169012865,0.03271217619979141,0.05481257791590206,0.029809796495285923,0.022288977942818367,0.04829875595118369,0.034721763965154,0.08460473140157349,0.04682425607255839,0.030334288951285274,0.06110150355009511,0.042187133423619,0.049461806847064256,0.02628075485480176,0.022935054561545463,0.04031739117250013
task_te000206,0.0370089780989785,0.056724337186902944,0.02072315772159834,0.023747761371747445,0.04035885133021557,0.04410277230034899,0.04045311613790574,0.029371361344554352,0.07246328469104123,0.056959829599853906,0.05516295315891104,0.05621054211033483,0.05411195159759025,0.0496030573425315,0.09293531133536265,0.03705550682885533,0.05265941418344947,0.056573215815595886,0.0475807087796478,0.07619388906457424
task_te000207,0.06931771921608629,0.029775851047159876,0.05576831516492254,0.03433607246715911,0.04810231857415569,0.09122000605510097,0.06189579247415728,0.021562978136559163,0.08462856273811833,0.07019466093531393,0.039417762906206015,0.03158658649544815,0.0266360225580787,0.03687811233384281,0.03460186200865265,0.09528664509737876,0.04562983161304585,0.014017929362121921,0.030453695630113686,0.07868927518637826
task_te000208,0.06962929748820158,0.015843293866714132,0.03233348120049995,0.03075580719032658,0.029901883040352503,0.070062953426376,0.046873398424025776,0.05769974403338015,0.04809615529793452,0.08094026444532967,0.03202829240203101,0.09688450015298136,0.06315833336158663,0.07463628401049768,0.04285654871488658,0.027146630409315968,0.03839310241712871,0.09336535128311263,0.03301836395887684,0.016376314876441825
task_te000209,0.050624188597288025,0.04988332099537194,0.0485557503509266,0.05042474787748038,0.051040300192424816,0.049940532291494054,0.0507852018669028,0.04973791146544567,0.053977314498920334,0.050628540449159286,0.04815309783066089,0.04742461472550838,0.0509519249453452,0.05053401241620357,0.050010312158448755,0.05063303872802147,0.04698593673732798,0.04783296568775652,0.05140910138998305,0.050467186795330375
task_te000210,0.05003443617085439,0.05255003963477891,0.05201216025328242,0.050301536035697654,0.0528322161144072,0.0489249494405683,0.052221342754369224,0.0528233305230232,0.052639550950259094,0.0516323776508709,0.04683284228588743,0.05049974135166243,0.048878959933611604,0.04746923824693702,0.05050548904278849,0.04930834224394659,0.04775944809256315,0.04872411680697922,0.04716135401273167,0.0468885284547811
task_te000211,0.0500331322989344,0.048449665751785484,0.05300216548226486,0.05245154681266696,0.04881294349292199,0.04899409471939136,0.05116032711036946,0.05060957197145997,0.04910933865482144,0.048674569805730324,0.05072258803766217,0.049144407658488765,0.05133590728961448,0.0497934807147446,0.050461162076724936,0.04988209749615271,0.050358936800697016,0.04604510888410474,0.05287567621901664,0.048083278722447755
task_te000212,0.049121888627262106,0.048361869032454666,0.05026195356833113,0.05296985265160409,0.04975394975085846,0.04916697102534452,0.048132686941560886,0.04915727180774034,0.05155531363006722,0.048959625053732254,0.050389558462135484,0.05207558638188925,0.04879395155350894,0.05004800523488764,0.050203303838050876,0.05184192213501681,0.0502376215898725,0.048837073193084224,0.04809302651053515,0.052038569012063565
task_te000213,0.06048689372739267,0.030575926360950936,0.07708615784823425,0.016384655251280494,0.04686529293824627,0.03514042329996551,0.022541175981698337,0.020676007442563104,0.12601759595219486,0.011300641160427918,0.026597868971868582,0.06706786946007366,0.05652574941223942,0.10349737546313474,0.026846516069282275,0.060334942753559294,0.04229146037034847,0.06534849972538695,0.05667614503323967,0.04773880277791265
task_te000214,0.04919715176643748,0.055089033123700004,0.07248441944103684,0.025874355841631277,0.07501348099660006,0.0351048296768773,0.02420656562525132,0.041920967156519835,0.04868132184789819,0.08687595421972752,0.06208436206439305,0.04663657568653762,0.05779501622736068,0.04780252000573272,0.04283252142770982,0.05115715883475656,0.06074021463486262,0.06290791749100678,0.03894613717684984,0.01464949675511055
task_te000215,0.020638501674557243,0.03559027453871095,0.03531881425269224,0.09687040644176759,0.01642139186663648,0.019310763775129434,0.02203439917166225,0.0754956448031051,0.0305579152124454,0.025234917275058753,0.08873514231980367,0.09222438197454737,0.03615730444656383,0.027051753825100913,0.0594270570068278,0.06546173084080356,0.12275650084712028,0.08151530783985868,0.014620529821848053,0.03457726206576044
task_te000216,0.052511991546635335,0.056078917219590955,0.048786273744424895,0.07960969814501377,0.06350455850978914,0.026970275447486352,0.03203042789789618,0.04167850272079163,0.057426714664145145,0.05899731694175815,0.02907685791214036,0.02615051532626901,0.0586902535862394,0.07727321185693455,0.03841643018913546,0.027659618145511728,0.062241472054642866,0.035017347604877375,0.08511227232975427,0.04276734415696335
task_te000217,0.037811525078232995,0.04082613566753296,0.059116130570275774,0.05479655999838748,0.053947093467703246,0.06701433838306234,0.03006820860007872,0.03741387432263711,0.04442055113499313,0.05688181330948023,0.060810754140999235,0.07089277847413802,0.06741389235143797,0.030376885377915917,0.032514989867819075,0.05567423976273775,0.06769730590860516,0.06007392014278645,0.03147650170778904,0.04077250173338748
task_te000218,0.10977070580761766,0.06344938414224197,0.041682090538025234,0.026010433137965444,0.10283017552368844,0.022273767186949414,0.04396255081910183,0.03731510037718422,0.07416654894818793,0.010550022905818458,0.039701773638657865,0.017563691277875906,0.03996588460851251,0.13222735955672685,0.029737484800367555,0.03335220468388953,0.05558207601544933,0.048925480638955784,0.03826504322252474,0.03266822217025932
task_te000219,0.08193186541547928,0.06664599691079988,0.02725417865776106,0.057841439302824954,0.09954856856418783,0.09557907038057094,0.021899779670792777,0.022137002455749417,0.03571453621702188,0.04177198820501211,0.06325518084261347,0.016712139821969833,0.04714128113415991,0.015985188016952447,0.06995562368865553,0.06625900564990302,0.07325798044062959,0.02805073967577008,0.023780498921791467,0.04527793602735452
task_te000220,0.04431804434065006,0.04470332078425366,0.03920393334187125,0.04839167314742404,0.026774454174925372,0.06087765710413213,0.05277074517304715,0.05516775946303664,0.06412433211954434,0.03318921946418983,0.05231000020896416,0.043840467836688886,0.05780595329845612,0.047742811803490486,0.06662022608741215,0.04136919730374293,0.04142619453062668,0.057240922357076125,0.058846513888848276,0.06327657357161984
task_te000221,0.0502766917645351,0.03404922388263546,0.041349565302000034,0.054034723770438255,0.04958227878727075,0.05354329882030831,0.05456695500627437,0.06886402880898909,0.03409359084087112,0.04467547919086077,0.08359773766399592,0.041035851107459345,0.040579762759592956,0.06655221365951278,0.0629925878742588,0.045067773411289466,0.04320111803530256,0.05077501585956171,0.034575609340052035,0.046586494114791245
task_te000222,0.04975385788808982,0.05271194452555646,0.052759344190368825,0.04704432170345023,0.04958312015138812,0.048308516840111906,0.04709245072278923,0.04978772851796779,0.05121195504853481,0.053404595284691096,0.048896757339477424,0.05040176376479337,0.04902784971186712,0.049484542704936046,0.04851140079603898,0.04746216628550484,0.052965620160860205,0.04894761068624285,0.05195237664052113,0.050692077036809745
task_te000223,0.013367300622661598,0.017673152637479376,0.00757665544233157,0.07877414925077161,0.038445831417005055,0.017058873732329914,0.011010299709842316,0.03137549168212238,0.1677697493408237,0.025205555534953825,0.0526188119061065,0.1291773193871615,0.07058021870199802,0.015755049177763603,0.07749067940741523,0.08751195094508056,0.025377221181385506,0.04640141733120359,0.03782747678324304,0.04900279580832108
task_te000224,0.04967935679939643,0.04909643048781221,0.05037100744738741,0.05005778196901021,0.05086335227394433,0.046438806308044873,0.05102425476028587,0.04644608033644972,0.05190458054597277,0.049086312241614846,0.051329955814256346,0.05179276235956743,0.05275465349662812,0.05105716493142072,0.051287719482876463,0.04927321231722749,0.04750230923143928,0.05080962398771801,0.05053978876046374,0.04868484644848365
task_te000225,0.06713673984502709,0.031169429288191774,0.0539930968226222,0.04135116131187786,0.08842108315056327,0.029725257513875926,0.06629841768025767,0.03224470218939535,0.0376295212235598,0.041722094833011404,0.04517647969009583,0.028241890695528984,0.053643849434062266,0.0703979490387642,0.04940173192936615,0.08199902475892917,0.038084485254030805,0.033464301395528556,0.06731735143392285,0.04258143251138856
task_te000226,0.02570722237258265,0.03498905539705307,0.058735483303838806,0.016169160674265395,0.01793541992363546,0.048395912528350835,0.07039881816105253,0.08555941477108203,0.037300874643358156,0.05898956719279975,0.08519533033947403,0.04504511573262789,0.028079882240341,0.04018331154985867,0.12654664741802382,0.02077246049839749,0.08351298418168517,0.04210522776075942,0.054738571238308026,0.019639540072505835
task_te000227,0.0385668894412766,0.04417941063104839,0.08587075674335165,0.05494063010854536,0.07947599546639944,0.03794009951866181,0.04558279970077508,0.0505101602755767,0.044721407493624465,0.037252534330136026,0.025822117548483285,0.05664229825865784,0.04139576972990051,0.08340654622096112,0.03276743618348006,0.042710672723816984,0.06438312065352085,0.017599456074164584,0.08483804272414751,0.031393856173471804
task_te000228,0.051156848500334744,0.05444875479538464,0.05021314647203482,0.04868006306563497,0.05431590704127253,0.049473671119560324,0.05238604395174594,0.047426526347974285,0.04851124687577647,0.048681946600527805,0.04827701159680414,0.04598070255998889,0.047044405444010624,0.05367646263675024,0.05437616987753929,0.05018753012787936,0.05123428246487921,0.044604914623667585,0.050308339760636325,0.04901602613759788
task_te000229,0.052161630039839264,0.023512440997606104,0.041213253471911064,0.0520752058391416,0.05918905498828652,0.07032761019172598,0.04202906137124881,0.052443314334434436,0.07221473015045457,0.024938196682693228,0.03248870769095781,0.04124466620595127,0.05834903966885522,0.0480609754273939,0.1074822087710876,0.05456587341904114,0.027967200620400912,0.04809662540221646,0.05413223082392235,0.03750797390283161
task_te000230,0.025484702001385345,0.02722945090477715,0.03724020836652477,0.054252873325805105,0.04221524446991412,0.04888449482688195,0.01897067141637616,0.02321727970539189,0.10752657416943637,0.03703149161870739,0.04480065941197835,0.14216315782937958,0.0648398084540445,0.05767572915133903,0.04805377977879763,0.03563475529760345,0.08045531406744748,0.035872206912048434,0.047127112591498675,0.021324485700662747
task_te000231,0.07016606907411095,0.06799850259701254,0.07910415703317275,0.083741950485837,0.031563719275990706,0.06943040804280669,0.07393644696525623,0.042420491639220924,0.03913884886541589,0.050973276212771076,0.038390073002995524,0.0340774683548744,0.0674482017293931,0.038843094267488706,0.033846054746986806,0.03606063851198143,0.047993760272909816,0.03411710978933481,0.030625548299724806,0.03012418083271583
task_te000232,0.02510665225077651,0.05091125235418293,0.03248801990696111,0.0660615954354309,0.08082409304118697,0.04331694163205958,0.0655224215401107,0.030202521879947014,0.05377421684597071,0.040090922385314226,0.059868795473599676,0.022123549546992582,0.07176808214040734,0.02952722378802167,0.05852639573246172,0.029544775718602364,0.027742228851818238,0.059491485918107226,0.054963938618749424,0.09814488693929915
task_te000233,0.054432437632318184,0.05014388540844608,0.06144614977630594,0.04827906814366683,0.030550231056917326,0.06608659245785567,0.032890987471454435,0.053967210503716286,0.061836970520728056,0.05511457563272733,0.05060089793816993,0.04552881477636988,0.05261754162083005,0.06293833419521407,0.044651279195858797,0.03389191045056068,0.023565597674672478,0.039469776833447434,0.06436159205831372,0.06762614665242687
task_te000234,0.04409444360649055,0.021106560942459513,0.07866966216060944,0.049414190974437465,0.02004465079421636,0.03768838903256822,0.03413243299936789,0.07411998300395464,0.0340982909162128,0.03463354116877059,0.06979580601220849,0.028641561621008872,0.07083636070507605,0.0650351878166508,0.062161796064368446,0.04050432648743179,0.07210052964346837,0.0726956484797,0.027138249639848504,0.06308838793115124
task_te000235,0.06647069517351958,0.05221360066988965,0.04500849051510417,0.05035918824986402,0.037232295140105356,0.042429381618448406,0.039423758960198146,0.045130684771613305,0.045483535785468224,0.061686932198333516,0.036754334572349105,0.06077305605916257,0.04762644547959566,0.04679199875306991,0.05463306389729549,0.06559498762207078,0.0335392284913067,0.04541981931798311,0.06898137562815514,0.05444712709646724
task_te000236,0.05218582779837952,0.13632047444030004,0.05651679142699172,0.017041238913665567,0.029328225287343534,0.02451205726795582,0.06246991814355216,0.013478622218517058,0.08195105923933686,0.05159458622432754,0.04121751184361998,0.045845381346476,0.03255701077023578,0.03121827896444124,0.02123789420990273,0.09554734414043928,0.043647846090764456,0.07098850235140106,0.05205351389127053,0.0402879154310792
task_te000237,0.07277193636400524,0.016422325068300152,0.028909276734104945,0.026015742878028127,0.05625178325194606,0.016840586570218363,0.06232588257560371,0.07458220212791698,0.04289266194366941,0.016907263701001148,0.04979627510616139,0.02645380133332967,0.10590193922409853,0.105820774016767,0.051989569234412586,0.03004578552656398,0.06461559319033527,0.032688667240058866,0.0690418366072348,0.049726097306243736
task_te000238,0.0686448759427348,0.02284619910046251,0.02086112349153502,0.0770493071461136,0.03306233424685011,0.019054970248343284,0.13983243576354434,0.021542659862334515,0.014881183252924663,0.08757200748577261,0.10397309606573577,0.05847689935996391,0.041275607191322124,0.04257115037309162,0.02582957174334491,0.05801866689443287,0.025024099695320552,0.0359496669733779,0.050206487626279606,0.05332765753651522
task_te000239,0.03945443376980462,0.07307252387188122,0.05726802692663208,0.04394408588361415,0.05185130430201593,0.0830149545228464,0.02007095671999612,0.04289002455678801,0.04360618941032741,0.04475441217818298,0.03102975228617488,0.03182594706845992,0.05015859894056953,0.03867103663776367,0.04870089080199756,0.08464111879984142,0.04340099536768689,0.040083917260145686,0.04955926484916446,0.08200156584610703
task_te000240,0.049010381923562475,0.04449609419002811,0.05140080857685118,0.05093740939032608,0.04869402745874361,0.050712743850537104,0.051192113714861376,0.050359070853767486,0.04770529995601648,0.049404919757496696,0.04920028373399949,0.051749109752076715,0.04814138292344261,0.050174098986306745,0.05008029514399712,0.050531907895251596,0.05110114789914253,0.05353788560225864,0.05129895684842836,0.05027206154290534
task_te000241,0.031630771231382165,0.03307975050297093,0.03006451714603328,0.047129726617230125,0.026277105196834714,0.04541035527201048,0.047567978174899675,0.08125717510635497,0.03442967951070412,0.027162552812686945,0.03696165927512768,0.10035773474925351,0.020947925779886196,0.0760761983955516,0.06544303348806786,0.02659980449739963,0.11125881007220603,0.09262650497067627,0.03215374797374948,0.03356496922697429
task_te000242,0.044761977468345225,0.07478707746239871,0.02889790242030321,0.04597849906369305,0.05282393658568539,0.05232695373827319,0.06672802374987633,0.057242828714848766,0.03592097811970569,0.05165739558788461,0.042455429033178935,0.03701383058556839,0.041476731879961884,0.03089875001650822,0.07420769825093716,0.05671984665419726,0.057714649162129913,0.051043401401140456,0.04339793821202324,0.05394615189334039
task_te000243,0.051797392457593586,0.04559166696016827,0.049100066272947926,0.05043540137082085,0.050091025601482375,0.04639736552270839,0.0498486754153864,0.045671796305517244,0.05152555010497112,0.047934979761376006,0.0573407581319024,0.05075156816209979,0.04915717356380477,0.05037638918915427,0.05083040413193245,0.05154941794715237,0.0482819433578285,0.051243045181569434,0.0514511517223831,0.05062422883920074
task_te000244,0.0400835377263709,0.03725268502986471,0.03604220302974152,0.05104070089566508,0.03901216716417513,0.05123656668355745,0.047188963879846994,0.08594159402477557,0.043184546784182924,0.04301820991609369,0.06650614567409274,0.044482593930045285,0.042877189349174616,0.0501365336005073,0.04465639899060622,0.04691658990292153,0.036225702840911256,0.03731870511211506,0.07455361849301677,0.08232534697233529
task_te000245,0.06198680016092424,0.05677650630230349,0.06817930487984598,0.042069939556576584,0.07219958952783673,0.019406529198893553,0.08031999547712601,0.03652292493974525,0.05777464924026329,0.057865703661885454,0.05722037838152482,0.023973915363038476,0.02461470867038015,0.03386953415438144,0.04325502861910847,0.08649819182665752,0.04074934128437997,0.050166651370657504,0.05648632772263214,0.030063979661838727
task_te000246,0.05355500908330835,0.046341405815133296,0.04389345948408577,0.07303233458792796,0.06724127308877874,0.03620032762737043,0.042328645475433684,0.08086997827922378,0.054283377072486656,0.08525841068128238,0.02289698520052628,0.08427515165600087,0.028625036713128348,0.020191339238720754,0.06355009693165492,0.01666144839423373,0.06574040532696902,0.021344235337786628,0.07343012655687707,0.020280953449071364
task_te000247,0.04836539455271508,0.027668731440523227,0.027167861034720305,0.037566065240227084,0.04276742672098255,0.07625617535351645,0.06262488262605467,0.05999510689468547,0.10344648462054512,0.046562919801163845,0.04075971655027478,0.024554487007814655,0.054098807639407394,0.060808439133361224,0.0539427326799483,0.05286211460941938,0.039530748140203645,0.031523704021874786,0.06346693047945198,0.046031271453110104
task_te000248,0.02230902505895402,0.06652838461706609,0.13207830966232573,0.10334103637728519,0.02469186690883348,0.04517242783326851,0.04701573664919403,0.04256103346909023,0.027782516781423554,0.02787633767892477,0.07871480880633978,0.02834935533657736,0.021240674308545756,0.05871717270378656,0.053504477037194215,0.026449849848603598,0.05646590917577189,0.032375130695877635,0.028738084095093094,0.07608786295584465
task_te000249,0.04428776905453641,0.07179458088096363,0.06810121904468706,0.10016282031712188,0.025430520105338784,0.06053854791404857,0.05031851069820641,0.053646316728136814,0.021794146912460795,0.0672822185008869,0.06407453214196832,0.023162700249616034,0.055757404209218,0.039707053062726254,0.031830505167776704,0.022578351849587182,0.04053221068065628,0.08342336308497016,0.04735894911409546,0.028218280282998453
task_te000250,0.060542845843788495,0.04710018069728068,0.04836738589817165,0.06030425368631754,0.04868792267579174,0.041788355595454296,0.054494742916040784,0.04391969655368228,0.03275966310444366,0.04428262328247857,0.04993389760457378,0.04273646569911413,0.057057691449295206,0.049457575151074545,0.05648421211827048,0.07945504321432985,0.03144587834675994,0.04879626598961513,0.05009323038890938,0.05229206978460778
task_te000251,0.028653227813538493,0.03307670198538097,0.057762613319710665,0.08065438630935466,0.0348592907874366,0.05456139376732861,0.03164730701759875,0.020469516643928747,0.0270792091924883,0.05113509918337857,0.04542754026240176,0.04658904754808536,0.0668275538730231,0.06971588044032127,0.028030450872763842,0.03397656191941667,0.06994973103424267,0.035023682379253074,0.13307413050023917,0.05148667515010878
task_te000252,0.04226331245905962,0.036611284152680626,0.05316733170812245,0.037473035322974774,0.042703680127954696,0.06898628037180507,0.06838918993011611,0.06306776188019364,0.033592357316894944,0.06312958403046451,0.04212695295331546,0.06447181976162582,0.0652555663727589,0.06888822777966624,0.040761403945604534,0.058661039849382625,0.032619214947701945,0.02762357206401693,0.04529716649706244,0.044911218528598786
task_te000253,0.05136828341936176,0.04961112525667629,0.049004880218437206,0.04995228322302517,0.04643496827914937,0.051416874878053215,0.04738225168112771,0.04726553857333331,0.05004731813070691,0.05187748766915754,0.04898809081021774,0.048342882588298504,0.049877989431871515,0.048090342616405886,0.052021341828118094,0.0502294242092892,0.05056931998547964,0.05433682050066635,0.05086697723636386,0.0523157994642608
task_te000254,0.036532361948653745,0.035722486094624646,0.05893469151911944,0.05781519808478077,0.08827066676718075,0.039140021970971155,0.041839498200819884,0.046351896032395895,0.06885513714791716,0.0580620152502006,0.04397265962214735,0.035080922743619396,0.03209012419387723,0.028679857124647577,0.08422804971904381,0.04873481487774926,0.0496397620420468,0.0334298014056884,0.06457707565282697,0.048042959601689056
task_te000255,0.024179610900542613,0.05645242675978055,0.032857459098443426,0.040184728699225576,0.030346335133314514,0.054539966422839266,0.10565185358667471,0.042320254920826035,0.058325416429379606,0.02122356447733791,0.036254814528620644,0.056240707095894724,0.030472775874017963,0.03832186033175066,0.06473102699033173,0.07140834629050835,0.07064673675700932,0.04955544518004705,0.050533056689878335,0.06575361383357683
task_te000256,0.034156010906526264,0.053834533035087825,0.07422633116217502,0.05108710995159745,0.04091203618592992,0.04107967174985641,0.0519978554349282,0.04735562802822258,0.030691438241208003,0.0867753092567812,0.06045237041713164,0.0524776715897327,0.02949189439981001,0.03909701408260336,0.043526629270168316,0.039007387869762815,0.06758969075153232,0.038089015673298955,0.0710671055837469,0.047085296409900085
task_te000257,0.05208568423555638,0.050643501501390166,0.037892204811212984,0.054875066739771584,0.02813198901056921,0.04275931694322981,0.018776648983485526,0.07437773474785267,0.02763211643021619,0.03957928181534499,0.05017206038648218,0.09377052595891222,0.055107063010210976,0.028277863209942633,0.020628925374203213,0.09755906237664894,0.05933996644504763,0.05834760230685998,0.06882005421452363,0.041223331498539025
task_te000258,0.018500648189113574,0.042514770263696565,0.022605188410710363,0.05381938154774453,0.0489922364414677,0.047436530362624844,0.05900082348831919,0.08606851542730942,0.05019627911298381,0.05852024480534682,0.047711225215680886,0.031160943772082977,0.06521633516756511,0.07073012280179461,0.037226986121893096,0.0508447963072689,0.05932639605703196,0.05275608258568089,0.04147309866527662,0.05589939525640814
task_te000259,0.030035057066132475,0.035206907588032264,0.02659466669001546,0.04922883913337626,0.03953978033539198,0.03079258129779025,0.022124666129072015,0.08853020335165813,0.011150939441783962,0.09051543971197619,0.017178144709877788,0.059820712173401416,0.028017817542182716,0.10695475599329966,0.03413380622878522,0.05817512249663403,0.03347836379744895,0.04399632532034057,0.07514033597421085,0.11938553501858984
task_te000260,0.03374359034761539,0.03302908204103514,0.04274568464848294,0.025140777649236785,0.05181856327389471,0.029051125709574323,0.033310160960488285,0.03722664133369284,0.052894254496214106,0.09074741018810926,0.10968714221486704,0.03694599852390007,0.03166561304383532,0.09634453881106929,0.042856372690873584,0.04928082514748721,0.07563179600039656,0.04576412273722781,0.03151637813081698,0.050599922051182224
task_te000261,0.04868402399127898,0.05183737927376085,0.048593269679073965,0.04815322097532475,0.05139367946540319,0.05155545110329549,0.04978555940895913,0.050791722633479204,0.0509023072156881,0.04705168168430022,0.04977938270791985,0.04954759006768271,0.04937192648618903,0.0498773249362879,0.0503497416550878,0.05137688770535556,0.05160873458465381,0.05126667441639781,0.04766732442512784,0.050406117584733595
task_te000262,0.04847731654601052,0.11038337418198975,0.03076523048091442,0.05741084596963266,0.035018795001536915,0.015915149124815543,0.11071566932025449,0.024841861372776126,0.10323210220616809,0.05297781692864365,0.048693581892605566,0.043192942893942654,0.020227711909859176,0.03487003911319664,0.039095302910834795,0.03292307848689218,0.04313966002948074,0.04710365784799038,0.06138089004744836,0.03963497373500726
task_te000263,0.029825574026881883,0.04953668634121847,0.06521349408319935,0.06879041242463912,0.04188854549809863,0.0438212875426807,0.052575675534173444,0.06803990053866932,0.05255121084377901,0.03106546859493308,0.0644285621196185,0.04950434991395499,0.02467082727743813,0.053549497647335076,0.049197147481333206,0.03337483023994425,0.051839169070012465,0.06109419508976751,0.05671049437517895,0.05232267135714377
task_te000264,0.0588760057638099,0.011625766403715354,0.052055926135168615,0.04747369093042399,0.022577632840778947,0.06998447022882985,0.01130333837118659,0.0485750787592222,0.08541973515318553,0.05569139800364999,0.10216332665163105,0.011386612924013176,0.04839718147610638,0.06123895196748545,0.07773308813578317,0.06706313229690494,0.0649581122764207,0.03476233260888568,0.04939276273224187,0.019321456340556556
task_te000265,0.049702913104295456,0.04729958655282143,0.04743063595120054,0.05198204437857347,0.05115965572398096,0.04873929068451986,0.05346863503613472,0.051127784605406124,0.04894538701196969,0.05001343318719475,0.04776616045598657,0.050629729065508035,0.04677917631160606,0.05204843697177219,0.05097981210637866,0.052119233800257105,0.04938305956289238,0.05023756577727211,0.0516119669005844,0.04857549281164541
task_te000266,0.043045043825688745,0.06459843726282015,0.04620740117830059,0.05573428605000871,0.04210975267632524,0.03347320032867794,0.04265199429254321,0.03825746188477777,0.032831547439314754,0.045299791770085196,0.044098343755938074,0.03393470251330807,0.041049631230213955,0.0336507349474896,0.11884593219350982,0.06349691727818776,0.06358220186157584,0.03797196620150786,0.046653382920987876,0.07250727038873879
task_te000267,0.04615416041938372,0.04810574931658406,0.048654421599615104,0.05148940038441556,0.04600359874778358,0.05071622604721617,0.05170176077034795,0.04994298099127916,0.0486044298662072,0.05282136189613388,0.047793410960356,0.0477926852919192,0.04871378928701764,0.054226029282528135,0.050898196626345156,0.04978179673916793,0.05173521733325747,0.04853167241408794,0.053478951743296525,0.05285416028305763
task_te000268,0.07982318980423413,0.020132634238201812,0.05671588243770951,0.05376136849963444,0.053491713918755485,0.08025718501757732,0.034114705514871474,0.04946181643427061,0.04371764669213719,0.020437056604803553,0.037789763220621046,0.04852277765666165,0.049878484867959226,0.03702343749739239,0.039491281553775924,0.047768489193997586,0.052729054997567464,0.050063694958135445,0.0905733414506968,0.05424647544099709
task_te000269,0.05581871045742745,0.02864268400737198,0.05558265693339694,0.04485636376014065,0.08137469026224377,0.07259984114380061,0.04771850051862585,0.05897039027648569,0.025831717950288834,0.06262404373275743,0.03638942425949725,0.06193689379779748,0.056022688320998826,0.05759408709623578,0.0220163291631483,0.039415446185806696,0.05686610430160183,0.04898576096357452,0.03139737415534164,0.05535629271345855
task_te000270,0.05716049550622165,0.03515559905474757,0.06389547547276984,0.05388122280445048,0.04634756991308186,0.06400553750157642,0.02871734831047751,0.061240686704698157,0.047002461673627496,0.04194556076604269,0.05412219992277424,0.04551871622371974,0.03271099190569879,0.02340617276601943,0.04676309818816214,0.05696151589117585,0.04012557425204486,0.05769503494627855,0.06643148986520554,0.0769132483312273
task_te000271,0.048747352051169014,0.04880685609803309,0.013396169417583606,0.10732607019126802,0.026627595618533288,0.07134642385592155,0.10852612945212797,0.03259862955892641,0.032525555614604025,0.04310579361593195,0.04765549569304842,0.04811066213419031,0.041188374621675135,0.04074231577345712,0.033246869032302104,0.028023255041900175,0.0428578015871031,0.04974133403717491,0.0633562541922658,0.07207106241278406
task_te000272,0.04741449780711766,0.052249373744300394,0.04702185857500169,0.047999618018574906,0.04822663413375002,0.05317785542017313,0.05145295368124328,0.048907154078092506,0.05252333399926278,0.048525223957657244,0.05002653012329918,0.050138341223650934,0.053837554278653554,0.05107660305454075,0.05054287277444925,0.04844575052828159,0.04979031103124986,0.05098845341260566,0.04585261561781593,0.05180246454027957
task_te000273,0.09968467440790929,0.03217209677964734,0.05706641433834492,0.025671238403698005,0.01417964299679983,0.03507825639426939,0.047567555730011896,0.04212782972772141,0.04769513494963107,0.019302211691240134,0.05380923858297017,0.06889903181422986,0.02605082942555944,0.03197928725273391,0.0939992494209702,0.11096520129050916,0.03263920075878879,0.07816915935543153,0.03785825904439742,0.045085487635136194
task_te000274,0.061242756697683934,0.043080180034466974,0.034608284859801365,0.06408110488948159,0.0532806989227681,0.06510559571938619,0.03729973295378514,0.057988214184436816,0.03150806609216368,0.044398273770722634,0.037263054418089074,0.05775625920628369,0.060728499764708385,0.053785386606882764,0.05306279207903467,0.05556205516000692,0.03365517425048698,0.05115249068021885,0.046474696714712896,0.0579666829948793
task_te000275,0.05141430373981459,0.050545254805429096,0.052308343564911854,0.04725469741309777,0.05211227228655987,0.05198783438277248,0.053137386917309355,0.04967676323907452,0.051444702866042344,0.04618587704089095,0.04825732601876077,0.04702540281485116,0.049422749171442903,0.05279032457030675,0.05278991807420987,0.049977969707527665,0.04702220856746929,0.05048764735773874,0.04703848902184604,0.049120528439943946
task_te000276,0.04851065418960444,0.06425591665765222,0.024050903338534657,0.010475349035616336,0.0605635945263452,0.09121540420251821,0.05490341702899185,0.04269012476652443,0.02731515875884912,0.024065294374787844,0.04415883985430355,0.03486217155912788,0.13546185657224805,0.0801924525391505,0.05241321727171017,0.03285410426653164,0.01900892738658654,0.08096407184073574,0.05562472068558561,0.01641382114459591
task_te000277,0.052104259156989984,0.049885339946036576,0.039464897893732885,0.07582875996287441,0.03183894331097912,0.01802829042584898,0.1028322025471884,0.052140688194466,0.04953800723590022,0.05739803477675373,0.026361498312745448,0.04951249346888823,0.05269327925566527,0.049458789797457145,0.05772711355994226,0.0452860987016115,0.016723464988095356,0.039658238337605664,0.016922839610923557,0.11659676051629528
task_te000278,0.07044978149196729,0.06405859998690008,0.06292854583652786,0.07055027067687913,0.035626163786380935,0.03291790106602255,0.04197564918521261,0.04394243050465671,0.03951435572649169,0.06169106328048697,0.03434649655310111,0.04269364256465833,0.05092637131493228,0.0398056539715866,0.05510099388736862,0.04745919690247884,0.07158790658540516,0.0356005989139938,0.06497296878940659,0.03385140897554294
task_te000279,0.04448740185240746,0.05136956454723685,0.023399059551057703,0.02268813637539419,0.04252937520712074,0.038552506081545326,0.11165356855491423,0.04952601116592217,0.08429671017840956,0.03419628594252427,0.040626303582902465,0.01687949020688853,0.051271189155364716,0.03468152612195951,0.08691166424619313,0.03422274903960089,0.08260113987537925,0.05134436905105153,0.035621435795400946,0.06314151346872643
task_te000280,0.08855250467517205,0.06165511478835609,0.08633542763362509,0.039883147330997834,0.042048896740726274,0.030407928247314846,0.064298173776017,0.02556847766902534,0.03030750714949912,0.03513407421572911,0.035772216169893546,0.027154269087129982,0.060011599304289974,0.022151248572990896,0.048898979717887196,0.06626269563948628,0.06535005086171301,0.05589009247683496,0.027937734124128116,0.08637986181918339
task_te000281,0.03853298419611925,0.03477561268457517,0.07310111709986188,0.06292878477555221,0.06352963207882294,0.052470625895733904,0.043284216887362094,0.05082641529290333,0.030607012614605477,0.06791316255419955,0.05929334888304645,0.06002522389227837,0.08255649307696354,0.04529848552469715,0.029604973415147288,0.024690297404195642,0.019005785966534638,0.05943640850426113,0.07746391862426598,0.024655500628873957
task_te000282,0.04788942296801533,0.033270786800248586,0.04551085393551755,0.05990235032841632,0.07020388807826917,0.03880582889496743,0.039011203035901755,0.06905611487490992,0.043175178194054635,0.05324535733879056,0.062292764548054755,0.03268796774355746,0.037481902458461336,0.07894148247543599,0.052116784156457596,0.04199065534743831,0.05229142983904157,0.055776945023966164,0.044987122291315275,0.04136196166718041
task_te000283,0.037483636154591236,0.05462320614813966,0.03165863054568641,0.09239165139347265,0.03930331270600273,0.0702494286068966,0.046655529696726206,0.029840497334572533,0.08233218579842093,0.029978951001229444,0.08008737450989613,0.03694807892349736,0.022322465611742944,0.03669241251133326,0.0656635519687738,0.048100766717215825,0.040885067669763034,0.03982249074119842,0.05483068087385295,0.06013008108698791
task_te000284,0.06050731358597698,0.03789938959615245,0.05525920642442588,0.038628081918252496,0.05381338170155139,0.05338319283749196,0.04776472048103688,0.05775547211954922,0.046095691777852686,0.04936050720317462,0.04143600798608527,0.03709928799787107,0.04346063769659995,0.047005811389509315,0.03459626258131184,0.05169581031210375,0.05258526490685744,0.05448729230346361,0.06340417802398236,0.07376248915675084
task_te000285,0.052573627159997686,0.025361132485216164,0.04062308496363923,0.047343192029345234,0.048063253279161125,0.07022565682028897,0.07009157085141862,0.07763584227194013,0.035314949598463014,0.021994307981466142,0.028873939995899302,0.05121593924291821,0.03741870520984393,0.02558608622610587,0.05679191737296343,0.029756076715836,0.06496167257777137,0.07994011110616703,0.06779804379546721,0.06843089031609134
task_te000286,0.05647990007706565,0.08511055283497815,0.0379081255782091,0.08004987144504996,0.12685304482684334,0.08608454515923636,0.0336070807149172,0.041659208308754234,0.08542856364203875,0.028000900883228208,0.025912759292292864,0.05241621528928188,0.031661439596658014,0.028618415113698892,0.030257368622371106,0.04422848573846984,0.024204286727655257,0.045941250334151175,0.02574110723995198,0.029836878575148135
task_te000287,0.0260965414010228,0.03968260936016534,0.028124685111115166,0.04436450654686895,0.03742771672254922,0.03619135086294418,0.05125070897469154,0.03178953894233454,0.05233553352214092,0.0375593118429913,0.07869796179402751,0.07950917708343988,0.041565114062635876,0.03915921762074309,0.09385460424006734,0.07393873282509736,0.04508353791645503,0.0350451710715448,0.08355282165173887,0.044771158447426275
task_te000288,0.030243573250002962,0.052875697365522195,0.029623356050029838,0.027699039117258028,0.025133213970711072,0.029805503575740917,0.03604131014138734,0.05471684266390944,0.04301379309788794,0.0650085767423867,0.08348013274796372,0.08979250615783652,0.027834071216346783,0.02506878111588863,0.13047765269575928,0.06930418708687823,0.041631352302375524,0.03329346194662749,0.037269113143091746,0.06768783561239568
task_te000289,0.055430347465628596,0.12506080901090053,0.031820039603916675,0.04012992560250248,0.03285766023170063,0.10641421838500682,0.03921020595562474,0.03390403474961876,0.06385154392103295,0.04751514289833745,0.042271853764187774,0.03413999202391817,0.04094349534386598,0.04018948746076039,0.04573118631294335,0.037575102923326976,0.06323274479238523,0.04828398995567055,0.036530556228982186,0.03490766336968972
task_te000290,0.02456926777576275,0.03157795342840772,0.07102513176664943,0.05811908354910332,0.017772290091980815,0.0842074430238548,0.04432539019975453,0.04547450703444277,0.030051000195560024,0.04524064830763752,0.09442891346149498,0.07191209270713902,0.027981661506313225,0.06518576938449644,0.029091716254353174,0.0251436946210845,0.019005761931509154,0.06458826945428114,0.11208768066920036,0.03821172463697414
task_te000291,0.07560344018343268,0.07428827740692918,0.027981731882399743,0.08086468458722995,0.06690548260171222,0.041999512171800354,0.0411146509291274,0.06126190641262195,0.06482605338290437,0.040732119737231204,0.0791715790964877,0.05698304123086596,0.02338487835809728,0.06931087953389906,0.022783360915129107,0.04865554806591484,0.0122990707293876,0.06352675558044495,0.018917410513925294,0.029389616680459224
task_te000292,0.06672672745498417,0.0792803913790503,0.04251431720925102,0.04611252505372415,0.058746098246420984,0.031509579368589474,0.042960827474130193,0.022749915314107905,0.07171325285703943,0.05816636967716189,0.0676270987099512,0.03292180276950267,0.025351393425310724,0.05143851436243244,0.03655078489423112,0.06610334574048866,0.02608555935325982,0.0609951411709365,0.03175892218255544,0.08068743335687192
task_te000293,0.0521525150280735,0.0347964064482314,0.03205999188652345,0.04607861312028337,0.04721445250987549,0.02927809512971035,0.046056735256821656,0.06854547840416947,0.02990789403628517,0.08719845062951097,0.034897700416617765,0.043942496829575996,0.04729468049449572,0.07299953929015181,0.03986665849665875,0.055564284692364255,0.05087265924030161,0.07416550581471913,0.03215725623539828,0.0749505860402318
task_te000294,0.04936510591182939,0.05728918365461088,0.05791431197311808,0.042736707422234115,0.06575598087232883,0.038304913578717535,0.07273141246697169,0.05042245657333348,0.03332600093856859,0.04607732617456247,0.04598376564952983,0.0812921437108879,0.04596943386875261,0.05611359477855447,0.03803028295329958,0.035579302562719115,0.044547892920239224,0.03612001486952724,0.05130145707529909,0.05113871204491595
task_te000295,0.047063457736252645,0.052261502341917856,0.04905674778025242,0.048780281747686165,0.053291824712197566,0.048233475231018806,0.052143554690368785,0.04934271560747758,0.050515970874261254,0.05173383241642977,0.051033166867764115,0.04676768181138214,0.05141999344743253,0.05114918379078153,0.049324929987882696,0.04844350250367264,0.04923177175997253,0.0503867199742603,0.04982581467624108,0.04999387204274776
task_te000296,0.05142257254959294,0.04864942317613222,0.05182925300313027,0.05073299369012514,0.05034227435978838,0.05117853823523329,0.052903667465512186,0.04857327238586684,0.04987607596017621,0.049539736928999246,0.05130108537169946,0.04853455989723622,0.04822453541604518,0.04907491852312015,0.04931627882751611,0.04923870497690598,0.04845271579551349,0.04774839686259162,0.0513614739254564,0.05169952264935866
task_te000297,0.05020752379949435,0.04251059811444068,0.04469059923855369,0.04079991940934588,0.06123628057074816,0.05117191982498872,0.025820086211885904,0.06731875018292172,0.05049547416590845,0.05404133889181705,0.05326323380145559,0.04518863741241391,0.052223264951564874,0.05296626318529774,0.060839581500829555,0.042019559813561536,0.057306236581213296,0.041585207793122074,0.05127909833396249,0.055036426216474435
task_te000298,0.05195146022996942,0.05055601839884059,0.04997698818566318,0.05004069215099778,0.05300486961989437,0.046538191526204316,0.048498792462029795,0.05031296617130719,0.050979520885448125,0.05107133504730603,0.04642120788432774,0.05019504574990727,0.052461772158247086,0.0495633852927996,0.04776174181872496,0.051496504069977925,0.04979271513034823,0.04874825543270499,0.05027495291241459,0.050353584872886756
task_te000299,0.05116376911828338,0.04914778476465386,0.05062901082103768,0.049432494773771325,0.05108793559875842,0.05038818801920095,0.04818658686156705,0.05053314092625624,0.04957706744317011,0.05069930896286151,0.04844156579445061,0.05034690540517373,0.05041452155280197,0.04825120557771192,0.05055142515432501,0.048954990700510716,0.0519185354424153,0.04953708388166303,0.04933583111878943,0.05140264808259775
task_te000300,0.10924246954613318,0.020500620831115555,0.08206769063444055,0.04796602891612701,0.08039265793127152,0.030341815851515467,0.061074603560863194,0.023122644603087862,0.058158401038900014,0.03417688658605561,0.026235720660646177,0.13938299334473564,0.03161938882649972,0.012486488958207025,0.054903067425824355,0.03153371249735762,0.05114382958989858,0.008764667405289415,0.041391743442995815,0.05549456834903564
task_te000301,0.049941289427231805,0.040207842589697555,0.030768412052490517,0.02854756430205965,0.05056015396391573,0.07467946476542907,0.049203409685500195,0.0499987053816811,0.01435623394376843,0.0407696325865378,0.05356995437700717,0.042249332764289625,0.03816625977643275,0.024374591081414234,0.1503940976156038,0.07574734991570134,0.03649094552504453,0.05724749193125049,0.049337996088152786,0.043389272226791516
task_te000302,0.06551234165078788,0.045870655937748576,0.051205858167019606,0.02482819292139234,0.0369795803316092,0.03999868640037591,0.03530295718912568,0.036706324108382725,0.054528085817354376,0.0647507199142577,0.056427668814069784,0.054933616952950244,0.06652569372844004,0.059721410415958215,0.03517093932721961,0.05908562376561464,0.06147684602734162,0.03887610343234356,0.0411563427608137,0.07094235233719463
task_te000303,0.055981821729957464,0.05588408256238265,0.14567164473154456,0.05224869764195807,0.062228760995596946,0.024647702715303935,0.027709681005612045,0.02851981986614487,0.025547432335233117,0.030684409445227333,0.08744452952381515,0.07151049590980857,0.07965002358226908,0.03853290865865238,0.024847427510342416,0.041955614585991126,0.05100671031253115,0.024580430332350453,0.034937694857484575,0.03641011169779423
task_te000304,0.03939446770892806,0.0481485149944679,0.06964641465840331,0.04166652552245183,0.061802941876126415,0.04465105025477686,0.053565326713624004,0.022865821088174348,0.044017740811591245,0.04954242132073415,0.04421470514148153,0.03995083734557737,0.08620791627161671,0.03765004325209056,0.033285923823102095,0.03976993852033739,0.05564266180645984,0.04649190436928948,0.0563445701708779,0.08514027434988901
task_te000305,0.052534679118788605,0.042586908332038945,0.07375029417703075,0.06242176261576758,0.06377831972495338,0.05378371862050086,0.05754611118496947,0.04152288902848228,0.051657683529284,0.06381358155497138,0.03213315071082046,0.03518951085056226,0.039858143466311106,0.03538736358798537,0.03766602285372049,0.06763700411854376,0.04647370917044698,0.039351935987389466,0.05325800884680106,0.04964920252063166
task_te000306,0.02761900643993059,0.05677400718386771,0.052355960162734284,0.0333751320564066,0.059200637989560274,0.02426843577835473,0.06985426602531827,0.07532712386378808,0.0631293194780537,0.052948934689874896,0.029974782598552865,0.062349877794977256,0.06227115316189103,0.03650509415789549,0.036400675760791666,0.035574858047073936,0.06620107852127638,0.05998071656245433,0.03797426637557264,0.05791467335162535
task_te000307,0.049185349695452636,0.07658347450884019,0.023276036033762524,0.09185144913722387,0.017156117269734997,0.05334713260988936,0.03579227531367361,0.06099836318760671,0.04775892027240747,0.06018184680184314,0.09430917641776977,0.05937349430972408,0.029283231624760292,0.06472535990142228,0.032487981065369737,0.01807392549221571,0.05741377726888767,0.06916879537203234,0.021851776456441284,0.03718151726094235
task_te000308,0.049299537024302675,0.050469432813771364,0.0410256013895333,0.05264282775278923,0.06237039411892318,0.08242143896271129,0.039614303032297245,0.041155972786724115,0.041633569951404985,0.06124629154447654,0.04704548711606975,0.04522312998378892,0.07431993811188561,0.030355308171835266,0.04995588789145472,0.04121984832051165,0.0390401611715508,0.0481740158677879,0.0404237657943927,0.06236308819378885
task_te000309,0.05421396469483769,0.04660539406940379,0.05011296835447748,0.04906626883141462,0.04786380352477412,0.052638504738818405,0.048622012734964574,0.04893125739460645,0.051905766404396335,0.05058615072651716,0.05205503671088557,0.048930606838060504,0.04754648956848619,0.05010312358195,0.05221554354581939,0.0508958772207684,0.05041832320479058,0.04673925949407482,0.045787650035971,0.054761998324983144
task_te000310,0.046427008660418614,0.052075619605978306,0.050516165645318294,0.050253470351494946,0.0479677718013282,0.04780944001228676,0.04930087789581023,0.04998068676939043,0.049170621571782654,0.053061601120758965,0.05020194768286442,0.051020941626181364,0.05575288406782641,0.048954124168490584,0.049899525116986,0.05068569457604533,0.04729608336486717,0.05209633677784446,0.04547211704220536,0.052057082142121625
task_te000311,0.010653761240905937,0.03186416712354057,0.03738131765879823,0.02239645609171419,0.02209916452167027,0.03367128014978185,0.0381096674892522,0.08714508854012001,0.037076695054751974,0.1378663186814085,0.048251864375625474,0.021192498533038406,0.02259569772860074,0.019832928571036173,0.03543088605952686,0.020018907069534637,0.04594214962432198,0.10061438829991415,0.19289536599772222,0.0349613971887355
task_te000312,0.07028817092073651,0.0743327568081629,0.06937891157778205,0.03011058111059978,0.05314877584516709,0.036978134226813474,0.03709353701453252,0.053173880308311855,0.054783186347087995,0.026807885693576505,0.05514134370686919,0.03252102067347197,0.0707911987286154,0.03330917403979234,0.04552100373660161,0.0297136492592182,0.05582808834869037,0.029021570866737043,0.05199346460534325,0.09006366618188999
task_te000313,0.05902762968288091,0.02744837462688889,0.020597620564225358,0.10185077400724205,0.07780342975480731,0.01880439189850363,0.041805378287179694,0.03451064957638416,0.025340255347769895,0.027977649718868413,0.06358315770867609,0.04459704729049286,0.0610852244830209,0.03667470093064963,0.009844411840556238,0.06332080642944447,0.17249673957903902,0.03497585132229692,0.019577236808624963,0.05867867014244857
task_te000314,0.030135153701372725,0.04763636975185289,0.07408726675738152,0.045192539422061896,0.08744606091466077,0.044687317162923436,0.04297702884772255,0.08435548932289615,0.05975398505828725,0.023154745408459847,0.05822390111755411,0.030267729959001097,0.030914927750881022,0.03796487236382841,0.05668671586835531,0.06824532441888458,0.05020615204411561,0.04093552438947559,0.04232014527381844,0.04480875046646687
task_te000315,0.0472043785360158,0.07189578636362948,0.04753487040083968,0.050466167983520306,0.06450927708531135,0.04587988702451073,0.07046229526086173,0.06880773961794978,0.057312946048099396,0.027759060743291177,0.02657060350609977,0.06260680669341744,0.04007221400199376,0.03693648965588972,0.04357582986915138,0.05644828626980217,0.05324951659616678,0.04926250661458994,0.03543358917537828,0.044011748553481334
task_te000316,0.0711049209083033,0.05376440770384029,0.056567223085780806,0.06674318773020049,0.04349484152723645,0.04054817155292897,0.07444459715197745,0.059166635318824365,0.08140728501594359,0.030681678262080878,0.049726003054911656,0.047206828442694755,0.0287789812588721,0.025736916184331562,0.061515976835412836,0.05570532097190874,0.06330369674500051,0.034920315471456215,0.02975891140042314,0.025424101377871718
task_te000317,0.052600530152823836,0.03229415558355356,0.057632012096462494,0.0500924335497014,0.04687163524622967,0.06462343569819239,0.06383913894643659,0.049776301523234874,0.024881687305465184,0.049115496580554426,0.05450172047268297,0.053834185290138475,0.06983443695097212,0.03692138655285719,0.047095771478573564,0.0625949404455131,0.0755474743902368,0.04074389991955742,0.0424277310140436,0.024771626802770376
task_te000318,0.04618120297237892,0.04999341208298906,0.050654843566582876,0.05176802306938868,0.05060859432162469,0.048046841008129844,0.046912732140285,0.05217500850631091,0.05202219655279004,0.04723024775606493,0.04889199191166015,0.04905613967054684,0.051643255085192206,0.05180457413340225,0.05175126642245531,0.05070572749887806,0.049440628967113306,0.04899191117826173,0.04887018907279994,0.05325121408314527
task_te000319,0.07106835478312053,0.028634756166457154,0.036833762646175,0.05603451535300224,0.0499970883693709,0.04572242434858582,0.03493991404394446,0.0712012050157062,0.04864954295569543,0.040692831736573704,0.03156457293187518,0.045516056334651944,0.0531852612584886,0.04444787669778845,0.040272069883897775,0.053061088685379454,0.0481566862437765,0.059773013121031775,0.07777753486967942,0.06247144455479959
task_te000320,0.06753696081213345,0.055978824439154355,0.030677362368422726,0.0818883084672711,0.054783491421726414,0.05605488560227141,0.020544140041269945,0.09583814711925058,0.04322606044066867,0.07318507236894466,0.022601605699024925,0.0231649376633656,0.0572418739703981,0.05596428988459632,0.054305580848723126,0.031724871343557656,0.03809345556914435,0.030767650425912854,0.056994774177229646,0.049427707336934114
task_te000321,0.03582690151307813,0.035188053801794565,0.04546808913105184,0.08211010712632044,0.05253122353174672,0.03505673103741031,0.05802994890862157,0.049719801687625444,0.035644502328852926,0.03253672684465074,0.04258386820178939,0.059923283592032944,0.04417864946382856,0.04133578949913872,0.06158179129088939,0.03485423560861717,0.03920486859660564,0.05880680955789432,0.07906138181241337,0.07635723646563776
task_te000322,0.04346786532979119,0.04953785762934302,0.10314634416555328,0.04686102582672799,0.047382956915952325,0.02340633051062636,0.030498432947931454,0.036769535044084284,0.0355977774557085,0.07742922219991588,0.06408790081210695,0.016327777133442398,0.07659606011688765,0.02593909011878317,0.05691309336531873,0.05217232675258474,0.05718189070276931,0.07770701062042223,0.032766972801995156,0.046210529550055265
task_te000323,0.0797435062467961,0.05797548991525678,0.05870631778626286,0.0437721817379325,0.044864980513361595,0.036981689338579114,0.056868090986481136,0.04558393808470521,0.041302628878277896,0.03012676955242103,0.04525171820373357,0.033595361795846115,0.0369555970276683,0.047107867106996645,0.06979199280907032,0.07111278629322967,0.04664228089683124,0.03519775258465891,0.04626029613224999,0.07215875410964108
task_te000324,0.05457638310155488,0.048450096274639705,0.04770338341846864,0.05333569983670546,0.04904223087194722,0.05179851601849269,0.04997953891417743,0.047952250631319984,0.049332958483721524,0.04991579392316369,0.05170164321859294,0.0478805642322208,0.04970210062343462,0.0514876260568497,0.05129823452349337,0.05087890982931721,0.048238393045114104,0.04823289080723052,0.05081444218007568,0.04767834400948
task_te000325,0.036589006679195686,0.055468201390644845,0.04686591231459303,0.053079600635364155,0.037466381909693376,0.0655318437754368,0.07165289836469853,0.0582499590704635,0.045561287099541097,0.0663136714967883,0.04276844959528331,0.04515382102473391,0.030818825349500593,0.04613550084460881,0.046397204044673006,0.04438636469260983,0.07103774685769303,0.03668583526528277,0.05861851775582033,0.04121897183337487
task_te000326,0.020816401820602168,0.1760035800221401,0.025315809152845672,0.03288511099384198,0.03606141392280795,0.0485270036970069,0.07831882800483403,0.04055794040023888,0.028420516158737048,0.05305661135122893,0.04252737783092137,0.04037161727168374,0.039638609465366084,0.02014370028228711,0.09817770103492383,0.026817922886850285,0.0416495734897117,0.0660418852300406,0.042987519653506535,0.04168087733042509
task_te000327,0.02939756969381561,0.08119272949153798,0.028411204397668803,0.04860600903431255,0.06658194292470794,0.047856881844001685,0.027550009317022502,0.06408859911001898,0.022008859011202107,0.0641336351589436,0.057718797922160746,0.03728622881953888,0.058445577792806715,0.06649983372472534,0.04821489763762085,0.05044153508312362,0.08274178536592786,0.031951744509451485,0.03972429852623257,0.04714786063518002
task_te000328,0.06621841151430541,0.05415120583191484,0.05309391109683173,0.04029527320422079,0.03557496538741969,0.06676464157031452,0.050474158948751936,0.0579980401071889,0.07208329143106011,0.04190142859188321,0.05775101807986769,0.03644034419791483,0.03671626666108488,0.04202789638842806,0.03444586760827568,0.03466758168601718,0.08311756922288734,0.03546410042296599,0.0463657084214462,0.05444831962722122
task_te000329,0.049200628688332214,0.047735288506368136,0.0503026344625758,0.05134946899861357,0.052323742672708694,0.04828474818599998,0.05013617815055657,0.04499547202704046,0.048802240020182144,0.053047511184940256,0.05103748097281918,0.050267461269422546,0.052060532626345135,0.04893017288328478,0.04791752484203662,0.04841940629148581,0.05125259671835874,0.05149145051518448,0.050328149678583324,0.05211731130516157
task_te000330,0.04641017696191236,0.05098821881998373,0.048901646402350694,0.04907368051428472,0.04700755800469035,0.049803240585381,0.05002434192063341,0.05221151622465532,0.05071171333419064,0.05057106440676611,0.047179401288634994,0.052135739421726154,0.05217357604035823,0.049720555346235706,0.051443974840162845,0.047055163100492355,0.05047282612156121,0.05146781276696313,0.051304963556983094,0.05134283034203392
task_te000331,0.05251115730645156,0.03450796348298365,0.07311007205027344,0.04253320077104523,0.028049566071303707,0.1580632299345686,0.06801492780633804,0.06732734367844208,0.048303126388547134,0.04156577138167404,0.0568517390044721,0.05090256917731172,0.018194635249803234,0.05754710537887884,0.03419087190354098,0.030049334956920127,0.010436169381600574,0.03787138395868915,0.05671230738231174,0.033257524734844175
task_te000332,0.05739562797186026,0.07340911751145555,0.06199018755862373,0.040721376959317476,0.06838083513323592,0.05028181019807638,0.03347020432196724,0.06516822488075522,0.07094077977631139,0.052319237379613054,0.037245307022497405,0.030130577907379906,0.06455126068005544,0.040971699468787676,0.035266274894758726,0.05079309413772209,0.047308289212302845,0.05029019723604269,0.02730768261235725,0.04205821513687975
task_te000333,0.050505415319484964,0.04802721164476739,0.049068598359255707,0.05132140947978126,0.05002229659956678,0.04971668123283646,0.052674036423903545,0.05048841528078795,0.05280969937236973,0.05076445820469403,0.04832744337041875,0.052258297871719664,0.05024419234934314,0.04905697480739339,0.045658343950345015,0.05189563464215584,0.05018270377160335,0.04743188555064417,0.0500154541933086,0.04953084757562036
task_te000334,0.05005587450958706,0.02510854756189869,0.03812119033959977,0.11799549954152097,0.04788539675598226,0.059555847228546344,0.05347279254863131,0.04480869133544568,0.05207417247276024,0.03271307617605996,0.038581829669312485,0.08134216764786899,0.053316631481897546,0.06370761806618962,0.020386027826646908,0.0364283044909806,0.038143894297957205,0.07317720113932373,0.03615165242818816,0.03697358448160254
task_te000335,0.030927685720416518,0.037826177895917974,0.05966776969868846,0.023409031207980442,0.06894619162069822,0.025334727145834474,0.09481764410787534,0.03274684844217419,0.03791917270327036,0.033961321915359145,0.032322851395902116,0.08126395370044019,0.039298801471304934,0.03654833100740674,0.025062188921285623,0.0750408779936342,0.04320422888099279,0.08516455524667481,0.09015014042858403,0.04638750049555938
task_te000336,0.049517689100240896,0.05246881412164424,0.048923548713268344,0.0528266571477355,0.04813253720090926,0.048202340595594674,0.0511526465609349,0.049582111417098916,0.04628852579792604,0.05035851638985777,0.05092388506976425,0.045810928253321004,0.05230890760403918,0.05329573238556712,0.05036025539314093,0.046817428159987885,0.0471355930383494,0.05456177634162305,0.04840239872775592,0.0529297079812408
task_te000337,0.05256013519788908,0.06320914307694948,0.07121079490754827,0.04846925106728406,0.0498836109085038,0.050702321871492366,0.03719707792237761,0.03658738238355287,0.04168335574944455,0.04783408886851138,0.04265405708133852,0.06298209952057252,0.05214833058551426,0.05863839342902208,0.04774534031769755,0.0474198987995302,0.050529000935623423,0.04072014668298073,0.036088604669417636,0.061736966024749665
task_te000338,0.04573919575873744,0.04731451035904521,0.04815697051734803,0.048641339689544955,0.049355284264635486,0.07340110433611083,0.061595468930468585,0.051681661106843114,0.036761390986026515,0.04369855928189501,0.05894314864092109,0.045754560219003745,0.04661464182126752,0.04722412785284367,0.038893324144300176,0.04378064523178708,0.05442752209456486,0.06689631582481638,0.054271387488066154,0.03684884145177413
task_te000339,0.05370128394429533,0.047860299531971226,0.0528544818617318,0.04822282997003996,0.050116203850449875,0.047365754861901026,0.0478276708528367,0.046160964230932355,0.04849120993202156,0.048166414222257314,0.05199246342308864,0.0521448145711392,0.04955217144765131,0.049678533039634626,0.04920207889947031,0.050449315845837485,0.05050233936161971,0.052233027396641485,0.051972986060092936,0.05150515669638717
task_te000340,0.05468255006288842,0.08638579939252336,0.07925346132066532,0.030955512113682512,0.02816643837735496,0.035417354380212165,0.030987361977463337,0.059068415354721446,0.03831424937389246,0.06727966386510859,0.05780447668723168,0.02980537161171382,0.054112200943302116,0.02765173250638289,0.06642311663876384,0.056380066767625026,0.03360246817327645,0.04905112034945701,0.042658892159566926,0.07199974794416773
task_te000341,0.05444422320682607,0.04782584741165372,0.04860577535979094,0.050833149364137103,0.05254002928875472,0.05164277965547137,0.05145047460568318,0.04697331905836694,0.05007623987536828,0.04742260476718725,0.04784558651830636,0.05080245624809871,0.04881100054108734,0.051776201208572,0.05186963817262118,0.05109322823965046,0.04615582137382881,0.04806115001052893,0.048636646764432065,0.053133828329634654
task_te000342,0.0418719641178504,0.06273848476264592,0.04032390257773103,0.06332259116707817,0.028064490797174473,0.052140933557678064,0.07560770910607267,0.027706002082482573,0.056607101482673804,0.07134717344521274,0.053397336914063134,0.03562681138493983,0.05819331772102658,0.019283259308887378,0.05615521400325415,0.04707729178624915,0.0737038513529254,0.03333066013008734,0.04999213085219182,0.053509773449775505
task_te000343,0.05065135331481563,0.03829947898647454,0.08103897696300444,0.021846007482161072,0.042405710248729765,0.08250756856122618,0.0683947677094715,0.030592979795927427,0.07512918625555093,0.04266023428218775,0.05610061964864013,0.06054523661253547,0.05336610423189836,0.0612391797029024,0.03015295176891924,0.0389915363939767,0.035313800055486524,0.03251067589672252,0.029329598908925336,0.06892403318044399
task_te000344,0.05045089381373993,0.051756737187960804,0.05006641031504886,0.04636249490519676,0.0525966407479427,0.04958831057454523,0.05005061234697387,0.05357932561369371,0.0508530013073187,0.05259174380375912,0.04912009980833329,0.0491414445617628,0.04957690117340321,0.04830534686065616,0.045647038791005776,0.050403858823554484,0.0479007767354322,0.05298943465965106,0.050141781716722934,0.048877146253298503
task_te000345,0.05069666205939993,0.0393868573292938,0.04843380717415594,0.04313248508209302,0.03400193414731434,0.054804935079296575,0.05957160152707535,0.025221058497706023,0.044725128516671805,0.06895028799908853,0.07024048041913342,0.06581779761232812,0.06331275052089086,0.048879391494438915,0.032197238860786036,0.06273263122904872,0.03213105004391761,0.0536258478793591,0.05812915223232202,0.0440089022956799
task_te000346,0.0559786321710446,0.0462979419022719,0.033868850051523416,0.05706229786087617,0.05053078988130418,0.032305391070662486,0.045909078536607695,0.05010550681377882,0.05569836803533199,0.05911215315460304,0.06308969028593547,0.037874866963015556,0.051402837191106436,0.05827461257501623,0.03225147111736001,0.058140779046394,0.06591917961035212,0.059730046821821106,0.051621762131642365,0.03482574477935246
task_te000347,0.049153515178617685,0.04756864692010054,0.09248551760787119,0.04113993547042156,0.03232282094590664,0.11381418124834569,0.022933417813188823,0.06194384499299971,0.04650809217521282,0.04095564730632808,0.04401925352077684,0.04186129295672834,0.022506952006764447,0.037427131673756955,0.07716761145788283,0.040869047739922434,0.06125741849764014,0.0331244573478627,0.04726706054451899,0.045674154595153615
task_te000348,0.06061487665540258,0.06083585278047645,0.056739636922725586,0.038453201126301864,0.038584589150089284,0.045113348921281604,0.03790883333023591,0.04065406087216934,0.06837623548238982,0.05653280252135659,0.024328799890392647,0.026899633236664583,0.08693526935419323,0.039564778344910574,0.04881379883125658,0.03808271870250423,0.05339704477848946,0.058542513841423956,0.060992795550877894,0.05862920970685788
task_te000349,0.07129721560094446,0.049313204328923145,0.04067748952668024,0.04702251938507254,0.04502778510136271,0.03121585466268802,0.07095822857231869,0.03407335547418501,0.10431900684665435,0.059038282080329775,0.038366159336681596,0.07900614188583731,0.05818788245031332,0.02737173996853305,0.024249830214809972,0.04402870388885673,0.03991009718999941,0.03746720146044357,0.06317441040155462,0.03529489162381154
task_te000350,0.027739038294580562,0.04055921235323322,0.041378598878548216,0.04314031493842996,0.050056906446376156,0.03717471948700833,0.039681429559990676,0.041116330593418314,0.09082335204903087,0.03289127424873869,0.03507971929139285,0.04076281375578487,0.035644146317611744,0.03880514107595018,0.0944397429244412,0.02941551179857842,0.13984698651441407,0.040798310381819775,0.052436113375420285,0.048210337715231436
task_te000351,0.022852235816685378,0.03971365458182852,0.0507122279536819,0.08454901709636532,0.048768093117014535,0.04055700217627187,0.0922644488410577,0.04439772067337886,0.07034199911505758,0.08035415862965223,0.05192659890744849,0.052063749080061256,0.04491814342854569,0.04704406252452999,0.027670565485943086,0.0397133564696331,0.0679630653215919,0.042688061116310405,0.03025321536381385,0.02124862430112841
task_te000352,0.02170641186181039,0.044533266254310415,0.05055185041884069,0.07692120601328839,0.05137990559642851,0.077270098748011,0.07055463684808187,0.025863226854174127,0.0339157743803133,0.07480857957663009,0.052036138140259466,0.02255069100122916,0.014329517615252257,0.052804041503722865,0.045512425840300595,0.0766993134704015,0.05071574859885064,0.03981637444233913,0.04390826965972959,0.07412252317602608
task_te000353,0.06709913786189242,0.07101967096227446,0.044068866958161645,0.03052649676625966,0.05341413319966759,0.06049587342223345,0.030018109097195135,0.029188130300225552,0.055658043872936526,0.08126447494959517,0.05008221715778432,0.04662932575555301,0.05605497438067744,0.05996374951534928,0.03796268473668806,0.03719555492975178,0.03471622074810718,0.024691069624728702,0.05068796743400215,0.07926329832691649
task_te000354,0.039408393715576716,0.03671576084872217,0.09460077296194128,0.03791488762146683,0.04474842236997849,0.03991304884164272,0.030816620926321227,0.041587029297140664,0.035936619302868,0.021713978872032205,0.05431898851854505,0.05706140303623038,0.07350236085289796,0.054376111654694734,0.06275119047293903,0.04020675488484443,0.05150533090698765,0.027536100169483158,0.04164623839617034,0.11373998634951704
task_te000355,0.05130068623958086,0.053611658602586744,0.049651765024945775,0.053752137509104264,0.05181874534711918,0.04552771979063249,0.051784650722184085,0.04664441449632554,0.051910138167822084,0.04973294591788927,0.04675057976326759,0.051325017111633175,0.05045500087327855,0.046485279222521526,0.04904526954329206,0.05073627299667593,0.0491629563398752,0.04886419706908558,0.049664765633080955,0.05177579962909913
task_te000356,0.05092858332440996,0.039773600436267764,0.04542938693862057,0.054364602007424274,0.04082276022974607,0.08701659352981127,0.045495648575733065,0.029021837542359933,0.045562324501226804,0.042866723532019785,0.033601416155329786,0.0839930453219593,0.046319724423097154,0.04747040311498284,0.05708843901471531,0.05131483681367744,0.05631793182481611,0.050058704716534876,0.03912501277652291,0.05342842522074487
task_te000357,0.045327098544316234,0.03965534039414597,0.03681308237734049,0.03640779210074212,0.06377613171457912,0.060641806397365175,0.033070130820805864,0.04714224932941307,0.05866793989449482,0.025192656622742757,0.05992992239650786,0.07656783290423606,0.03985234988397014,0.055729656012603254,0.044999727008438205,0.05095563704288485,0.06026036994298147,0.05507528415818171,0.0610172150635572,0.048917777390693654
task_te000358,0.04564930315615588,0.06088799460665223,0.059706576367626114,0.043467872017307965,0.06837256567813843,0.04568525408773362,0.04935619186847339,0.04460771675075256,0.057110344533465314,0.040803328434988156,0.05956798246932737,0.040214893137279495,0.051009951686217234,0.04725787511681138,0.06969462587339188,0.02235892681953926,0.05411276164391946,0.0461742845552796,0.04261205645224656,0.051349494744694205
task_te000359,0.025909852817640095,0.049106510702057606,0.04921295393084304,0.05026506245079577,0.05220731051972371,0.044698799160081536,0.052266233006081825,0.06149741880280208,0.06112155097749696,0.07766504575260211,0.062069893989060196,0.046584504733165694,0.022110589609038056,0.06158588196563663,0.020724868269073743,0.054761160032532875,0.04801269214605396,0.045966942866303845,0.041408888370648454,0.07282383989836191
task_te000360,0.061145997469769744,0.025991094181304804,0.023623491478066794,0.03761275316064144,0.09864342004846538,0.058336468566275425,0.06686314579523496,0.056706603358603426,0.04312746895349679,0.031767936990925796,0.050519972426805476,0.016995136065563562,0.030335600555383625,0.17583499070051184,0.04168175046379884,0.047372179783709716,0.0313665755024838,0.027710327282571338,0.032286641130300754,0.0420784460860866
task_te000361,0.05906041725606752,0.0711592036494541,0.04865860546434259,0.0394377065748232,0.04736664308109608,0.05935992851147678,0.047047341936421704,0.04396356204070924,0.05477700343370232,0.026608857931046823,0.05906513448886496,0.04248399464632865,0.06271131734651901,0.06305786965773674,0.047672449404881224,0.03446722532510716,0.06044929688213175,0.04239397768123866,0.030656250987503315,0.0596032137005481
task_te000362,0.046892323676768016,0.047658731026043524,0.052398612091735894,0.047272515489323395,0.04977833477186626,0.04913242317822472,0.04856860017704205,0.050573048992553805,0.05015714673365465,0.04960444213377391,0.05161039553114129,0.05279725439217226,0.04979666109151856,0.047697951768717196,0.05234850788832141,0.051892136512791585,0.05089566231340463,0.051733616507354245,0.049210304252476154,0.04998133147111657
task_te000363,0.0185707808758596,0.03347652227707709,0.023040178213871887,0.03896581377410672,0.03967969137869684,0.100000100061045,0.024503882860411618,0.10526206024102076,0.04230076940030721,0.03957301897824832,0.03528916586688592,0.06905765666675742,0.09182598936321669,0.13327328939871108,0.04878159858510945,0.02322362253418022,0.03704822143458679,0.04305232022196352,0.020847323811777986,0.03222799405616589
task_te000364,0.06817211632039584,0.03245858519000742,0.051711172641321454,0.03598643352065999,0.03682699503184727,0.0378321138578167,0.04636727274916932,0.04773403186711058,0.05202976443933537,0.0704093313668182,0.04707780681225325,0.04924763012379985,0.05919546492954799,0.04526504892072969,0.06700068100796314,0.03309382927827253,0.028350469968315525,0.04836950173011527,0.06616673013891748,0.0767050201056032
task_te000365,0.036864438249717905,0.03911930335489054,0.05597374557609389,0.0228734042458599,0.01749645327133978,0.047219046583179304,0.01800022209608974,0.13316542664120928,0.051317874590639925,0.1205030335071582,0.08634613827199882,0.025325723896012352,0.11264654696097758,0.034508287315433386,0.038853542949812615,0.04342553145599657,0.017466922541735767,0.02796464861018755,0.02332355979319163,0.047606150088475185
task_te000366,0.047046972732168874,0.05213603082382422,0.04744167714173422,0.04909933326395788,0.04784841608786203,0.05076365909557305,0.049009185588256815,0.05335895114366791,0.051705768877290205,0.04740459599101885,0.04685455378078817,0.0517030862498849,0.049724379370120114,0.05240291561016976,0.05271777082786351,0.048551168719180554,0.052890725628532455,0.05151226287792516,0.050184773825352906,0.04764377236482832
task_te000367,0.05222123995465477,0.04795625213306641,0.010879325951192356,0.007280969212634035,0.05378375835499286,0.05060758173224543,0.010126876976825492,0.05080202921068029,0.06465196816991164,0.04848023976854649,0.04388612267317508,0.056600505374140415,0.05426674224771805,0.023558236252054613,0.07943892137400747,0.06745504234597796,0.03845342129664427,0.05092793505670949,0.04520266221091868,0.14342016970390417
task_te000368,0.014326528918294374,0.05305996336286462,0.03756881229588187,0.03948208503610803,0.026636513086644963,0.12417352798139193,0.04614733623381384,0.08240580467353781,0.03866300718226681,0.05735841978856009,0.05680193427125763,0.04229945413599761,0.02791563253561629,0.05747611422287497,0.04854584515183691,0.048792382198163335,0.09037125355485658,0.05277736922843117,0.03461161449674846,0.02058640164485268
task_te000369,0.09671221019124204,0.038525628538572006,0.038700707288183596,0.036643354109962986,0.04322007761911121,0.048408829595396566,0.050012580630395674,0.06193699189494662,0.02350760396683502,0.05035096350771021,0.045358747468923044,0.04247853677737644,0.038738558728105506,0.06864643928456189,0.06536374712599091,0.0308851488800659,0.11121427700869477,0.034284610885078774,0.033503413300633854,0.041507573198212966
task_te000370,0.0636880761925175,0.03249868140793612,0.04244384380432329,0.026196809375858932,0.07096308641499177,0.040803856855426354,0.04419177681307411,0.046336079044904915,0.049700572553401594,0.04395384724187669,0.05042589818763092,0.04008025610097143,0.03956085257685207,0.059480002332382126,0.04502271594177521,0.03535907040173253,0.06533359836646555,0.08614804694805979,0.0504861118757523,0.06732681756406689
task_te000371,0.02500162432278231,0.0265007657257607,0.02546586454168704,0.05168099884314614,0.021678204882094775,0.019615348354050557,0.0975152350263984,0.13035792640114904,0.05336406627963672,0.03059687284980987,0.02721300729827408,0.0320873536360304,0.02168825147904179,0.07093737946589002,0.061332216112866496,0.07667030469875524,0.023503902967049788,0.04659129908212208,0.09182083321037006,0.06637854482308451
task_te000372,0.0476961039637946,0.04855026467339177,0.05248395440264514,0.04624233622063491,0.050145823627382166,0.045837416958072245,0.05374161236528229,0.04972289161020803,0.05172178994516252,0.04877544888048452,0.04724279579060988,0.05386533729584812,0.049925704011197315,0.053519626404777865,0.05096630760386243,0.04979952575286219,0.04961704630218463,0.05295735632262737,0.049395046086954976,0.047793611782016944
task_te000373,0.0958562438272411,0.09641037462273389,0.033383276166470084,0.03345839900350998,0.07370771011220542,0.034774272314956126,0.032391292495919155,0.04737255224779351,0.06275744999382886,0.02175494294571602,0.033123925390084734,0.048443508897105275,0.06757582717523365,0.0445636538265169,0.03918855810630045,0.0605843970391218,0.038590295384719864,0.04510655730197563,0.039371313431017234,0.0515854497175504
task_te000374,0.056525842503142444,0.04268875326776271,0.05019092079989262,0.0952493629569181,0.04805739874769173,0.049748370640242075,0.03384115290946561,0.052939148806182675,0.06891019384981757,0.05019999972097614,0.0662420506943299,0.04405576151024015,0.073684013145903,0.0425375851109298,0.03734895561281721,0.032256806154340276,0.028318363829959305,0.04766165745364761,0.018468374640489168,0.06107528764525191
task_te000375,0.03033759432910888,0.02170302117643068,0.04995829278705641,0.02032088931909782,0.07373509922433402,0.03288228840052839,0.0691545643319519,0.07695824673291748,0.042939449041010616,0.07189497325509897,0.07030625049895553,0.02795056462791563,0.05110303174609158,0.07230872574344997,0.03447648919200424,0.051116459425117874,0.03888673062144779,0.04946078714159157,0.04727598475490111,0.06723055765098972
task_te000376,0.05298287744727856,0.017936195266838616,0.06163542288884548,0.10422088809035922,0.06014670002425134,0.05428703338559496,0.056463155549704325,0.031093389280226865,0.06501540124729607,0.03475800777112116,0.03541615923987138,0.0569158779390931,0.056170881042719584,0.05700750698862117,0.04962483676024561,0.031783609149402134,0.022093840641686045,0.06902749566326544,0.04054022823300678,0.04288049339057217
task_te000377,0.0617444742201797,0.03892235079442934,0.03296713940265203,0.05889008874795757,0.046498023245237295,0.04582892755054566,0.05261655883961944,0.054645686457465203,0.05661334697488725,0.05069139149477098,0.05879176245285274,0.04634147166364216,0.0367435418306214,0.04317237232047298,0.032491169564778676,0.0656547790945555,0.0773188566080302,0.05225119168251917,0.05580029614338983,0.032016570911392844
task_te000378,0.044444902789204446,0.0423039917509282,0.03222127926148022,0.0306887256392581,0.07121634843679682,0.04045915208425201,0.034680816181729676,0.051538616260990426,0.06488012550569588,0.049830646953976626,0.041665325791782254,0.052322139204647816,0.06510629294875031,0.0484769720196558,0.06455138217319983,0.06905801869223889,0.05585697527276636,0.03183898077388478,0.036882650215969516,0.07197665804279219
task_te000379,0.05175463718608518,0.04948195404944501,0.04071787436762988,0.03675021227183543,0.04425341471543334,0.05923973101966114,0.056050235123581774,0.04621873754741514,0.04602496275524193,0.02354799755004151,0.0995880409500364,0.07266916760744675,0.04067344900798076,0.03130811761119105,0.07329702815229604,0.04957451491818187,0.07291760528586798,0.027695216658030413,0.0408348433958866,0.03740225982671166
task_te000380,0.048443526185992535,0.055994147094841996,0.022150435450298767,0.03584653668245329,0.05790981787254473,0.0663021231922538,0.04033917083455409,0.047966674253108965,0.0405593943851908,0.031991387506718046,0.03788366124023858,0.0766764778265049,0.03628166817104342,0.11562556013348406,0.04631936935662735,0.05781543117887194,0.038137367422151264,0.07285584402918782,0.03135368942139586,0.0395477177625379
task_te000381,0.04913018705950124,0.04732163361749034,0.049289772257370267,0.047635726053826793,0.05160380408922195,0.04731677060882017,0.04643735198488764,0.05316955519565764,0.05004559614002826,0.04720078145568825,0.050098132357621526,0.0502432742665225,0.05048598437826043,0.053094316122828604,0.049581856401346054,0.049907857408402666,0.05053601824191745,0.052136536205568705,0.052610571982117126,0.05215427417292233
task_te000382,0.03156557225257323,0.03643585245031744,0.056168907186676005,0.05009952510609462,0.06670059966703752,0.023861671460853353,0.049366458910783506,0.04280836660479527,0.0457480017409407,0.05703742200269417,0.05729371824405557,0.04659364808345834,0.053319275559494866,0.06433243690051683,0.0472181914648222,0.04115754973586002,0.05260880468799468,0.07237232115160001,0.055905190710788755,0.049406486078642994
task_te000383,0.04968905437168502,0.04920771722469957,0.04967132865634875,0.04626042963281992,0.04664912997894426,0.0465205704141921,0.054333273707706395,0.05288952497399451,0.05422649971581457,0.04609235111663871,0.049787775459320255,0.04864492215945677,0.0536299989931265,0.04866048053530105,0.052419262920824126,0.05442769819784403,0.04554235707762633,0.050748883844755836,0.05217009201871135,0.04842864900019003
task_te000384,0.039356800820329864,0.03557956210129674,0.07205053569776874,0.05666782213381318,0.04671671429663459,0.06135599452343116,0.05944548182427898,0.03842191791871998,0.03571587993684713,0.06834445301594654,0.03834030473149166,0.0432902649109243,0.03589608972266163,0.06751052400087655,0.039257459976937976,0.03497378811001473,0.05251090858053487,0.0420555046520027,0.055265909353252755,0.07724408369223598
task_te000385,0.053647360248805016,0.042926788280386846,0.02301320241935733,0.049443334887769294,0.06684213574456688,0.02855887183384968,0.12300933484240192,0.019737712980435158,0.05351263013392584,0.0858273922163632,0.0360598117836054,0.026616273203605968,0.051069869608315936,0.03991623735902346,0.053516351161858225,0.12822234459555418,0.017356054245742887,0.03485272504900672,0.04218840399857661,0.023683165406849387
task_te000386,0.017843450719858198,0.048683192694644974,0.05976739813961058,0.06495357780702753,0.07301725916979242,0.022800211322946077,0.06447929899990075,0.031235866432549914,0.08799567863017674,0.036083757404878854,0.07929343531384303,0.010120730433741176,0.030708103213006644,0.10736731517101045,0.03081911402364524,0.05135024994874989,0.05807665061422409,0.031051695833082323,0.06735524857860761,0.026997765548703468
task_te000387,0.1285021755557303,0.025918064977215598,0.0538048796786951,0.014154766054669891,0.01611023779974243,0.04969346140807418,0.05635318086111841,0.027416243181917883,0.03643030448724129,0.08262140306181713,0.018772418325667402,0.0624974968270804,0.05050792797500316,0.027570691522115623,0.03589703162365896,0.022113871498933794,0.038956245521801054,0.07190433507208625,0.12575121298068603,0.055024051586745074
task_te000388,0.06278710984054416,0.03939762236619732,0.08267560933933635,0.034021618010517195,0.03674152514532932,0.05740891457676713,0.046432692334143426,0.04411667863370664,0.05354947815813029,0.05981631001165144,0.032550964135496796,0.058332551148042755,0.03848032988083262,0.06238635190332111,0.03984156051384673,0.06199675449699009,0.05515232491228693,0.03849522760930733,0.04812942736849822,0.04768694961505419
task_te000389,0.03648470465133108,0.04680305818821909,0.09998841642847711,0.021041374239112006,0.029178776183803785,0.048915156836498996,0.11058255513378903,0.03276294848044365,0.057899311960699036,0.024455346501812265,0.05222891330635233,0.02733681071597488,0.04486078994069991,0.04234899146121234,0.05467678874324235,0.04869873669689605,0.03910788954206439,0.04640156354561071,0.07288266206363328,0.06334520538012775
task_te000390,0.04580134543520403,0.10186858649224792,0.051901959472368045,0.1035765700492684,0.026335198757361677,0.05558447921005768,0.033307163922289086,0.03894899827349395,0.059373602629989614,0.03313361737832188,0.04301584338679622,0.018833595229818388,0.03321275037902499,0.07299032874389556,0.04489141457146155,0.06255249110386978,0.049858444952606766,0.05132949753538795,0.04080347496853013,0.03268063750800658
task_te000391,0.06152120267024714,0.07957883600678853,0.04160635536140074,0.02136682740226816,0.06277588998590897,0.039923282005133245,0.021462868915557563,0.057619284928008364,0.12414622199063517,0.02243767029512642,0.01604371360296377,0.01749284889357899,0.07250624008339425,0.08276136429383299,0.052118436062414744,0.05147430924761252,0.016856637232185157,0.06336828166772386,0.0395666331673142,0.05537309618790508
task_te000392,0.06297650398268367,0.10189656083652622,0.06414285298200946,0.06220863966824542,0.025314574907331477,0.04063266001385786,0.04914803494208135,0.026339012547211875,0.05126330296567758,0.04276070448035272,0.028720049560437413,0.03438634956170771,0.05821235862540301,0.06828805812846168,0.030911728473468875,0.020073555314441043,0.05524172825302936,0.07414889687393973,0.06443081789195917,0.03890360999117437
task_te000393,0.07024458250599092,0.04815328352209902,0.021888798128409073,0.05556425880856519,0.06862530924769417,0.016339557436140222,0.06515628209487262,0.05024292338895781,0.05409632642425047,0.050654942401384406,0.047156133050023655,0.042882990243354895,0.05716369534006991,0.09739295327709163,0.013810055645972607,0.06293850736912301,0.03850804224633883,0.03218505373578383,0.047759010202014174,0.059237294931863735
task_te000394,0.043652988337095744,0.019103049930950182,0.04224987843708562,0.03968446818046545,0.09717097487032662,0.08524589071091182,0.04886475385959756,0.02665643967191859,0.020189790803429124,0.06021950190745171,0.046989256958169766,0.023028384975992165,0.05430487731297329,0.05915262790991054,0.08459234258987088,0.10104549459423984,0.027397900204202616,0.03413580423930947,0.02833243568282375,0.05798313882327521
task_te000395,0.08652322943431344,0.03516406590229655,0.027136576291666097,0.03844527466335527,0.04564956149161885,0.096776627798687,0.04576828102579187,0.03601577815105354,0.07163190466111774,0.0672760562593532,0.040670536802040434,0.0837012497252421,0.03053817285471534,0.023287862824983636,0.03203231025056443,0.09071570674354999,0.0324523534891869,0.04894373103370452,0.05022695435100323,0.017043766245755862
task_te000396,0.04256340512572415,0.04119186307216188,0.04041931335697215,0.04504403173095294,0.03960551412459274,0.03396096884494705,0.030957138180569357,0.051754658200510735,0.02549094550046141,0.029163054777275946,0.019251883361190172,0.11943889373567664,0.051173687850631075,0.059720781439515924,0.06264594395925446,0.04685925817278503,0.06806875993690141,0.04272389809132801,0.09252023508981218,0.05744576544873662
task_te000397,0.04348066274744888,0.034907513808702294,0.047849626207369586,0.08609864307736886,0.04232855784597009,0.08379860141452829,0.04335017326153396,0.07410496674896183,0.0537263651419645,0.03575702596128521,0.05614316467233929,0.041710964548295225,0.030783318560416086,0.033411141421777715,0.04150273994993752,0.019327242040191036,0.01945469127828019,0.08655865535733731,0.06807877305185304,0.0576271729044392
task_te000398,0.05656584968650911,0.06231134461920068,0.026285154326167452,0.05315840573770251,0.07785544678552347,0.07574724322667639,0.06883774896026185,0.0707333674149259,0.04828803902607213,0.032371927868468334,0.02850511372942067,0.02465379786382652,0.03151604122419962,0.04456938997368403,0.05429300546582275,0.0564926149923435,0.04909629764346891,0.04437487557650313,0.043624220769140125,0.05072011511008296
task_te000399,0.04542017951146798,0.061764510157397305,0.057282102945588796,0.05101693815591034,0.047327428866768405,0.04208762699002284,0.051480309660593665,0.04057169545422531,0.05119186447261016,0.044204570412094434,0.036965435057077,0.0647268485655184,0.042583373422312686,0.021641273966567464,0.0857522635390176,0.0532263811384914,0.04624872102305065,0.022263952517774743,0.0651121201018512,0.06913240404165961
task_te000400,0.08456693865325075,0.09319848938628343,0.09698495211264505,0.040884227153528054,0.0687315206244696,0.019029616692334828,0.0357471362402089,0.05494738928688144,0.07198567223389125,0.028201700958722143,0.03768234003193319,0.043469991491533376,0.03770475658912088,0.03720582733792898,0.060366535345181195,0.03505750735641855,0.04749005640350112,0.049776944254066126,0.029375648533374574,0.02759274931472656
task_te000401,0.03532173914628049,0.030340063326663523,0.049778286829275945,0.03353691016997701,0.05723947061260316,0.09371373287062035,0.03881026072106158,0.07838126169906376,0.05871593045715521,0.047132528883885284,0.05504714544336794,0.038485470530788296,0.05030294219279295,0.033898902556328755,0.061569221928119915,0.05434247146762122,0.053053626176862316,0.0546847816547361,0.043833219922011335,0.03181203341078473
task_te000402,0.04948173571092982,0.04878042614401377,0.05163392065798416,0.05185976652972465,0.04838928846392489,0.04929030093685937,0.05024628922847317,0.04710916631688289,0.047257332237474615,0.05599410147139061,0.051504167019985905,0.04699126309983393,0.05111998458212634,0.05010537544667904,0.048077266948323184,0.04963066151175349,0.051529307745945954,0.05144218691637296,0.05152046226235742,0.0480369967689639
task_te000403,0.04672370479565448,0.05988584152153343,0.058075557351974595,0.05427468769006816,0.031808683757690685,0.03749732051994656,0.05905414173567325,0.04691165036852721,0.033491577119578814,0.10067105536537528,0.04342362041425507,0.043373973341355496,0.08912429145911827,0.06309587961736308,0.04097173778983161,0.0383525262221481,0.03775067778896235,0.033877772858931524,0.05375968129075238,0.027875618991259787
task_te000404,0.02000095898348854,0.05654052892181448,0.09554724267118468,0.07272685184460329,0.041686758069932925,0.053460085976891475,0.04692194990632941,0.06538394980356431,0.06211725571962028,0.03135251347681835,0.05597987104228564,0.03966035061245608,0.029129791679279846,0.034641343955922325,0.040468133070168145,0.11360807940441968,0.01985057024871851,0.03661276743553463,0.040774085449937957,0.04353691172702941
task_te000405,0.07223527604508628,0.042044372992329854,0.13312128807073398,0.058284587334346535,0.017450845558811472,0.03580412978260467,0.03597225701202401,0.04336337173345909,0.034461820146821864,0.1291672135550546,0.037980860946410955,0.03048944125863275,0.07482934757093902,0.019641188253089713,0.05874817569390684,0.04261595886759453,0.025949433545922374,0.014677452907486855,0.051498366395689686,0.041664612329054815
task_te000406,0.0678071129916043,0.01987076478947502,0.03807841514515054,0.0551150117430577,0.05572082861562364,0.0385523198321015,0.01288258730698448,0.09910074970826555,0.04708176686162799,0.029096721019751578,0.07733370604055788,0.12042409563452998,0.07442675654436841,0.009552509232976748,0.09574231954875576,0.04670719948197624,0.024911599494372584,0.042714860343450844,0.014138425513313494,0.030742250152055686
task_te000407,0.05859163206321525,0.059503452716561,0.03257682683354176,0.03815574560561522,0.058563906854257095,0.040293247729149245,0.05275882190983032,0.03523361807284517,0.049903323999330784,0.05761377302598481,0.03839465847720751,0.06957099496409921,0.06455179237059057,0.04461025193526348,0.05208685133195653,0.03654279447216478,0.03950472956846168,0.05661521896311479,0.0662719336610897,0.04865642544572116
task_te000408,0.07363665366236001,0.058852200062240366,0.03267108509070334,0.04511205054739403,0.05705271846352653,0.03728923824369286,0.05108698593085026,0.052396972595119246,0.04273796095682814,0.05002169312223575,0.04268532497300618,0.04823385741084978,0.05132900309009141,0.06629222555967183,0.05314792731869812,0.052366381808319123,0.0474837007571286,0.03490340457712374,0.03500086657444618,0.06769974925571452
task_te000409,0.04729617433073958,0.04801430569212346,0.047158891697848614,0.04915511322055403,0.05140446277321961,0.05098857794713779,0.05016577880961225,0.05133817964103111,0.05229789565224255,0.04966605478847421,0.053601827656095606,0.05035675767961485,0.0515266280958142,0.050079282151616264,0.04772812572897442,0.04751430547138976,0.049211448493104076,0.05299416304219635,0.05185560229582115,0.04764642483238997
task_te000410,0.048945226137887814,0.05748542361429057,0.027503226387243635,0.04803563276793803,0.056771423161213884,0.040328215642261515,0.06133919501922607,0.03351393935940695,0.03947941777695486,0.04109717468317223,0.059945983909277044,0.07031555148005512,0.03885478991196989,0.04781404973542434,0.07033499925511084,0.0676556876043193,0.04485428253393932,0.04879581667110296,0.05340601721987336,0.04352394712933233
task_te000411,0.049652443830962435,0.05134501542203098,0.05252337165573801,0.049494937445398415,0.05061288399916487,0.05113998232613341,0.049661204193013384,0.048875010037612306,0.05046594378219737,0.051668967447309394,0.04943672072621335,0.04745528655350386,0.051784763453085254,0.0504015840107114,0.046740805220248594,0.049683425881956705,0.047147681467801836,0.05136307261678717,0.05051138655002235,0.05003551338010876
task_te000412,0.05566622805417924,0.032726467501455615,0.06071290035868398,0.05349178211217638,0.05541428602425138,0.033643208538740865,0.04711686731083121,0.02701885914424097,0.019823265338074693,0.04344901049883133,0.05056353041878426,0.042727234465857473,0.042803202108425344,0.025903108527611303,0.08183265312117148,0.044035434323749637,0.08757451825075159,0.09991906574907782,0.06159507011534442,0.03398330803776102
task_te000413,0.02841574100176818,0.03319867901804864,0.08850466011638682,0.042109064358616326,0.026361670888068386,0.026061723929053073,0.029586746623149314,0.08511379592516545,0.10807231209963697,0.02787359017335064,0.032938632731258764,0.04109466360428148,0.015093954043690114,0.028079997235835683,0.045442288938132014,0.08419973149445983,0.061810625153270966,0.041593306863934094,0.06153018662563332,0.09291862917625995
task_te000414,0.05424645539414996,0.05663646559657421,0.10939419662675759,0.05674869059297827,0.05679529438640767,0.06456351740084731,0.02221149199343022,0.037778007205297365,0.06749501741452078,0.044583053740641324,0.045474555946259425,0.03615485994955484,0.04124280655221022,0.042327877177284916,0.04500176039062866,0.035308687502773675,0.0546064773727682,0.04344841188089051,0.052889406205319435,0.03309296667070533
task_te000415,0.04688058492725238,0.050731257643606656,0.050634383746868045,0.050162608660086976,0.04952760010292159,0.05169059254301722,0.04783518462276462,0.04928635873146622,0.049743058591748116,0.051141921655845586,0.05137235785570607,0.050161314728908425,0.050531370272918597,0.05281372728223698,0.047166219248254274,0.04963209209235895,0.05017489991208731,0.0512455078794906,0.04786451539049054,0.051404444111970954
task_te000416,0.05386681001975029,0.05139289572217826,0.058269156575272894,0.03989223714952374,0.041547629545438995,0.04316103161083517,0.03551742968108189,0.046648354763871816,0.05142458217046189,0.03554553985495815,0.0568090416812325,0.05391924770530198,0.048848002842106726,0.07011067640122473,0.04179233739195853,0.03829822502197665,0.06234111456699204,0.03332165488720312,0.07355084434246367,0.06374318806616709
task_te000417,0.06600900062846972,0.05263662257043243,0.02389832057452756,0.031615510453255474,0.07269192855006186,0.028850158342415007,0.0723097229363321,0.03354002602575381,0.04980411704568051,0.11306132651154481,0.048047876967681195,0.044317227703419934,0.04431863736593785,0.03658277657763415,0.04237838613334059,0.042702151693592066,0.024093219674955445,0.07327247284894647,0.033055646384178565,0.06681487101184054
task_te000418,0.06347159767654918,0.08150855722010115,0.02120310808447118,0.04752929925611187,0.020569051975525342,0.021290287933815127,0.02592763241297744,0.05701602911650232,0.042584896624747993,0.06359465304912483,0.024114929842987774,0.041278288084698765,0.07644249064133346,0.009067108634354278,0.028389594065789402,0.11257243870241443,0.08738959447378021,0.04999434485532331,0.06011758757726196,0.0659385097721299
task_te000419,0.04688628501414574,0.04824747301123864,0.05048085824027041,0.053385985057691245,0.04895313533148328,0.0460787451520274,0.04928627484853673,0.05119788983740288,0.04999987548009494,0.048401353853814666,0.054373075664680144,0.04899653470595154,0.05253685297796992,0.04634809070080958,0.05193042664599622,0.052677558454877406,0.05497556760640005,0.04917710991867946,0.04784008804550538,0.04822681945242426
task_te000420,0.07860010711086224,0.04871348007875899,0.04728432561627199,0.06471773644459257,0.04892183175010749,0.0715264914299642,0.041700136216435,0.06360802017004474,0.03507314527739995,0.02727937878701849,0.07768301372768562,0.057870343215917004,0.02625219636966129,0.04204071119726143,0.02549648168089647,0.06140131683023486,0.025259500674122134,0.0428962342207818,0.06589112784545915,0.047784421356524574
task_te000421,0.05541639214935714,0.04017146274980667,0.06919129722344354,0.017550190283710833,0.1275116384196613,0.020366653263174554,0.028473491097670743,0.03491288838473003,0.033544119500962026,0.06497865262743974,0.02292038297206211,0.05410843068872567,0.01499277063039699,0.0998930351113796,0.05048690136252712,0.015431091530782141,0.018452646495803377,0.014002955551265009,0.1496009989519202,0.06799400100518137
task_te000422,0.04684206334210742,0.04867062892129723,0.052618264113693,0.04878049881842557,0.050741524682629685,0.04976676294566248,0.04875104416792571,0.04968841494391931,0.04854149130659223,0.04956922629426041,0.05236801470575291,0.053723135053532066,0.05549857704946495,0.048261993453362705,0.04923240508098236,0.04649055402117708,0.04782281980074168,0.05218588337101217,0.049501249428424786,0.050945448499036115
task_te000423,0.05144328001911591,0.050694097609232235,0.049166254463966975,0.05146691990103073,0.05046799389255517,0.05077307905462171,0.05189702258731254,0.051069960848947216,0.048396312136482836,0.04984353365953647,0.049906061102689005,0.046535443856321204,0.048538054066300386,0.05237822882602817,0.048183519894457176,0.052460496533635124,0.052227495693241144,0.04800088374289519,0.04940267209016539,0.04714869002146537
task_te000424,0.043902674403778215,0.027064175232172978,0.03942285076115954,0.05484312242296689,0.04664375933409651,0.04890852936362169,0.036800293617459935,0.061647445373295605,0.05801022534477029,0.05001036883098029,0.07478117176025754,0.07731579192384583,0.043940454587222094,0.04034881822912204,0.04536061323970588,0.03266302534138094,0.05581593379356983,0.03820165905278262,0.05071762758608095,0.07360145980173022
task_te000425,0.051579644650202164,0.06682839691993363,0.06972955831863946,0.031014244292195445,0.04306884732513318,0.05094041445177342,0.042079356142152115,0.0504959149329152,0.03720771434486756,0.01719263252849202,0.04438218800523831,0.06446673668356072,0.1559250439553717,0.014055434171653178,0.03970647484093762,0.02631757843025832,0.045887800499794996,0.053879169674484764,0.03423776385891944,0.061005085973476716
task_te000426,0.05008053528213482,0.04806319593228177,0.05198656601741789,0.049234155548447026,0.050328276405210724,0.04925858289281145,0.052466259056088226,0.0512138400852738,0.05245593919287295,0.05040263347224344,0.05070108104958226,0.0494926003066521,0.05073538693970603,0.047815490096705666,0.04817725681361817,0.05179112737128944,0.048297921341817186,0.04845989540161093,0.04907181377288396,0.04996744302135221
task_te000427,0.03359113370143884,0.05531792942355369,0.04786343131415772,0.05661312641846522,0.05476322730403893,0.056776006966386634,0.05306260943678973,0.04745789736822654,0.041994708089171016,0.03889513891930792,0.06866712788102097,0.04638997038629882,0.07160447354428688,0.0388100040322594,0.041538277372636344,0.05332420101303477,0.04892909341550789,0.05382890047504794,0.03160945869699169,0.058963284241379116
task_te000428,0.04971795990026644,0.040043276959997,0.05028317853477233,0.07771738878812687,0.05143308337399964,0.036240527661349595,0.01757245136464929,0.052246787357280694,0.06744983620673414,0.03212301985980306,0.04980781372426565,0.0686520078712741,0.024907631420887647,0.05088421186490182,0.04124647045380736,0.05811400330738534,0.06537645401815313,0.060687326187476826,0.058447461892457066,0.04704910925241179
task_te000429,0.01908778070554645,0.04380818182621911,0.0347154453688421,0.06465446341686731,0.03232728333960728,0.09745990862452822,0.057444222731881205,0.07448431788901198,0.04663268642621162,0.06498814589341613,0.03309497127503444,0.1081908833748326,0.011791080132376723,0.027806815291888703,0.03591360707647824,0.02945487489348757,0.08515287252138111,0.05944870463402803,0.03772712406207146,0.03581663051628977
task_te000430,0.03867381296463095,0.05504743207194007,0.0650802676119704,0.033804704802424,0.05480932725656256,0.03371369011737906,0.045386650495897844,0.04366622726278458,0.06241524997092431,0.03876438276318626,0.05672485658677166,0.06424155897966548,0.06239602202105876,0.053356406687133026,0.05387158017468725,0.05630369309405012,0.041051318914850046,0.028448975439918905,0.05864869662192766,0.05359514616223693
task_te000431,0.049262655080561775,0.05138209204785977,0.05073178643449602,0.050090724644105473,0.04788043378526148,0.047745337108431596,0.04816422759117298,0.05016165994653598,0.04902107489657427,0.049049769935363904,0.05013934143776309,0.05112286720132081,0.05175526329623009,0.051246232061031426,0.05207120996177423,0.050055923446310886,0.04859680929524278,0.05094737163488665,0.05070039879367281,0.04987482140140394
task_te000432,0.051628832704632636,0.07085036169439655,0.05423617169792215,0.07812390261434163,0.04313818812039478,0.016665547650664424,0.027583032930427583,0.062413413565061075,0.057065673959395484,0.06982057736792863,0.039997672895751964,0.05464475692533888,0.017274157134380016,0.0685294542244051,0.04551730605939121,0.031327497023562606,0.023354667829052808,0.05814799218254055,0.059922247570010516,0.06975854585040138
task_te000433,0.048632781572707395,0.04912489106408127,0.05036800408591434,0.04979064303956861,0.04834572436933035,0.04925967560204619,0.0499285263182355,0.05251478362893185,0.05031622514524947,0.05334059559868142,0.04666240054771328,0.04772317658841835,0.04833222161327942,0.04984775629808572,0.04997605209397391,0.050811030586597805,0.05153517753677034,0.052458420294598504,0.05183496768942015,0.04919694632639619
task_te000434,0.06721602014209921,0.01921430687564292,0.11585695390550531,0.01430915968081973,0.028870574786348212,0.06242861365749425,0.13347284206703064,0.05065203927501506,0.04873126146939857,0.04639372134388793,0.04483435758078914,0.09627902501031091,0.0416045578627263,0.02553188408436443,0.048841945600914996,0.03360596283793408,0.05209680619812327,0.04291297280025684,0.015407892316520694,0.011739102504817465
task_te000435,0.05212389231095963,0.03490208753306089,0.0466822529358771,0.04193741852460569,0.06930309324489893,0.07077177664078943,0.057446587418256125,0.05279581115353677,0.029400901409917926,0.040100370863316644,0.05390599314156278,0.06295715504985297,0.07170451095607142,0.047284203155733166,0.0733621008070248,0.0345104469099644,0.04870200937184935,0.0439468094497746,0.0352933641335168,0.03286921498943064
task_te000436,0.05873941074504129,0.06136346317158033,0.022174344857999555,0.05277845120027948,0.08927981746527015,0.031920485565905515,0.049616711485259535,0.03973308487086679,0.0353975575522591,0.05231067134498894,0.04779619757062178,0.08969883344837293,0.016151898204828277,0.034495659238724295,0.03800210833056327,0.07269779560942857,0.08404244316082723,0.02465090771479567,0.05182010379719321,0.047330054665194125
task_te000437,0.03473603737199209,0.026712824146618314,0.05893951108176918,0.05442333119000419,0.07776738550094525,0.022504852503395775,0.04036598239827227,0.017934578791534816,0.08795749850961967,0.05077373946860618,0.05934550106835576,0.07542400435112763,0.04533913913218278,0.04491872861849861,0.04990261985834851,0.047719754636023286,0.06038366987611021,0.058517984875293645,0.044848962305165455,0.041483894316136326
task_te000438,0.07673707816295251,0.0986547921557039,0.028889093477247357,0.06884213116253937,0.0410767860530461,0.10708832773386964,0.01421761031333776,0.04832511262710992,0.026310758600950567,0.03411863674828084,0.019755129643360497,0.019870411491273818,0.03944381046695815,0.05520714841445652,0.02413220716575764,0.0330028013649551,0.09501600382703745,0.0481489696184655,0.047055032785810545,0.07410815818688671
task_te000439,0.02565554909783293,0.03424334450443004,0.09986483344747661,0.03271515239315368,0.026053290411253236,0.07554067431090919,0.015432474103033538,0.10439546513138691,0.07524335771047365,0.05747581804459933,0.06367434363156255,0.1246939246539725,0.011482393277881732,0.04041428571702511,0.04617708290340212,0.030753262234028012,0.017379180760236496,0.0518818151527223,0.013928383330847994,0.05299536918377217
task_te000440,0.1731076114978193,0.06958627422961906,0.02268100725293215,0.05419519619359173,0.06389356650584636,0.043234414073433126,0.03575739619892368,0.043923324219065786,0.013478187711704132,0.023587112162282365,0.04578450892455029,0.0631797213972429,0.0540469942932221,0.007217293551587981,0.04873826406976961,0.01536382050952553,0.061712639090747534,0.06169743886935301,0.06072465000503089,0.038090579243752455
task_te000441,0.036427417961195536,0.05127026074988045,0.06378221600903339,0.058073158954505176,0.05703354525949262,0.04170042952564683,0.06052640834799306,0.048977686274014984,0.049569913629737915,0.060884142061343835,0.050153700783768816,0.06071584296949083,0.04279280185653996,0.03302905523182879,0.0432106294960424,0.039343007504691864,0.07972593903996213,0.036463384286830915,0.04156645555813036,0.04475400449987007
task_te000442,0.04524759238720465,0.0625488115502216,0.051999171347771884,0.039316466488674005,0.05347867584897819,0.10625163178759503,0.05619506735415486,0.0902595584192365,0.03853007792555052,0.03642734984843344,0.10363928574882486,0.03305769760862229,0.03924777814355275,0.043893754106332714,0.03377661107791103,0.028373151978711358,0.0617658277338282,0.010432461062517003,0.04284077609486783,0.02271825348701138
task_te000443,0.04683838141938393,0.06977665697605039,0.09202682943636305,0.029381587395513813,0.05933498047795963,0.044347656083082,0.03150925600663096,0.0162207831364765,0.0880501208620592,0.03917988982537957,0.04280743573003053,0.019147045006991003,0.016632892037710442,0.02545199077566416,0.03188525690330348,0.03540018385957901,0.09941395765154157,0.10509035043819409,0.052822987333212876,0.0546817586448738
task_te000444,0.07528375437349287,0.02902394233879319,0.08921848571741442,0.07339239561026795,0.05621072301680572,0.01734345299805003,0.020706273992455327,0.023758627330803275,0.04173386907903222,0.06238905516336319,0.03378151288745141,0.06951542441122893,0.025431370265596328,0.015007060700585731,0.06645067101490572,0.051823249374156666,0.10144042696384556,0.06470933077722306,0.04888636916260609,0.03389400482192246
task_te000445,0.04943029025437985,0.0921789360089926,0.03607144287361307,0.045162281046133304,0.02947192492271454,0.03490614916951272,0.03345310587831023,0.03194858437924304,0.038657656802298046,0.08372644869972555,0.04087474112074322,0.03490351626910832,0.03232985832065719,0.030385296040152655,0.028249947654701284,0.05054075358010595,0.0852857283854063,0.08289653932400215,0.05291253192654528,0.0866142673436549
task_te000446,0.08839410783975478,0.052394994042257614,0.03710301328093896,0.04359351333345235,0.06052871861989872,0.05525781424511228,0.0323365627933614,0.055556815491136925,0.05143084157598712,0.056414166780173865,0.0458536444299631,0.03749134468349252,0.027796921500120125,0.040563240099279835,0.03437980966616321,0.055763881968416106,0.08838201310631721,0.06638825756084642,0.03768544249425937,0.032684896489067916
task_te000447,0.048731376282091884,0.036471076499092606,0.0481043884778246,0.08259268006249915,0.04850911967455318,0.058918614867927974,0.041070781283174776,0.05498350065131376,0.041282664739902684,0.035952153322462876,0.06235038678584814,0.04081255043049164,0.05075100564809029,0.07320893702193616,0.04546079006165096,0.04759632807829978,0.060991699157051625,0.04324567256081047,0.02753314640906323,0.05143312798591426
task_te000448,0.02981538665783817,0.054434408773937355,0.09197381928659248,0.04788064767079951,0.03171753655538118,0.09743537976405615,0.05363846730486188,0.05817436362138608,0.08898133867718098,0.03312408390503021,0.06368720351517443,0.03013565772218844,0.04581956245894833,0.06484802966212823,0.032100339431355845,0.03632623303772948,0.015523015983328068,0.053786111213124835,0.041203314069993335,0.029395100688965014
task_te000449,0.05066544363404096,0.04718484456532789,0.052228374839417196,0.04784966023364453,0.05130989194003894,0.047951268563811704,0.05072238730574639,0.04962356117262182,0.05307080261445128,0.05459959731926417,0.051533323931464384,0.048274168812731284,0.04935254922296246,0.05028083447935114,0.05207843766058655,0.04578557928952029,0.052001781186074236,0.04847905373859128,0.05106780517782674,0.045940634312526624
task_te000450,0.08503286974342,0.062465730663714365,0.10757760854804536,0.029431780464869276,0.03136203437482979,0.05304796426987093,0.05886423537510707,0.024807853340245448,0.05776187323441723,0.04553219427431813,0.011318786792967456,0.07722189958782733,0.028626969761779357,0.10641789081788305,0.022428768035723023,0.034005261680858316,0.054133607667693415,0.03362390486654902,0.01801907858785781,0.05831968791202368
task_te000451,0.03447114443344116,0.06283373873115884,0.043709502869939916,0.0563154478712689,0.04627208741158097,0.05856045025027505,0.035359333047693814,0.0617822384940222,0.0667917653977713,0.03779406301036056,0.052533040826463304,0.05270254865757743,0.04684534595455472,0.04735566455300422,0.06075610366314364,0.03767547876175319,0.068478534776251,0.0302031757647899,0.053702125981980875,0.04585820954296899
task_te000452,0.041818876040813954,0.07609018149578745,0.05481651851017347,0.030682895199060214,0.0246445071098161,0.05391683938869497,0.06286123828219137,0.030249594958349637,0.09172086310271435,0.057055336620301794,0.051644596120487336,0.06398290281599024,0.04016180596762263,0.06375031408417106,0.022628475992545635,0.029781352760740665,0.04658506988046838,0.04315505893559268,0.035767839756542,0.07868573297793612
task_te000453,0.048906092123125834,0.04116941815169872,0.06707131275124846,0.04269825467168629,0.05253414756997518,0.04005933311365447,0.07547011800927743,0.054017093995226924,0.0371405373081977,0.05223191675402167,0.05906436075810288,0.030274508851035345,0.052695577939249325,0.06584259572956921,0.047779172357491816,0.04901576224849756,0.05183619809038511,0.03512447401554273,0.0431318513219259,0.05393727424008755
task_te000454,0.05021318647326066,0.050244120837990854,0.0490727941515882,0.05278070866253966,0.050282373493790194,0.05267749247991222,0.04595470140271914,0.05236253352975955,0.05051437040813854,0.051465059303057004,0.04884925973656792,0.04856900414936088,0.05078047934459225,0.049340208538419306,0.047397733561000174,0.05008123617898455,0.05009848633176352,0.05263223988288062,0.047489983904165554,0.049194027629509106
task_te000455,0.058525227651691776,0.0358566098395189,0.046433498670680036,0.035913530816114356,0.03466953260224583,0.0880811715228256,0.041146593970616895,0.07795229515244166,0.04754550256346884,0.019840841762039818,0.04400760670750147,0.07611963117894928,0.03799040762375539,0.10521469736367099,0.08327692614971231,0.01797109071944399,0.03163325177187453,0.058780455979688305,0.02796583304214038,0.03107529491161981
task_te000456,0.1260736933974227,0.04814522312464273,0.13364529535536082,0.006698092493391897,0.0056839067611548595,0.006279322200967119,0.053271066364155614,0.005683592737899074,0.08653613613799963,0.005633404085475202,0.006632535410494515,0.005352054826269254,0.037334863788275864,0.00511441291186679,0.005006009809918846,0.2513677601197021,0.004940067281487655,0.15673536821184644,0.005104612270537796,0.044762582711131024
task_te000457,0.04166111446566586,0.03312071041293375,0.03483599424051146,0.05100447067073347,0.03819444404222487,0.03537535542438525,0.04042125352779117,0.05043562810496165,0.05261857689426058,0.06628745511763666,0.05531955204477891,0.045814084813185184,0.05608591589120412,0.027249712460217724,0.09634834540847101,0.04635981389390219,0.060291281715257196,0.0798040758235961,0.0704144684782808,0.018357746570001953
task_te000458,0.0566769484047561,0.029306809675311782,0.04964043967352436,0.07358169407609405,0.0619923413603384,0.05284484994031007,0.048775149951687906,0.04833581876231674,0.023583006120455396,0.07904387937704219,0.04176272339261035,0.049031010657751325,0.07484805926231135,0.02480511631517279,0.08452242737408386,0.024836681132179905,0.058968898234805237,0.044194862592834616,0.033956167586093634,0.03929311611031979
task_te000459,0.06829855766523311,0.02870956330482286,0.06865883280329502,0.027158641423008424,0.02817810296040459,0.07279024185260094,0.0801336502408496,0.07157080677816904,0.0837877505081329,0.0372614819087618,0.035935175861540644,0.03738052642849899,0.05061101449544532,0.024746067616538994,0.05407225242474386,0.02196591857415585,0.039798607349600154,0.06642806900146268,0.04064509312791015,0.06186964567482492
task_te000460,0.0714042280772863,0.03743118735610853,0.028343018607348065,0.04278711107817604,0.06964119360453999,0.039056661619669926,0.0635779369865749,0.07488418613776077,0.06791825657795358,0.05273033000631367,0.03757647115166486,0.023023784259038026,0.04084555870767369,0.030379631371605206,0.04305882084442803,0.050883246543657744,0.09204649711446738,0.03257400334387072,0.06018035165726775,0.041657524954594634
task_te000461,0.03166438159818505,0.050378975741613805,0.029565326091189843,0.04434900883865915,0.05696436015404156,0.033962913310834404,0.0767571900909832,0.05433344704458735,0.038617618504749526,0.05613196384763536,0.05307956195604042,0.058043416379691654,0.05351157574123943,0.0363124789332123,0.04841036122072232,0.05935406073805739,0.03653008649156717,0.05453623312762612,0.06302040925127017,0.06447663093809383
task_te000462,0.044687589243200716,0.02331635432311045,0.04084276533767887,0.09693624076273381,0.054067969452013205,0.04890404070298577,0.02160216933701108,0.0693552281377154,0.022448370424925698,0.03027494882875022,0.0813818298768329,0.0635002024847343,0.046759085294428085,0.056203826593205664,0.05138966815999427,0.08456997208676262,0.023245743567381637,0.07056869868533377,0.04614023208281493,0.02380506461838672
task_te000463,0.045112107980693976,0.05164581547538744,0.03537815836199298,0.055552953787469876,0.040653710040266765,0.05661677598811493,0.06602170270024106,0.04316130124397659,0.03539244079493328,0.03735733223366966,0.037204083371365694,0.05872797563867347,0.06674204617812633,0.06390034951630705,0.03961122597250641,0.04865917946482777,0.06715105385621517,0.044478031369037545,0.06567168898088795,0.040962067045306125
task_te000464,0.02815266033859845,0.05797799988488797,0.04175868435210749,0.04102770288451802,0.03900262564320542,0.03078336694975104,0.023134979235027053,0.08094995321367605,0.044136982320613104,0.042734273166453354,0.05755399481351065,0.026956825298341914,0.07607884288613431,0.07517016506009482,0.06867493871904422,0.050655566820457035,0.055900921922427314,0.03891180403442262,0.05034955275098913,0.07008815970573999
task_te000465,0.050764199710892924,0.03509591537736785,0.04248822468706869,0.0682092497194612,0.04104284811525596,0.0818577444306068,0.057554948058366064,0.08472259335253042,0.04879862962973584,0.019492694362240656,0.04222758825630005,0.060493126186771065,0.03377913179064378,0.04982505612787193,0.041879236361740416,0.05695817305478873,0.052626136830209044,0.03973094996109544,0.061254400563680894,0.0311991534233721
task_te000466,0.06136285144808828,0.05101975571902185,0.040948704715313484,0.03810972810643821,0.06250977269877739,0.07732425574379108,0.060077445917139635,0.08661778794245314,0.036459760747231715,0.02903510039836305,0.046923311014217185,0.05234818624995392,0.05554235394049515,0.04109673798634297,0.03196271111937639,0.04826337833852297,0.06712763650012771,0.02539873994591206,0.03436267521804611,0.05350910625038778
task_te000467,0.04074570921328468,0.033338643796675504,0.059008736031719994,0.05573267624708244,0.06504973738316486,0.1142371503509369,0.018961597933681847,0.04024861285571686,0.026231871574547667,0.03895456223227625,0.10500324006534707,0.04982218611788256,0.036405327125012016,0.04585410845544804,0.01986591468372747,0.04733155149768833,0.04962747677220949,0.05563978347347228,0.06428737686751741,0.033653737322608186
task_te000468,0.054544008405936914,0.04826418345884691,0.051257321147146456,0.05199607693928928,0.04742726330127645,0.047264071622156005,0.05344370149094641,0.052603302825457554,0.05260769230773973,0.05204163829513851,0.04972147788867661,0.04793581598116686,0.04973506600233099,0.04985339894973803,0.04764521214864618,0.04751227304060403,0.04955519810798124,0.05054657494962978,0.04814460780457869,0.047901115332713504
task_te000469,0.06703473728971754,0.040531074202319675,0.033145205084793364,0.04999585147680245,0.05400515062474106,0.037736295532239256,0.05465690679237329,0.06740148128039636,0.05212930357850309,0.04372838420821375,0.03790638222915171,0.050772229558625745,0.06122839559050077,0.056734572576642384,0.042859588014655864,0.058810756533266256,0.04902666762054804,0.05364297680849043,0.033064624944840255,0.055589416053178665
task_te000470,0.053284320424688704,0.04775472025255244,0.050916396066939616,0.05272098081972593,0.05292363743086443,0.048526364510832566,0.05204444056089635,0.05154517127683016,0.0509709000953893,0.04652343142743396,0.04802398069818067,0.0525423334694218,0.046998627520991994,0.04884937086666628,0.0472979173695888,0.051833845325019515,0.048485391185608795,0.05039396341605002,0.04950656200078474,0.04885764528153399
task_te000471,0.03429984671410541,0.0616803198239133,0.026314889578286975,0.04567612393879356,0.07555498421455321,0.06317301611271559,0.05524556122855644,0.048412155203004306,0.09009641996851177,0.02482166445374256,0.06233993625890079,0.022720399468239273,0.029660406021833004,0.058248258068096456,0.07145552048779763,0.02851689741964163,0.019954782971615955,0.047925340391460396,0.11330752301671487,0.020595954659516698
task_te000472,0.15147760588785827,0.031481724869261866,0.04858160428790887,0.016934800277590072,0.02309411703677422,0.11089838934920601,0.052971218999365334,0.04115889237462169,0.013060938780969344,0.01847100695608644,0.030186700148887,0.057262697865227564,0.04522949078025146,0.05905574750486977,0.03758541284123252,0.04158133055024895,0.06454434109575526,0.0791358244492496,0.053512300947199234,0.023775854997436497
task_te000473,0.05626797808812481,0.04932478071131978,0.05381029721007642,0.07365610365676971,0.06110986223781567,0.036906613085217886,0.05542020878098935,0.04190387939346322,0.04503306129014299,0.05752825419163436,0.04017185611609545,0.044486082676187186,0.04754052294293803,0.0288264928513197,0.03765984778454344,0.07374844026412462,0.04143132733147159,0.03828337293203834,0.052394847362182605,0.06449617109354505
task_te000474,0.025978065572924966,0.0495183656756825,0.06618343443600516,0.049997743521026906,0.04914849597370955,0.0618524493306114,0.029284373831460753,0.055629725703519387,0.0632951437422368,0.102592574384214,0.04846039538861553,0.03032631941823201,0.0767030244471781,0.041544165085070334,0.045134178132488934,0.06813016003044649,0.028361475556812666,0.05141258362691171,0.03354643568865621,0.02290089045419663
task_te000475,0.04214280731963986,0.04182884160907578,0.06967077283465942,0.01638126844272617,0.05333223644147587,0.0708790111235359,0.0655891958594742,0.05935424638106348,0.0375354464492583,0.04836653327667981,0.048605300684029094,0.06457482864389703,0.03708671914216772,0.04685532345948186,0.03470152361938171,0.07251415352603999,0.07770620028665381,0.044898915298771325,0.04417601707188033,0.023800658530108314
task_te000476,0.04281296285104025,0.06479797941239183,0.027312232197232143,0.06316172483755021,0.06597738038615535,0.02941432141851947,0.011363347477888164,0.06000166527463015,0.11136117286793677,0.055427236512169846,0.05026244588847807,0.07250607652746704,0.018795951580551175,0.036779315087112276,0.06221938769899197,0.02229793920612069,0.027730437892212106,0.09150679128327491,0.02050756341283809,0.0657640681874395
task_te000477,0.05039435974720135,0.046061262890263556,0.05082798137107428,0.0495048680820864,0.04829013893421314,0.0503097364824775,0.050835282752765304,0.051488569297452505,0.05123948759382334,0.04917658948072726,0.05199220535664595,0.05431741394037286,0.049475227576325886,0.05162446837536872,0.0471973318273425,0.04973349692639585,0.049991962107944064,0.051603223392431896,0.048854016662905585,0.04708237720218214
task_te000478,0.039437211786426556,0.06907211146954566,0.06287868934200312,0.05583426031626661,0.02294449960331447,0.09131252967264908,0.02992422986066036,0.05873184879088448,0.0408223059457279,0.04573179404254329,0.04518741535816286,0.04385265333828632,0.06850531562962563,0.02570587406624898,0.05213557411011334,0.060548749650402064,0.06329617524055269,0.053502463367569864,0.04131250003825849,0.02926379837075834
task_te000479,0.06450816753929015,0.061282068115066646,0.03648313541316878,0.049190801486096565,0.07616396490123752,0.050231415284714274,0.045996399881034176,0.03854374333910724,0.03876227643126458,0.0434316897287405,0.058732327188319104,0.03907665466938376,0.03343488412960006,0.05696993765925663,0.06433264482209511,0.04174289123359325,0.06397935150299215,0.0409532832510441,0.029105961703452917,0.06707840172054241
task_te000480,0.07004809571474599,0.03174182097257634,0.05130989146389987,0.06448337182786917,0.018594829611785674,0.08325810722216143,0.047543480840946895,0.037575453857823286,0.037208891779402196,0.05163225805784479,0.02513910348757583,0.03589981555766453,0.028669467868246618,0.07383445613888501,0.025471223931825285,0.07981070120672407,0.06615190048448698,0.06442594765413627,0.08619847054741893,0.02100271177398089
task_te000481,0.05922306590062086,0.05232691304394186,0.06859542659888772,0.03822763277604505,0.052763105217527494,0.040440378057552906,0.03387178429572975,0.04304679509912846,0.06772362924764586,0.04118456772236847,0.06524595916176607,0.053207011736627605,0.03147484398850204,0.05181316965331086,0.05434339616157412,0.04573539957148708,0.050887506045359965,0.03247070550268316,0.06967341696384811,0.04774529325539263
task_te000482,0.1033266293207623,0.026756343440363123,0.029026611698705698,0.041862216043455566,0.03104933539518726,0.06151250224277224,0.025969655686259068,0.0211897867647696,0.02715272221595938,0.12409339577983663,0.020654507225677028,0.03652662362620488,0.06647444865914644,0.02116702011431988,0.07871184894300888,0.05170989891254378,0.07186925637798697,0.0909262937198272,0.03247812701639809,0.03754277681681607
task_te000483,0.04109280108462612,0.03490688080791402,0.06382203482684619,0.06126708346250921,0.034535145245264014,0.04093133189873957,0.04997681581446048,0.03691116109087435,0.081606859745934,0.07503404024597814,0.06918328570681966,0.05464496678499193,0.055508243238313895,0.03324474114885204,0.04533243970916978,0.04511459329285179,0.042588800006972544,0.03789202608529754,0.04559161369901498,0.050815136104569815
task_te000484,0.050145390481770684,0.05074134693834043,0.05154653203738711,0.05002882630060255,0.048352841143198634,0.051416483696917877,0.04863658568171144,0.046498086896161285,0.0507168775777845,0.04753171956203188,0.05124874042169989,0.04830810896180565,0.048090007296005606,0.04959739168683352,0.050952106210620116,0.04831407599624246,0.05284623902004355,0.04998067361679451,0.0516147349081488,0.05343323156589951
task_te000485,0.0722409923176401,0.05303629427202364,0.02573573117987505,0.03805476929863062,0.06139829125876012,0.03489611317712743,0.03198351967030501,0.05346633108753269,0.037636330254546574,0.050668219724409005,0.035490440773609036,0.032120960757688166,0.06686525266283004,0.07434465160421565,0.053410599901509516,0.051854320343435976,0.07246885713971955,0.04788791603271538,0.04776360550421582,0.058676803039210815
task_te000486,0.06506546350542428,0.038942196766621626,0.022120240257614058,0.08228934222847534,0.13230038215604425,0.013464262795529239,0.059993347277799265,0.03234324129750958,0.03555765512429299,0.06477921206593015,0.032756012535176675,0.03252446944417736,0.09532425681431175,0.04803389341237892,0.04456461164380886,0.013389514868429174,0.06469597789976464,0.029583439447978196,0.06341531977730981,0.02885716068142395
task_te000487,0.04660403556802721,0.07493446312428206,0.034661173564877336,0.035183365347078575,0.09834218069500424,0.0423911640071779,0.06145739442724339,0.06831497357179633,0.04765661587358821,0.020244807623568804,0.04525068549786521,0.07159641702103278,0.05390546446425217,0.016534865586873886,0.030610590073202156,0.01937965080404726,0.09797710284364859,0.07414880455170901,0.02790609496031449,0.032900150394410424
task_te000488,0.04713544606319688,0.03667515081940416,0.0635808657581964,0.07473113917767554,0.027279237723101958,0.026787912045526097,0.02176228086847716,0.017514306089767402,0.06989061237557063,0.04710639733836149,0.04786540270728208,0.03270835005752623,0.04828561793271038,0.056162673331324305,0.054788154167430506,0.07641636421527497,0.04818029590991543,0.061051952649451,0.12409143166033464,0.01798640910947282
task_te000489,0.07767203725692806,0.06052741264750244,0.05638760101839548,0.07078410544170864,0.033242299335098924,0.040306176298067486,0.0713176770976896,0.04409180248036227,0.04220471226720572,0.0541891106915964,0.04997490351452829,0.03218463261402088,0.047024466562330725,0.056695305669804213,0.055300135860261584,0.06057990758927842,0.03791911196092356,0.032253792517670125,0.036755593835690784,0.04058921534093639
task_te000490,0.01501975683750894,0.07159173170788778,0.05102644627633225,0.05224723321377868,0.09456759001516034,0.10281070385197695,0.08411006879372844,0.029460202299758844,0.045132507474405774,0.027752371706429958,0.01730859712784228,0.026207302319365588,0.10392270307873797,0.027211078574245734,0.09945326424896947,0.02992423645752768,0.02338915243184156,0.045973251804595244,0.018211863486980152,0.03467993829292635
task_te000491,0.05101567992185188,0.01704204670352742,0.08899870375366288,0.08482689438369546,0.021422228934881073,0.042851495495211514,0.053404772534038726,0.07597715803180939,0.03438032287833733,0.04903324187348066,0.06752130075906196,0.025430394730474263,0.09192665319409543,0.023651944009466387,0.0940432967208124,0.018057825820918243,0.014212581849512572,0.020990420734534054,0.043174347999857955,0.08203868967077042
task_te000492,0.030006937173158055,0.05860646750450195,0.04338675653673277,0.05459547026592866,0.042234525229401576,0.05922135351140662,0.0400714887370776,0.038638812191630324,0.0595123641934806,0.07579711416311695,0.03978780757506682,0.04643848755236715,0.038658412261695065,0.04737172178761261,0.08258291483930646,0.05771794312628704,0.048176838176727854,0.03186509993723136,0.061729569752802804,0.043599915484467594
task_te000493,0.03103787162667913,0.04533302061594209,0.026970164105578426,0.033029431781054955,0.030157634263073423,0.06770923631237413,0.046416431133578004,0.05470323579680069,0.0334864447179129,0.07898913696396465,0.03944509271227184,0.039530812035898394,0.0740387922283283,0.06061309574555473,0.049200734059302274,0.05335258354524569,0.05129261103614701,0.08843155190178931,0.04769413442476328,0.04856798499374085
task_te000494,0.03408787498707139,0.05332539359468337,0.03467455983560133,0.04797150726224474,0.03232116311667288,0.04324293006511579,0.11710916601271028,0.05923144902156028,0.037730367570879934,0.040097133236518104,0.05937602006338643,0.065160573342596,0.05327537940844226,0.03929394197710724,0.053095298613433844,0.04583114302370468,0.03921955499811495,0.06739724678356812,0.04452708382363729,0.033032213262951256
task_te000495,0.05095361018245374,0.050803067317655194,0.04930553960477706,0.050703316839776934,0.04925181856039757,0.05140940907140305,0.05114101764759132,0.048167862089650085,0.05120251331539731,0.049071303132006694,0.047830742790834546,0.04941766959925717,0.052803809821540315,0.047099357270567285,0.050825003050413334,0.04750148273420669,0.049466467774631415,0.05203101332760141,0.052233969516158205,0.04878102635368072
task_te000496,0.03915685101220878,0.08155777663908453,0.05011089898444551,0.061038068805175066,0.038792568626886584,0.05559555425740092,0.04482984777402947,0.03777218449858391,0.04389552743895863,0.04408503050089864,0.049275416295355,0.04879672502639655,0.07096149271935542,0.0527890623703996,0.05527266847016851,0.054791773610181525,0.03363085565452078,0.04089972362950993,0.040987046409190916,0.05576092727724973
task_te000497,0.05368876530680159,0.0665038409125336,0.031968343996191466,0.03840262821175319,0.03882460079966974,0.03674142196634473,0.06935337376030248,0.057247654156558934,0.047652119452750615,0.05686989268503384,0.023353037866202395,0.04590930720445251,0.05862394348809583,0.059605052522656965,0.02599883240785226,0.06536124217193187,0.12501981455286132,0.04203801911182487,0.022611321599817078,0.03422678782636469
task_te000498,0.13192022638978212,0.028653739139353176,0.034974489181774954,0.0566010306111678,0.0578762670818076,0.018066043920270756,0.06723715954534895,0.02347563166266871,0.05862189759347162,0.053014383093905736,0.03272699256228568,0.07079731601468385,0.05140958224442779,0.04140101148991763,0.0673606444211524,0.05834061844047288,0.035270633674046946,0.03847059620330922,0.026141905311199875,0.04763983141895241
task_te000499,0.02867216573164269,0.06138705565244391,0.07864807025962756,0.025956306102071364,0.11518553521692675,0.05159638289997672,0.04901739081568593,0.05767988407437495,0.03017721172798206,0.07399865417673437,0.028535523013015474,0.05720696520973279,0.029738054521210505,0.04991823771390571,0.04440245366242851,0.009892637526933763,0.06960030686068484,0.024795558223141237,0.02821687986097145,0.08537472675050935
task_te000500,0.03024029283243167,0.08129339434560905,0.0380221214132555,0.053614690429188684,0.03665275316881923,0.07299050611974213,0.037370311645362406,0.0315490169406432,0.053800651392003115,0.06358085681237016,0.05856298276893871,0.04801080849013768,0.039128923356176425,0.041984463798317266,0.04102184001384128,0.05136602918307472,0.07406202972837234,0.061102844987264926,0.04258918215821623,0.04305630041623529
task_te000501,0.03235832920155534,0.13918663737036643,0.07619987653751284,0.029405561688037308,0.023749715009801355,0.05600864144102195,0.03635641059009958,0.012509827558498129,0.08764358328053608,0.06411006209596104,0.03961140942160543,0.04320445312082496,0.0942570678519289,0.02559828856279279,0.025729233935521952,0.04449244287830056,0.03920739323251551,0.05793136599371444,0.025715860658623368,0.04672383957078206
task_te000502,0.01626961688671887,0.08724988165367846,0.0318257658493888,0.04676310840546217,0.0422486573710542,0.053385934948548916,0.04621376764210152,0.08831625243744069,0.019667206545348797,0.03145433398420807,0.0476348819327787,0.07244064182286289,0.016240320400318177,0.03515157115290345,0.028750293001630876,0.18415307659865243,0.05909904850011575,0.014872094701607995,0.048052171297243006,0.030211374867936378
task_te000503,0.09678269650858745,0.057790076345435655,0.037578803018975246,0.11011486964524643,0.02774196122447535,0.03679256688658874,0.043863347313728464,0.0731334397955243,0.031339771320681976,0.03833999112830568,0.051964316283792174,0.040795980165698215,0.040312124170086845,0.04314187122529757,0.02730313746516806,0.04665962843378261,0.034398541774473546,0.05480157515477206,0.06979258109429208,0.03735272104508752
task_te000504,0.09626755618529109,0.07033312976875815,0.07708599320425294,0.03234801162542197,0.037609764491992576,0.04122605604865764,0.0304105153536608,0.06526273597793361,0.04914905480565784,0.024724439051461433,0.061264956970523914,0.05442973407661973,0.05096484373988069,0.03116844683600525,0.061359929471406845,0.023169718636712633,0.05813357108415128,0.026750613177817427,0.029330583930898612,0.07901034556289556
task_te000505,0.03662257029122753,0.11057580449052624,0.026673798193064233,0.04688205432190474,0.11226866950786933,0.034066757753452866,0.0796336438771412,0.02502187706054835,0.03905442708219622,0.02851765010479171,0.07202487950459732,0.06636151365712407,0.037682352568924334,0.027864708043397985,0.06503803337811792,0.04574371550803405,0.05338284560544081,0.03856805445559495,0.027828225091341256,0.02618841950470485
task_te000506,0.03435538803554103,0.06741365339478657,0.056317652074540876,0.08364385697424588,0.0874686676681234,0.07425454064231894,0.035228680751103664,0.045478700607237764,0.025330438989503067,0.059561740108198494,0.0750544307955549,0.022878599278224585,0.026980696951750253,0.06066029402172907,0.030814578613995194,0.0552322014935051,0.027799638612712178,0.04430822334904869,0.04755834937867036,0.039659668259209975
task_te000507,0.027759614685591082,0.04008308974722235,0.05853949570161664,0.047477115331027143,0.046812587140207695,0.06010036034168144,0.045166272003919296,0.043007310417297946,0.048070470406005004,0.04777556481679823,0.055871942904453506,0.06680525031054627,0.030587444023781794,0.04182458659838123,0.06127493254732274,0.04411226131536062,0.06670206989321756,0.04744804503217764,0.07056546141308503,0.0500161253703068
task_te000508,0.05876074121043025,0.06175676527829706,0.04446461292807068,0.030761488581664987,0.0902506313512026,0.03857663247488112,0.05522722985021988,0.062210984787608475,0.05357378111459118,0.03708416255792021,0.02869002847221042,0.05130659550870841,0.02879786458694665,0.05735441053636583,0.03626309195497679,0.07327838367298123,0.041386195456064714,0.03277987977960534,0.05045781104511657,0.06701870885213743
task_te000509,0.03456682802845271,0.042645251482416595,0.04286377782813867,0.03993784704261821,0.07504852031021549,0.04482408091922622,0.06981815464634587,0.04346751182817824,0.052943044275394056,0.045757884927542736,0.05378972311221814,0.06277453843842562,0.03725054542619257,0.08073027036550906,0.060556460280784576,0.04152961612097532,0.04751711812233415,0.045016013357114686,0.04399436412840515,0.034968449359511856
task_te000510,0.035391078225655875,0.04330689646917475,0.0633489649955167,0.05545695619891668,0.05019155187863007,0.039836922648609385,0.032038717072766724,0.05945633510626175,0.03189960727383588,0.06459355620202337,0.03252893680138329,0.06528884367062965,0.03562696622967934,0.03250348019525695,0.04080595363824743,0.0646655906582986,0.06288454012863141,0.08769840393491062,0.06708901401389344,0.035387684657678116
task_te000511,0.03618045196593356,0.02772899699178472,0.03192453645900914,0.05717877946176805,0.059030902730761954,0.11018844927586331,0.03479559815432821,0.050750235606279476,0.03654590431752249,0.14744244826308814,0.040642408960829754,0.040252056523884985,0.02181846960170669,0.04263360463133027,0.053285947549539456,0.029713314615107823,0.025041122324573124,0.051527733020805086,0.06070103377599562,0.042618005769888195
task_te000512,0.05367584843615194,0.0506043721538007,0.050735364477392575,0.05151924640970743,0.04992090280256136,0.04761395513848333,0.04796986423190525,0.045620811148682675,0.04945642830190414,0.046556684248462876,0.04762658822258452,0.05136992281744676,0.05061884522312781,0.051578209889558094,0.05344066515929014,0.05282538404951235,0.0525332279967121,0.04891749968411494,0.04738386068775329,0.05003231892084781
task_te000513,0.050759851213116255,0.04844647635058171,0.05041292746416674,0.051941521407465864,0.051418884591884435,0.04866595152083989,0.04826637837837177,0.052678242344469946,0.052202536454452955,0.04916345564372939,0.05074293123434972,0.05097654898604877,0.04905683985111201,0.0496973713576256,0.04501085206312077,0.04825003449664157,0.05385656879929722,0.04728506383829723,0.05266739821638944,0.04850016578803858
task_te000514,0.07055252872262642,0.05496074476854646,0.0360819490670628,0.050014008183149196,0.07766277483350895,0.04594891656918878,0.04257020243140667,0.04996654796687954,0.11135600022168604,0.03421584567939448,0.017706984519178626,0.048249860573610255,0.05494052560100685,0.030828791118529462,0.022443628338910816,0.06494817836630874,0.032585126983228956,0.0419374197520177,0.04854434039735496,0.0644856259064043
task_te000515,0.04949572841938523,0.048282855528967134,0.054364294578624905,0.050231968601246096,0.04956969007362429,0.050046988475284965,0.049723916976045515,0.04937959056184801,0.04741990931979594,0.04828141403640181,0.05078865948759928,0.05104024854551532,0.049230335440494044,0.05184284911186727,0.05281735391980511,0.049811887796719405,0.04578111033645412,0.0505178404876217,0.05146308623005365,0.04991027207264618
task_te000516,0.0640427832917008,0.018354683492509082,0.1044805311649267,0.04031964307247192,0.019599808932669122,0.035698619699997804,0.058182679423092055,0.05023109994365553,0.04966708788118613,0.04472432543615981,0.033398747639334404,0.0551664535002226,0.0417483196622554,0.06369906545093379,0.019101665672636013,0.04223735261143918,0.07722216080361181,0.02994661290901813,0.07214393397996456,0.0800344254322153
task_te000517,0.04903365928408857,0.04996235597264371,0.04875345127965103,0.05043226301755535,0.051418540260494305,0.05460887240599544,0.05003564420003691,0.049576427536703535,0.051414592125507794,0.047269457192107546,0.05187658521591157,0.048322891896037154,0.047644693501529126,0.04940533480662531,0.04715915892481384,0.05194567037955772,0.04737616585211028,0.05185656624725206,0.04872859482460114,0.05317907507677744
task_te000518,0.06289976181511238,0.07533176646994882,0.05866640505052245,0.06708961380741588,0.03497236812658475,0.07669043629208044,0.04291340653288468,0.02834489606115706,0.05599853087055537,0.02548945602011651,0.0666595539346033,0.04701606800234619,0.016251206066193156,0.0616369588304056,0.05824367557554717,0.04985703763317128,0.042657768249676174,0.03191272507147997,0.037608457577365355,0.0597599080128335
task_te000519,0.049892285639459154,0.02897732569233561,0.05749368819848477,0.03141953766413244,0.062070395608338484,0.043285683275906955,0.06147330625207814,0.04902899095897034,0.06780670916433468,0.06124977307642395,0.06517765301184851,0.04073934564836204,0.08390010976491959,0.02684653396787454,0.03180052958436991,0.05637484579525607,0.04640760916138472,0.06047314722904809,0.045087839140391855,0.030494691166080133
task_te000520,0.12272935225975938,0.04829497530660339,0.025663517208030725,0.047997019383488805,0.019191291945415214,0.08978679089712722,0.02001441505000762,0.044314689705584914,0.0395743659344168,0.08589759778152219,0.10216936429210696,0.04842894186646063,0.03320579320207194,0.028187066006787564,0.0487297517640725,0.02348709472497952,0.02194346537561863,0.04356627957490334,0.06878616554547497,0.03803206217556755
task_te000521,0.06359431972339682,0.017974147488239348,0.045039835886626994,0.022572159104105167,0.08667078852478349,0.024997396382265592,0.05877703674330254,0.04306529933649888,0.03935627330659293,0.09807305929140926,0.05744272817711195,0.04756746110619932,0.048551164094272105,0.07831473561215666,0.05033469838320944,0.02717071682679287,0.047913223808993856,0.038150058020882616,0.03635779263943771,0.06807710554372252
task_te000522,0.04911194254099519,0.050646310251732184,0.04951469972115185,0.047373207036508935,0.04992856079124583,0.04831960786538948,0.05117914983737454,0.0514450540776828,0.050730677745262354,0.0493430250807654,0.04785442830898391,0.04860403116406808,0.05100247273585561,0.05189877750733945,0.051807950299838604,0.04896605849516341,0.050811807575058106,0.050256302854284805,0.04918307251658433,0.05202286359471507
task_te000523,0.04621305636098196,0.03941846421987552,0.11001215148453211,0.019247993609640694,0.03942542983280664,0.023023989259121427,0.06684691630642096,0.00893118315199643,0.07583767918010513,0.03311078768704535,0.01856322067661043,0.07388543604349304,0.019266202378138135,0.047032134035611246,0.053587705018349634,0.055174811637280136,0.051935772799072945,0.048564664790182566,0.12478164637165431,0.04514075515708138
task_te000524,0.050494362866992326,0.051198324159276776,0.053341386702030195,0.05126847995695542,0.04730727255580221,0.04931415799288916,0.049103844218259966,0.052721097485045484,0.05022227559263847,0.05210890550378474,0.05014945159386685,0.04642408083671038,0.050183098578846216,0.04861049367692599,0.049412385302200774,0.05066327551509193,0.049109480268178886,0.048813037173495985,0.04880199244344403,0.05075259757756439
task_te000525,0.05291521362183443,0.049878935998313674,0.04784812228934092,0.04898140044718031,0.048524280433879005,0.04941024742035604,0.050853853527413354,0.04994609462466046,0.048195111465817994,0.04612237244007297,0.05089934854010494,0.052893630991619534,0.05189997689384861,0.04958973972616812,0.05005357566417852,0.050008527027144346,0.0528360656992641,0.04990402433197521,0.049014432163959454,0.050225046692868154
task_te000526,0.06924551631397355,0.07327259143629096,0.06717954691502238,0.038078059611128076,0.04908015242509808,0.07967481418737207,0.06964095971752939,0.041680519958165976,0.05935529737789676,0.027420544372174043,0.04865622077859195,0.0452837253628893,0.028052566026669515,0.041256232366402724,0.05327322117905032,0.03638601875200674,0.02864335922192464,0.06704287061343396,0.0512133731967557,0.02556441018762401
task_te000527,0.029474712225424107,0.029246753311464306,0.05078408115430517,0.05626113705051235,0.05618906280356613,0.05444636725403262,0.07757740547804819,0.04111217894286418,0.0662846221407806,0.07901852656044188,0.03658699303392472,0.03409991236756121,0.06286904553070523,0.053036414261242955,0.03799232154047243,0.039786827302862114,0.05769488142322139,0.038414590709203736,0.055082096574737845,0.044042070334628924
task_te000528,0.05110950122100945,0.047773531327643524,0.04823747299918593,0.04827655392943629,0.049277716788505434,0.05341801380621817,0.048728150160072176,0.0489487120415264,0.05003337249427936,0.048599925429347234,0.04891377571410854,0.049185650898030904,0.050272312692153084,0.04789760693336467,0.05211830788166459,0.05148793026715013,0.05239201492475258,0.05022563420401279,0.05127303750686957,0.05183077878066897
task_te000529,0.04903364526908484,0.042190322123901614,0.025064170226226937,0.04410962736663764,0.15291656119298233,0.08746047677810406,0.03951327870388518,0.032114394861634185,0.03947772946242083,0.04088314266765252,0.03631487341745997,0.045270651633123604,0.03565599331000276,0.035408714367229026,0.05982089268405612,0.04476661609674107,0.050415049506775715,0.04455259611316,0.040780944040306334,0.05425032017861539
task_te000530,0.025536075434273095,0.06069811858521183,0.045729627019486595,0.025042470024786677,0.08641142697105784,0.04055062370425312,0.0200040776940037,0.06732539523472775,0.10550927125680996,0.01624177356401312,0.03933077867784682,0.06377996523776702,0.06471881246943514,0.03903605908360254,0.08928969096203332,0.018839826899394826,0.05229600954605471,0.03641724678859291,0.06448839425013803,0.0387543565965109
task_te000531,0.07302287593898499,0.030984622058243604,0.054710492631596414,0.057949760836454194,0.062450611799394866,0.03428977221618072,0.03591531325722773,0.03944552924068107,0.02760943678063098,0.027063681905392743,0.06544748792977885,0.04056433830624622,0.06192891284424496,0.07223463640504842,0.054478771410322833,0.06145849336158109,0.04296823763148109,0.05158272500843668,0.048586621139638624,0.057307679298433854
task_te000532,0.05276874369879474,0.0484196261297747,0.05395831297961833,0.050169760849116674,0.048565196896123784,0.0502592368966992,0.050352323263684176,0.048615467935375724,0.049237017725314476,0.04795955495089682,0.04949307567488627,0.04909825322191478,0.04615501149757474,0.04707879643732513,0.051945678004304066,0.05232467508980586,0.048863211188352636,0.05272150497739462,0.052220191637406384,0.049794360945636926
task_te000533,0.041071208193713016,0.04485225794893973,0.057179615245221894,0.053416551743586796,0.05183272125758851,0.0342589384293024,0.02942161751658417,0.03614521365213747,0.039418732997536024,0.0630872857693053,0.04085655044006999,0.06364866443770689,0.04449369026208112,0.041747159580252755,0.05308751241642507,0.06314405492680268,0.05930025920410735,0.048424741338456645,0.09334837961937636,0.041264845020805664
task_te000534,0.04942333961560096,0.047571066863085924,0.05155516235493995,0.04783511466753119,0.050644320999895714,0.04738788769819638,0.053884995020539075,0.0493191437349008,0.04868259144031509,0.05217388835814343,0.047998775238526296,0.05126425882141057,0.049212609293621125,0.0498585321060168,0.048526590505104474,0.05313840897624163,0.05406726472304403,0.04871001611985244,0.047330041871592336,0.051415991591441786
task_te000535,0.05170582789329978,0.04869492201209531,0.04991053071118446,0.04864083807777351,0.051009335942247984,0.05220691034496535,0.050371615975618594,0.04672754122890434,0.0521794972988722,0.04825505259558159,0.04943893258646446,0.05004528804377211,0.047814658898463654,0.05016358977331225,0.04713916188201433,0.05073027880737288,0.05135249163976342,0.049181465033988465,0.05154680101574085,0.05288526023856459
task_te000536,0.12889040325826526,0.022949235857602956,0.07552714548474981,0.013935397054641882,0.01615623218248602,0.01817803757586805,0.0855103908417622,0.07380213974835434,0.08384210143474109,0.04898426087428178,0.050602644531217704,0.03675942689344433,0.08531212472397853,0.03152511210059512,0.03117936812679255,0.020282317275800595,0.015984495580731162,0.03361568361552878,0.04415435191023193,0.08280913092892589
task_te000537,0.06906774997550744,0.04250098832927624,0.03829627773815647,0.03803269164913081,0.06375662475307965,0.05990530094128207,0.057161696441560106,0.05740900720670618,0.04371698676298105,0.03102225526986687,0.06954528924865108,0.04965406105570782,0.05006841726645092,0.046914037999830065,0.06710844973628634,0.03997253479516118,0.055731113038528124,0.05050973047374593,0.030972432444685748,0.03865435487340598
task_te000538,0.04265480134782117,0.046896782216203164,0.01719361683627522,0.029185419620458942,0.05069355596550728,0.07480468955049879,0.04218563922994,0.028659890531444743,0.05196073719548408,0.03345055088000788,0.09458074935245481,0.03538531249188457,0.08528499379714997,0.043878670384579814,0.030139476362425335,0.04531243875749503,0.05813184323589624,0.07978953263828553,0.035476195684914405,0.07433510392127306
task_te000539,0.036866277166070244,0.03768781547241359,0.07469536321731117,0.04259882901381318,0.041975109561886145,0.0381753250091328,0.03355449800499365,0.07798842647155253,0.05999754688034054,0.04817862494557431,0.060295400775973784,0.04743586572092522,0.03582593050606926,0.06736294870896348,0.05363329454491105,0.054507125821417104,0.04973985351093205,0.058743641288312345,0.04330733595529702,0.037430787424110566
task_te000540,0.06394687161481787,0.04697779244437266,0.06152904429779525,0.04969256323933934,0.02431780942115232,0.034133097204958676,0.0826976405403899,0.031601132948684635,0.04241248866226845,0.07330512929214109,0.04397742585480326,0.07890591092176463,0.0492228007935584,0.03397393153732697,0.03582718804395047,0.06379725734017616,0.05448799770134446,0.0482299493474966,0.02241223777226003,0.05855173102139888
task_te000541,0.03802546557041987,0.06267111571983801,0.04791313530411081,0.026149302981054997,0.07338732924061378,0.03214779880823844,0.03282901251417325,0.019715189001830776,0.10579723787905557,0.06573066815642177,0.04655133250239802,0.08505980896090908,0.0735131793361736,0.029093276744096702,0.0996492241325509,0.026245307035737558,0.024370408004297923,0.04610900335768806,0.03331026856302618,0.03173193618736479
task_te000542,0.03425501810474946,0.06792794038091095,0.035555858729313126,0.045052075396163814,0.04472991813126748,0.04380586738808392,0.0677596554151414,0.052587334748362,0.056920928236676216,0.056905446052171946,0.03325690520770909,0.05475798453813497,0.0584027995089004,0.06231323884140435,0.04703801701437365,0.04205446435648554,0.02881315733518871,0.07247180776316267,0.043075035285741005,0.052316547566059454
task_te000543,0.046496604255440444,0.04839635622985718,0.050389585224955465,0.050331395743955704,0.04921073785522421,0.048687873683406824,0.05034167409260974,0.04999089364662942,0.05236878072036547,0.05174281151352088,0.05254777710722163,0.04937523003827433,0.04937709128293235,0.05113254933665159,0.04985807391553732,0.052447994766459324,0.04760839811681282,0.04964671679708056,0.0495140364469969,0.05053541922606772
task_te000544,0.050556298199444356,0.049226272856186706,0.04804204200669368,0.04768247691694088,0.05148995543722033,0.04711983468770797,0.05011339104714467,0.05331275101578927,0.05021834191745066,0.048494477594291915,0.04992462347716306,0.049090975686459114,0.05067504206139873,0.0500753471909528,0.05051630882436628,0.053054811258790496,0.05118250092034203,0.04925704031376497,0.047978931271481756,0.051988577316410274
task_te000545,0.02168263889543512,0.03623985655586638,0.04436309682829087,0.06025703845506976,0.036300203704548464,0.05031138179733667,0.03650817648688767,0.10619873463049126,0.08919705795812692,0.02555714467931599,0.04699678477163871,0.056305708662698344,0.04803873143179054,0.026667337193443743,0.04803678967353075,0.08548637783294204,0.04404934152247835,0.051590974297639536,0.045184274720947305,0.04102834990152137
task_te000546,0.05233242892154233,0.023658929052506543,0.02733390262379306,0.06593303170642247,0.04680503345388961,0.10140667736191034,0.021798627478479195,0.04332581890839532,0.04623514843444846,0.0383978253356967,0.0781203014944908,0.04792250754199079,0.042828830243044666,0.05339299024897913,0.021776072227241147,0.09554492164612129,0.021086831525180694,0.06437121303782016,0.06166624320444171,0.04606266555360557
task_te000547,0.04725691630438009,0.05119167850545563,0.04568149198976186,0.05199626599261825,0.051329891856037736,0.05220096717275899,0.05370678137514496,0.05418508593401015,0.04996084581156608,0.05044931379339847,0.04941672180999879,0.05025923245362106,0.04759259011628264,0.04925807504535541,0.04949600313811494,0.053849821858481445,0.04385844424535828,0.05095364830446776,0.04995784196581631,0.04739838232737109
task_te000548,0.05300321095675105,0.04558180852359268,0.05061492034572138,0.04120752017078386,0.07092718728079478,0.03327695797209388,0.0408651914653044,0.058990432919690486,0.04532999989452465,0.05129732489537141,0.04057258548566594,0.03193146514124421,0.04963228504524565,0.048003777956848515,0.03652406493197911,0.06210619160285279,0.058479094688113555,0.05396937641251593,0.05818732955781568,0.06949927475309019
task_te000549,0.05084158725055402,0.05020176817415124,0.04677096504931693,0.05137800369543149,0.05149697917697049,0.049327588378133815,0.049144901372738165,0.05046449168736121,0.047631604658945025,0.05205679474147774,0.05457761959573974,0.04974073976589614,0.050566900592400744,0.050863730635590576,0.049150000838257,0.05373252210815034,0.047140987538528,0.04978402108100451,0.046892297916422555,0.0482364957429303
task_te000550,0.04710904796094928,0.051482079832471286,0.048389900152450045,0.04706975069471967,0.04846168756999053,0.04645483639143266,0.05190902172796609,0.04837304533727338,0.05121956832286948,0.054259456996082915,0.05140333967175022,0.053401223960015,0.04962116678512879,0.0481348587394823,0.04981361198855372,0.04858446760147322,0.051233317626420874,0.04774115281594464,0.05286152014881987,0.05247694567620607
task_te000551,0.04129172287532313,0.019980849653321753,0.12746633990688203,0.040625184152776585,0.055515565770023,0.04256725503488744,0.083163335026792,0.04062731138139368,0.04241749457490579,0.02493810376820688,0.03118331231566203,0.034100068531911915,0.09405586853725882,0.031470376706236335,0.040709146325636957,0.031754613280910775,0.05624041230891336,0.05217482893730145,0.052045987891536284,0.057672223020120046
task_te000552,0.026711729764314237,0.052835998495968095,0.05673381253498642,0.05400117912762663,0.04411532177961119,0.07054000059163718,0.058643482970772244,0.03504966569173042,0.047690997553713525,0.03839106853893943,0.07035733758207546,0.031994568145917016,0.02608357228608238,0.05484730610181515,0.06861982300238936,0.03546754110657247,0.052651884254575024,0.08467876038033845,0.055035518778365454,0.035550431312569915
task_te000553,0.051566729292238433,0.04816914397514087,0.04842575268254305,0.05072489054655115,0.04627809692024813,0.04624185834435046,0.05088327519618931,0.051137356024865833,0.05371820727409722,0.04911444473016455,0.048737791851954454,0.05002983087864153,0.051729129587425114,0.04942313092837058,0.051104733982294016,0.04841653757541674,0.055997726314942646,0.049184215474185056,0.048019574923294936,0.05109757349708603
task_te000554,0.052980163306512985,0.045126679256351186,0.05390461796051353,0.03623775017777918,0.06659811090060364,0.044310514930374224,0.05442565483834592,0.041117258374400535,0.05816429746242153,0.051698645559384485,0.04416984002345961,0.04161914005054322,0.07153986554850278,0.041288940984772066,0.034329222625194306,0.06632551263124305,0.04638905380148449,0.04238216923507136,0.04157251994937898,0.065820042383663
task_te000555,0.06459542611953537,0.04605614544969757,0.06468512983739712,0.026744173457504815,0.09719287597938044,0.03173829166759488,0.051260459808625945,0.04035829851980861,0.04651854408739712,0.04924505098700586,0.03296922802106902,0.0439077224875316,0.08936406343805887,0.04608482135592538,0.054185160181637,0.07975366147667554,0.03226071913252568,0.04735446379044456,0.019914165192843364,0.03581159900934127
task_te000556,0.061483293377244105,0.038340676448050844,0.050142182591739026,0.041592532048219714,0.058182282824798065,0.045602723352478725,0.061058379045506,0.056634596814804976,0.0386095749218293,0.040377464625894546,0.059816344619920116,0.05591907445172604,0.04581620835133939,0.06990867167931047,0.04200670588047294,0.06565693618595192,0.028235671392107708,0.05621327398206706,0.03959818469026834,0.04480522271627075
task_te000557,0.04903750577076206,0.04949578184096496,0.050671001081618317,0.04806947806665606,0.050317809298077186,0.05128608013178694,0.05155605255699192,0.04955206535885284,0.048824307887817976,0.051398489862352674,0.04947928352706599,0.05162367104007073,0.050627609244040694,0.05031141732652561,0.05186486101856924,0.04861959426437545,0.04547103312423308,0.051502673154107295,0.046944698775419846,0.05334658666971119
task_te000558,0.03471769542976252,0.03174060547882512,0.04686570132274736,0.03858412762660475,0.04475148501482763,0.057451461528175415,0.06757505277398188,0.07486879310810174,0.05155480923947205,0.04207519477587496,0.06520808801701601,0.0856099641731397,0.0462625750899655,0.04111751485775012,0.04444729850583837,0.06324204628185036,0.050148177697197226,0.02298744928959885,0.05327239058821863,0.03751956920105175
task_te000559,0.04338638328280316,0.042379377892421466,0.017140960943798307,0.04203741345285411,0.033620377623062275,0.0743719101529578,0.06536983111045637,0.031005227270934497,0.0367639528685553,0.09994366023146257,0.09470105684950691,0.08072646997426867,0.03010248239706876,0.0326580751876244,0.06574164364520343,0.04900974170180132,0.06035033404042485,0.020825653288905,0.050198625485296335,0.029666822600594625
task_te000560,0.059193063536030155,0.04438842660206855,0.056746449551934426,0.07829650862569545,0.03259921017027828,0.054276348870711054,0.04749095246393731,0.03252073273452379,0.05011967725317057,0.05125552114609766,0.0408399910936873,0.06392386816884786,0.047924617477117834,0.04817398995530858,0.05049470576122567,0.05039686118840289,0.040719645244657994,0.059431368653239246,0.038934656296636345,0.05227340520642894
task_te000561,0.04929378150251802,0.05174022950899238,0.05064350452858333,0.05328353467847726,0.0489292519641961,0.05135348694344244,0.050876297215890466,0.04693665479577214,0.05116767467599395,0.048694997807851324,0.04787400173176428,0.05335358213274013,0.048641492979594345,0.04684578576576241,0.05043730084963626,0.05267483930922186,0.05096636739480247,0.049925884060683025,0.05064557866787822,0.045715753486199766
task_te000562,0.05964450631577935,0.04186869010633137,0.0660643657039105,0.0375395101095554,0.05598504234476445,0.03304729804585921,0.06384410077944332,0.052951903434350786,0.06584198571396692,0.07956346510042903,0.05848415874171537,0.052022839043756416,0.033391628140328575,0.040086743837256564,0.058967350427638725,0.035058424949765056,0.027543123603882554,0.048104445061021565,0.046277103630975765,0.043713314909269274
task_te000563,0.08944086712732506,0.04256461387846193,0.08387547351172922,0.05077184270989534,0.04725054273019807,0.027077039844799023,0.05831359817320922,0.06552851325304798,0.04022779030652985,0.03778731972945485,0.04415733137221923,0.06594394472403216,0.04614387491147346,0.04984776486512015,0.058980703140342414,0.04286442225117623,0.02932805468816505,0.026942233993092677,0.05384362812947484,0.03911044066025312
task_te000564,0.04335430146698661,0.0427116875766445,0.04779365895198655,0.0312501486381833,0.04561489534710818,0.03801053464089496,0.06382847248404849,0.048001983103993395,0.028787427111898297,0.02536806752924495,0.0670523327982494,0.043358856734647296,0.048841270233293425,0.04665290244937161,0.060730127131025144,0.0569268743550694,0.0733358906328969,0.04526055035180412,0.0908038394545711,0.05231617900808251
task_te000565,0.033162795062453454,0.052024182817474285,0.04745657911686285,0.021430978086746075,0.0767294769735323,0.07704174256328962,0.08704896150995522,0.06403986010396022,0.04314149075683942,0.06317672493166564,0.03339733019575562,0.03857500426777077,0.039806809515551475,0.06322727496634335,0.04522593719955523,0.05049786942059279,0.06759188234638797,0.04236600540696081,0.0233006105726761,0.030758484185626763
task_te000566,0.024590511314852175,0.05090699728331836,0.02702896027146335,0.08391460599049079,0.050689725813152134,0.02007207081093846,0.023887448237622382,0.05130123089089379,0.09579540080382251,0.06950397493454255,0.02036334031883747,0.06038002545574404,0.02467920432543619,0.036296929484347935,0.08117690342419172,0.053480272524098295,0.02209190838568629,0.07752126644903468,0.03589077185068062,0.09042845143084634
task_te000567,0.02829614323463342,0.0329164716153625,0.03218686974756392,0.03511871485761037,0.03848450588200102,0.03254976586914795,0.07044050536117799,0.08037652715567455,0.10731915437561212,0.03443713195658719,0.020381314748738198,0.027771362669435282,0.028130874496077343,0.07282985068139265,0.05120042586269492,0.034744713522356294,0.04176233581165421,0.03252869328536862,0.10836056680897818,0.09016407205793323
task_te000568,0.04593858541602742,0.07263885573996656,0.052653121337446505,0.039339897327484954,0.04430706652554264,0.06967623003219858,0.0620308081569403,0.06492044681768407,0.043640060010607176,0.03554220940703247,0.06064933380040261,0.027682232593367453,0.030884828155183775,0.05321361147223407,0.04933969193081149,0.06394431345364608,0.039728731553933944,0.029523494891938045,0.05283185507332186,0.06151462630422998
task_te000569,0.062479902119052064,0.039110757373844736,0.04717152570215553,0.024929817765102,0.04586398743526618,0.060802664016649015,0.05435129433785472,0.06924792385586025,0.04118964443054927,0.061770228183309905,0.04212909555303512,0.04184041873290349,0.06666954917956452,0.07616377632475542,0.030731830409058223,0.039744443572842195,0.05212551162214646,0.058368692921828357,0.0501273927622009,0.03518154370202175
task_te000570,0.05759641162814714,0.04323480799630813,0.07026282463253657,0.02220489542992361,0.04305522807376403,0.04304027017093307,0.0579778445694208,0.03605477885364917,0.046621418848541624,0.011062539597028078,0.042878094419783554,0.043956187466121656,0.08732152485607685,0.06291136216783318,0.04805933528518979,0.050954522583725466,0.057606524032832104,0.03028160215061388,0.08626380049962501,0.05865602673794635
task_te000571,0.049000527277048615,0.04870201284643787,0.04819100144657608,0.05304262367268595,0.051449645429315065,0.04777700975824865,0.04847282913317798,0.05327255021971604,0.0512652602770437,0.050465349324439475,0.05392002268297593,0.05155575572498218,0.049755437184290846,0.04833545573378568,0.04970469547017648,0.04892181606533813,0.04783705012041987,0.05004276926664981,0.048808425803772836,0.04947976256291901
task_te000572,0.0463608320223029,0.051175774773718465,0.04864245378298247,0.04928083955678,0.048280041664485566,0.05344470268895232,0.0517138215972057,0.05212075363816151,0.051754206750806296,0.050048225969469104,0.052015171700679416,0.045778994595970256,0.05053342103630188,0.05012419120332414,0.049845496642667755,0.04703435429854274,0.0512317867096811,0.05349144972779614,0.04670092814357819,0.05042255349659409
task_te000573,0.05413317641968347,0.04018128368470906,0.04185768114179965,0.04432149080541563,0.03698383783474531,0.04667809654689923,0.06695684122837386,0.05184260657367896,0.034154173218233254,0.07671093011628566,0.047672217020272176,0.0538959082087502,0.04276077337518754,0.05189810103052797,0.05804804518942247,0.05300886914170691,0.05812427735621407,0.040622699291084974,0.058218989630753275,0.04193000218625642
task_te000574,0.03911903630121415,0.03595376131010681,0.07435665700740438,0.040888329599969436,0.039039176738870224,0.06060287790363925,0.05640570514837478,0.0340461886015414,0.07655864958576528,0.035706070012415304,0.048428142592532336,0.04863048508650685,0.08272448194094212,0.058412889224825924,0.03717681868458981,0.032916808227071305,0.032356145563774495,0.0315070961688707,0.0698465030673286,0.06532417723425687
task_te000575,0.0432275794209948,0.05300942142315678,0.05500529595603245,0.06723731634435384,0.03382676277551478,0.035738571265084965,0.043793161423599965,0.045421503963506096,0.058232462362052984,0.05046933750049937,0.03113396657607102,0.05261998224879506,0.05367854379824753,0.04994547780926515,0.055542319725528866,0.05171363304297899,0.06894659030623143,0.0419523026970539,0.051791928770852314,0.05671384259017969
task_te000576,0.08014064435803042,0.030769731849789088,0.10930351733060717,0.021206505540888185,0.0811659164168768,0.036751151204301245,0.07748503131714243,0.03090604979456988,0.06193761675550402,0.051617873967543394,0.044361662259651304,0.06551865969205763,0.06986891347872357,0.01728804092612999,0.015140781878368821,0.025615740009955028,0.04371231339892052,0.03885914078748446,0.045056854244694584,0.05329385478876176
task_te000577,0.020059316787472876,0.04701264634857581,0.038742022121008406,0.07353607015585138,0.12141080351740942,0.017899511380545546,0.06819382874823665,0.05549640021201716,0.050249244929272296,0.022220323481415935,0.009676639794644877,0.07134053110942092,0.014893649755361126,0.07774093424291176,0.03779167012065439,0.025821133192390756,0.027182012970379026,0.15861339972296354,0.03270499240850173,0.02941486900096647
task_te000578,0.025312385674154867,0.04476420927191587,0.0431944934424422,0.03635704870979227,0.09013352116130537,0.08252853126619027,0.0454987526540975,0.04146776539621681,0.05842043563006787,0.07259893724752911,0.04793369638761323,0.04379045381875306,0.05511921776120723,0.04596334100046057,0.025236439235708043,0.07023037044593672,0.04837469845394947,0.04041741582688837,0.037213145638054695,0.045445140977716465
task_te000579,0.04600795119697375,0.03725560636880087,0.05497626930234096,0.02690159017407206,0.04396036980466939,0.02695376630942631,0.06276684200422472,0.034292744742172025,0.05459523171531652,0.04341945413376229,0.06931639722365715,0.07576659647466244,0.0409983261626616,0.02429456949532073,0.042003209536172266,0.11505345020740221,0.058497919619949386,0.0623418846410974,0.05197547998431228,0.02862234090300574
task_te000580,0.07981577355094929,0.04170757632247278,0.02671546737197956,0.10730100443821425,0.05622795538061166,0.03262106136166193,0.03841544236716911,0.0881211396856143,0.03632293298753893,0.032177617442727804,0.028040239676372737,0.03853236018244114,0.03858190616214289,0.03723957859763295,0.04893948234378141,0.05233877811062198,0.06303983104871982,0.032754212395117485,0.04596524744834537,0.07514239312588471
task_te000581,0.02978735525577353,0.03264768309846587,0.02889222122521476,0.03572859998094603,0.037629860050082,0.05017049545504386,0.024544665104625704,0.04538373328694974,0.051266610853703085,0.0725220321974462,0.06738061726964915,0.060267170342022336,0.052621316714588855,0.05191886817238908,0.060690933860351313,0.046543228254253215,0.04620325340928771,0.07996354061071625,0.05938530738433734,0.06645250747415396
task_te000582,0.03887893952386341,0.07265106727520114,0.04043049319016296,0.04597690286357263,0.03078650474754943,0.07472392497664143,0.05148371251643022,0.061737494919690696,0.0556950214912475,0.05027996738035998,0.0829461649119019,0.056512805911024186,0.07830732192790296,0.038791499845746716,0.03701640155004413,0.04375699953443214,0.04161763513401702,0.03357455701114645,0.02707394568704596,0.03775863960201905
task_te000583,0.054913956270754044,0.10791532161576181,0.04663164001192102,0.05074489386794056,0.04686114781803303,0.06162944635186066,0.036250381311506284,0.06629842648397667,0.04019726681747715,0.0418757446921703,0.03589304983434708,0.02863829290481712,0.03663454725605974,0.04957772261242613,0.055692966266442864,0.0482549764258342,0.06171205529097034,0.06107758678381087,0.04170798903505543,0.02749258834883459
task_te000584,0.047560028453969116,0.049677809634588045,0.04991143074241252,0.05065425964881994,0.04724551486466941,0.0501672806322716,0.046111168969543155,0.04882732212941073,0.04909667601888327,0.052733716741944874,0.0492402333707985,0.05130255302561161,0.050244473920668706,0.04804259508391986,0.05053642781540737,0.0505991027487054,0.05079386356247769,0.05485889219552383,0.05061184427169138,0.05178480616868305
task_te000585,0.042942800247697546,0.04118874554810543,0.05159470134113356,0.03733639852664698,0.04519489088205518,0.046068978337655206,0.05822403325561738,0.061613424706148355,0.06064551703275344,0.03450123206517718,0.04866520225570784,0.047731302438440384,0.05675827506811213,0.04589842344222759,0.05195885376506493,0.04647213555927592,0.05378814455360115,0.045576416470845864,0.05849233475163165,0.06534818975210237
task_te000586,0.029143408702068028,0.038621650749679,0.040969937848742394,0.03849444687646412,0.042655293127812785,0.04224851450896852,0.06111415128375538,0.049123055354168894,0.06256389169187783,0.023127632708966794,0.04649111132264459,0.040753976139943505,0.08850623016955456,0.05507806701781134,0.04651965433577483,0.06612246771590342,0.08187968026131784,0.06626284992169666,0.03411562938486664,0.04620835087798294
task_te000587,0.049935731476960336,0.04956784511810822,0.04973156702186919,0.04929491194067833,0.052024643887677864,0.05034801579533023,0.04745767419131735,0.0482715120520327,0.0518024736894248,0.05299582110476885,0.04684552117362325,0.04934277095543179,0.05082670190185975,0.04946424590609366,0.05298294059726709,0.05037625570832371,0.048757828984176486,0.051600431614099614,0.04967293980681149,0.048700167074145075
task_te000588,0.05043738743480076,0.0493725028857626,0.05212332088734301,0.04878931349616176,0.05060587512929804,0.05141452957549751,0.04781698415991251,0.053664735610995405,0.047097332332052856,0.05074152481830588,0.05097283130408536,0.05029968786026097,0.051088747723339545,0.04954389814423196,0.04758988653064211,0.0506810279712324,0.05039728043790635,0.05124365705614218,0.0458461247340718,0.050273351907957065
task_te000589,0.05412643778710244,0.05114598543889052,0.047237021542290536,0.048836609802693824,0.05070326735133203,0.052790016672309856,0.04832693507219689,0.04883104264585307,0.048379520743592315,0.04802001275435122,0.04833083186883408,0.05445304963914768,0.04979664574568617,0.04863797087013324,0.048908146148695784,0.0545391639950417,0.04823882863430136,0.04886290478671638,0.04852973569858705,0.05130587280224363
task_te000590,0.02163685932957176,0.19649108286869663,0.08849891473629874,0.04914374499402225,0.04857879951690006,0.036455034513924296,0.024333127068071527,0.04766339397689393,0.013096218679280009,0.031137784690199635,0.04043130294642751,0.038821772410687204,0.034324515628195745,0.01981434279247682,0.04306235452866683,0.09192199177652818,0.04017323663698225,0.056125829175459066,0.028666169245684756,0.049623524485032884
task_te000591,0.053286651906824724,0.05444896124243989,0.033862349797967234,0.036934698137511525,0.061894023321477774,0.056654819067087935,0.05332655368281341,0.033414786306871454,0.07067118829844773,0.04600807196041817,0.05808665591708427,0.03914619757132224,0.05295402546154552,0.0635694278975202,0.047424761647025845,0.0388144747446687,0.06956546477940775,0.04494463021908422,0.04767995292382715,0.03731230511665433
task_te000592,0.04151368587503169,0.08691068387479454,0.03668157365086867,0.06095657030424549,0.06551744447430674,0.04642473212840845,0.040022536427494204,0.04509289516170655,0.0404693030394777,0.04697282338880588,0.03671078463208909,0.08156932468181627,0.04283504375097127,0.032944376021212946,0.03435517569118394,0.08586953072792272,0.04536096360161753,0.03527707486084669,0.036256307920364085,0.05825916978683549
task_te000593,0.05190222377209432,0.05192830835455956,0.05093984762068142,0.0506911398468102,0.0504240023426929,0.04797416770093881,0.048434229014961507,0.05105210424600587,0.052261522131729105,0.0502734870119468,0.047562342643496666,0.04922156329082988,0.050531225823833854,0.0483218363763895,0.050895672380264434,0.0491382461828731,0.049028410229712244,0.04889534747859839,0.05149425396555942,0.04903006958602213
task_te000594,0.050901404139678766,0.034459732614846694,0.09740727965748901,0.08479325942987875,0.04605552385972677,0.03705892654171242,0.06325362949436708,0.059593201261583094,0.016743964086676968,0.022369417609819343,0.03815799814266443,0.05818174454186538,0.04905148348370215,0.05203621471567582,0.05256675803311782,0.053834138902791324,0.03431022017299155,0.04304600723796982,0.04088819932298963,0.06529089675045324
task_te000595,0.05384397584855068,0.052836823743080054,0.052137307910289026,0.051401062491317165,0.04732593305692153,0.04568561678861854,0.047653474445392745,0.05178321766397152,0.05611559632845799,0.05021253997691922,0.048746868098278544,0.051861649827639335,0.05054359591449022,0.04854594561436578,0.04725313459219226,0.05104247029096609,0.048291529994583915,0.04970839752328755,0.0473024538073758,0.04770840608330207
task_te000596,0.04096322590537643,0.06101142137617475,0.04943460569068486,0.05874975652530857,0.03618320346208601,0.08231526995623405,0.03590958474081693,0.06799858051645466,0.04719696006977651,0.054030853664915515,0.04827261599888208,0.030059015598930143,0.030986949402288803,0.03185191672384445,0.04959063355204284,0.03964110366563386,0.06035483278358315,0.05854574491189135,0.05923475560189,0.05766896985318524
task_te000597,0.035360641168936,0.10661428641068385,0.04741335103063139,0.03316500036609602,0.02461147372503215,0.047330058214436574,0.047855471464491,0.03746702841159845,0.04829786784769103,0.04022626954093488,0.06410582264042576,0.06903755224051719,0.06522426769433308,0.02805050588127662,0.025755956506991622,0.023250631928399115,0.06790445133732981,0.06335514418598462,0.08010056273666331,0.044873656667547446
task_te000598,0.02526211676318459,0.08302965152292165,0.06025664726036018,0.04913111041916347,0.07411978133217402,0.04946225295354688,0.055950035657006104,0.049193390970160955,0.03349131507948655,0.07431382273113239,0.04019644229975943,0.04341222606101758,0.03093006350047194,0.036332291078148796,0.057514864626209465,0.051149498135781714,0.07082937332010726,0.03621257182653276,0.028230927873389374,0.05098161658944502
task_te000599,0.05899257504504489,0.06947549256271995,0.033094747379514906,0.04462475381570451,0.1423408474781055,0.0718641505489412,0.04046110964020577,0.03683366377104849,0.02900247163376311,0.06333639910734042,0.047875180431396776,0.03141996518118329,0.04075999803389587,0.03170024480343891,0.030625527957995342,0.03252370508888214,0.03572067447664654,0.06532310241114728,0.018230003236049307,0.07579538739697594
task_te000600,0.03532830177658165,0.042594528260699954,0.05326858515293378,0.029772354524743305,0.037063109987009006,0.03614519170761837,0.07681695346453522,0.025586835747821318,0.06685729473291833,0.05623707679757044,0.07944121586847251,0.04612718955454111,0.05575303682369435,0.054460527034525016,0.07498035050195191,0.035162787518606034,0.07385894371998752,0.05089861728765891,0.036618221867028844,0.03302887767110258
task_te000601,0.05179854353291226,0.04962419463062927,0.050356481136856625,0.051085960991119755,0.04917355382835046,0.04853958832519411,0.04976357901542693,0.04855951858523829,0.04998557842783247,0.052400997744137395,0.04928866023022569,0.05036505396715141,0.051064279279402484,0.047515433598357214,0.045853951105396154,0.05261080759807456,0.049299573239221794,0.05195465933086741,0.05101621928252827,0.04974336615107746
task_te000602,0.0579043566362443,0.02110797658101141,0.04424483836273495,0.023693155481604583,0.09357461625480591,0.03469686234035413,0.08719813083029965,0.04667213128076496,0.07813463163110887,0.03767270073174961,0.07295219292140455,0.041691807591208316,0.03416545377150791,0.03486081590270975,0.03785532388226727,0.05121272321352963,0.03862001328288355,0.03234287226840672,0.053153395741910504,0.07824600129349343
task_te000603,0.018380503091318827,0.14558376063482445,0.043863282278720925,0.037711038770677725,0.011008727686868745,0.03771479448781158,0.13099030805196082,0.058753059453627104,0.020121747747154115,0.04885808915414863,0.10910387900273476,0.01264894205151297,0.011718080535211735,0.019200724921059256,0.04699483576092123,0.027133326385008653,0.14244814006741718,0.01565608369916662,0.04577382500638027,0.016336851213474436
task_te000604,0.10335251279034059,0.05426976419447547,0.053150003318409994,0.04006486416807464,0.030824103520981777,0.05536084974497865,0.12384067961905286,0.020009152113546248,0.03758534143264655,0.042678050471643816,0.06165165358769188,0.0379469890247465,0.048334006123907265,0.03655551106630707,0.04979651195308097,0.0316123387823501,0.06659711068109743,0.02563457406281774,0.06271916408826476,0.01801681925558571
task_te000605,0.052952204152497566,0.06041611682460234,0.05689471262537896,0.035492624720372026,0.05080655654290046,0.07221316300358412,0.02934462323551671,0.07441505235041741,0.03993762537841246,0.041988775799842226,0.041099871233497426,0.0824211161930544,0.04060282227908008,0.04682192698397955,0.0673663367000412,0.0321012263448431,0.03070483720662134,0.03371748677625796,0.05738997542143273,0.053312946227667996
task_te000606,0.02279048481359748,0.03978068131668729,0.05532935450605806,0.02108335301539392,0.1052691308945574,0.13090212865895404,0.016807963600521194,0.08766692746534707,0.017226386001585218,0.018813345484022113,0.07480338877170777,0.029709520558906036,0.08394787965905776,0.015375867035895363,0.029651591187880348,0.03350284831512113,0.05847377416164519,0.04809485332305084,0.04273988859522621,0.06803063263478532
task_te000607,0.068115096628094,0.05393168557602317,0.05878736330720666,0.06314670472559454,0.031130028992642497,0.04148039692756547,0.025272155199731722,0.05212902054722433,0.07130717380033252,0.010059461505056702,0.04919371160341221,0.10558360197780105,0.026332462524047497,0.028477088684245946,0.019405410715995407,0.02245852568830723,0.08790569063137103,0.12498557987588114,0.031790174289476024,0.02850866679999088
task_te000608,0.04227059318184679,0.040782632579989826,0.06282373750514401,0.05959592111193308,0.030443824637337986,0.04416608239442024,0.040692583729540585,0.03429305341207972,0.03763394520293296,0.07818125712959938,0.03657521515425117,0.027693729559971684,0.04235544913201081,0.04608518559238529,0.0490200901952458,0.0679705934694273,0.06260332861745824,0.09404383786697049,0.06012067567785377,0.04264826384960103
task_te000609,0.05568047269343323,0.06201193021697797,0.028615983795113868,0.06421313875110046,0.05653244597275209,0.0425398773003033,0.021101078164280265,0.08484783200024977,0.03781807064569711,0.02550248511198144,0.06655543143315085,0.026528970886300983,0.05036399558351451,0.08712185541108426,0.023293837944005014,0.11251411769072167,0.04109443690436717,0.05702367640464353,0.03212493074588434,0.02451543234443814
task_te000610,0.05776979889699576,0.021421738471721935,0.04152803386266916,0.05916790084773381,0.028484428690834705,0.06391984128373691,0.042786776620997995,0.08635973641175512,0.033072857335494955,0.05283853513381166,0.04057611054322124,0.05868234534163378,0.0241564612987835,0.15485537516822925,0.05223509956858262,0.028736276231167694,0.0715008464745661,0.027672280147815323,0.02448604421503316,0.02974951345521536
task_te000611,0.05819266628817244,0.02439558207958851,0.03804062757115045,0.05766123207657056,0.043426037916572596,0.03541457934065293,0.07561298186067848,0.029246151570619473,0.05910397659797865,0.060155131465572775,0.047909875081802146,0.0687724194909052,0.04917613657256373,0.05883930937475367,0.030551038798390752,0.068652327999932,0.04435078220842935,0.04313737687595398,0.062268006927930754,0.04509375990178155
task_te000612,0.05727915689231432,0.07760566093682351,0.09019856311027258,0.029841867731562183,0.027645077536514892,0.04379548866622401,0.02519997173947519,0.018791478366541874,0.04091780256797103,0.04063847471754554,0.027295994898166483,0.043922744024082694,0.06784316833837703,0.07160489440860036,0.031195815858303572,0.053417094895985444,0.03720968514782451,0.061436184239879454,0.060797458797052985,0.09336341712648236
task_te000613,0.02214857427876997,0.030315426440799282,0.0713722522061025,0.011712784418085586,0.08389739162573119,0.019915947577957484,0.021648046210289002,0.024315746982639483,0.009542128941189713,0.06285797105640539,0.03904689830905326,0.05337735954915287,0.07090250595598335,0.031332247069049905,0.05853239525834086,0.027282184318698853,0.15663393511330692,0.01172557377825308,0.07323950618462831,0.12020112472556305
task_te000614,0.057415122622622744,0.04260863143868794,0.028842110201141493,0.04418401283732273,0.025060525909964108,0.043185021033629915,0.0860632546786952,0.041313710823968626,0.11095718198277182,0.07655514764490627,0.020240451340166915,0.035563216124940907,0.06498798821695875,0.039332212849326934,0.038953505155579576,0.04719859389318286,0.10033550007659899,0.032162618933343046,0.03425800680161143,0.0307831874345799
task_te000615,0.03677963949498139,0.038869854549745994,0.05288624594035614,0.1310915796994669,0.052077752422609945,0.04377792949071907,0.053386958934069084,0.06434190449809059,0.03452015463076869,0.03292524417795024,0.035175303764680345,0.0980095517061782,0.03682350896047225,0.04623221577231769,0.0504062499862348,0.050482278736318685,0.04202841771851663,0.049025919339393376,0.020688601898317678,0.03047068827881242
task_te000616,0.05192275088966125,0.0513228668738411,0.04831527254681951,0.05089476935406748,0.0493768512392195,0.047816937930798296,0.051217249387262354,0.0515524137365923,0.04925287311871652,0.04831557234344381,0.047294331484439685,0.050047398096225666,0.049779712699933615,0.05014294373172184,0.04793251212853622,0.053599898850314374,0.05180996641807096,0.048299339996221546,0.0501277692211658,0.05097856995294823
task_te000617,0.027904315687668997,0.02159797459689527,0.05404025329516942,0.06043082105413777,0.05031258391079986,0.06861130798222667,0.008640816205360332,0.018969645573051776,0.04899151936885611,0.025827044778310337,0.08647612214254988,0.1169751751224064,0.022544194650095734,0.01451279258284825,0.03708520786738931,0.014327553708398678,0.17092128121615335,0.050347847032007786,0.055817040931164456,0.04566650229450958
task_te000618,0.05048377681263427,0.04681857312662778,0.0485714077075816,0.0502928504828475,0.04919525650745419,0.04871543333768321,0.048009793843020857,0.05013986627628391,0.05034550317972052,0.04883964309326647,0.04977745514174612,0.0482322603921927,0.049688113907019216,0.052473004445344695,0.0503576901572193,0.053168291803041764,0.052252554140753464,0.05125296000007309,0.05151328384354654,0.049872281801942656
task_te000619,0.02790570916541964,0.0447650491319061,0.06143945559814018,0.05763263996459972,0.06128373564105857,0.04634430112396802,0.056025446970065194,0.052110699409195604,0.05018066906083918,0.04981626246966239,0.04142739521171683,0.040435720942803025,0.04512985626584489,0.056676205444925506,0.05695339478259517,0.0763625192071765,0.028468941442775737,0.03407847294188227,0.0512394662549747,0.06172405897045063
task_te000620,0.028254880202718106,0.07066292528333075,0.0592469016149544,0.08533578142287142,0.03788238586207366,0.07064922481277677,0.05161642782142706,0.049040247801449395,0.054686503071227896,0.037031306847113914,0.02114751808519099,0.039888403032609224,0.084912710990114,0.028627265531031194,0.018333340476804297,0.030651535270194135,0.02695911968458627,0.08327059390065872,0.06243468482910483,0.059368243459762805
task_te000621,0.038759598559607804,0.025740403113750726,0.045851527811480906,0.042180499026179256,0.04410724971357332,0.045330932001113114,0.05149457533384137,0.057514778686101525,0.0885007956231313,0.0625519922806675,0.0255276746800129,0.015195668370219666,0.08455174104717887,0.06452063284517094,0.07860042301265951,0.045264468899774916,0.07055343188315258,0.058897651930619625,0.036287730469476934,0.018568224712287296
task_te000622,0.04368695505363281,0.016335585419401527,0.02947170115385967,0.06816805434985607,0.04381226573814099,0.05100967463274299,0.06679089399753951,0.05879896201831031,0.03979508778655172,0.07205438037776538,0.03846798537716936,0.048880233876409176,0.09896025065454106,0.042354146103825756,0.0472922956528973,0.036031072878266394,0.03672766520867364,0.09135972043912388,0.028602709863239296,0.041400359418053194
task_te000623,0.027402861526038838,0.12404548503680007,0.045643295782051514,0.02671122342136835,0.029316622869423978,0.03208451871116066,0.07746630385133747,0.05037702073213134,0.021896697855985692,0.058898906878573465,0.058086792203583974,0.04229996933501515,0.07240406945011692,0.05714963235359608,0.06894587859457052,0.056969572582455615,0.0324823330988808,0.07248805517324562,0.020679663396765004,0.02465109714689893
task_te000624,0.021413967658641,0.032343436468475595,0.05632204493092576,0.03878369024779735,0.08931556968177967,0.041072317197856915,0.023001096700649315,0.08262927238274612,0.023811278043953353,0.023068069216469086,0.03012693955738395,0.0699397201212746,0.030495414695221774,0.19583408886124798,0.046857216600874406,0.013629290495413266,0.0450034579550272,0.07975920998191333,0.04082634199075159,0.01576757721159782
task_te000625,0.059411888016949035,0.02090910857451416,0.026977818164826917,0.04704386692153357,0.041029580163516426,0.04499274522776795,0.019023470306713256,0.013848650946576519,0.04342837153016357,0.07384986983808457,0.06253687617062074,0.06726922611854966,0.05064135375263435,0.05289396828854984,0.05806874657897382,0.1448991231244313,0.04768816938190658,0.018068361076999825,0.08042339302129557,0.026995412795392363
task_te000626,0.044239483769367906,0.044727563195717815,0.059113172774705826,0.04104154021489147,0.060898764575848925,0.04202484544384861,0.043192117591862776,0.05054222176946329,0.06813865012056433,0.03629159420303859,0.05604673078736565,0.04689600313705938,0.06916564185653348,0.04897699228432028,0.04195055851336827,0.07318954132823073,0.06218423641262078,0.041392888566253214,0.038076144840220094,0.03191130861471866
task_te000627,0.08311716831104103,0.05958188966439396,0.05954794164362567,0.04747581376452802,0.03464174130969725,0.033749841098916586,0.055104026365668225,0.046721939775720346,0.04611839562245645,0.04507948829249498,0.026526339714665517,0.039798131809901015,0.036327885653884874,0.03620637955791535,0.024510021132215766,0.06289901485388469,0.05186483491275293,0.03834079998084541,0.08146476891199163,0.09092357762340035
task_te000628,0.07710895707707262,0.02025597026970268,0.0495689726910464,0.11081583989381971,0.02258465142671357,0.017960440269186823,0.10335000066928124,0.12073477341385308,0.07919638456304014,0.05272330858064117,0.017003605307036863,0.07256342206254596,0.020979113252283476,0.04694168796876613,0.021444260627857387,0.01293684679208787,0.03621864180349737,0.04949429699471584,0.049325633806474624,0.018793192530377253
task_te000629,0.07481074552736955,0.049701578744356475,0.20656583297230505,0.025125427252075085,0.04428409066595494,0.061523258564320456,0.032650602611503786,0.03338284985847271,0.010387601318944588,0.05274876989156604,0.03751962673893891,0.050585335416643284,0.044493523664682705,0.02210371419467143,0.030018052157880372,0.06712095323614166,0.0652863003080129,0.03620720053509457,0.026640975456042264,0.028843560885023118
task_te000630,0.0522871453139727,0.048694720254296664,0.04611284549218957,0.05267344110987356,0.0497431971149621,0.050273203091460585,0.05186130048560701,0.053118230928343356,0.05018148919969211,0.04924032987374889,0.04953924747227962,0.04681839703088644,0.0543804796042748,0.04780280246593477,0.04990599892684404,0.049717460844764194,0.04804572082956448,0.0514252090841073,0.04599138295207362,0.052187397925124134
task_te000631,0.055890067056021904,0.049753620125001986,0.05662908573453212,0.07690891101325784,0.03923525439514868,0.041892592557848676,0.03089102659108063,0.04038601138065041,0.05381282780664611,0.046373089357283015,0.04461121680930161,0.04682197344346086,0.04800303773131286,0.03792328487077298,0.06023382849421873,0.04402262405924851,0.05777862102661159,0.051961510140378545,0.04735273807865501,0.06951867932856788
task_te000632,0.054529078232444725,0.06016201699062359,0.039706373465094015,0.059067971344606306,0.05126591016130384,0.05674607411844461,0.0464864899974394,0.05427374586898145,0.03832162961829488,0.05335149575719716,0.0409001973569454,0.053027424775448646,0.054999040242423615,0.03645748945418638,0.03351480494239877,0.06447411455513469,0.06582958614151463,0.04153359192235441,0.043716402098495304,0.05163656295666836
task_te000633,0.041509128406699555,0.0451016395144618,0.04359394506133456,0.047143081636099704,0.03568758189888885,0.05550377973234475,0.042693130028356986,0.05163885550230256,0.06864063296876567,0.03869110103193808,0.05862132573135579,0.04992434472117303,0.04787693845890396,0.062330919435514054,0.05079952639918159,0.04993025993163588,0.046001550482992516,0.05044086139572233,0.0528749214773366,0.06099647618499179
task_te000634,0.08871195315047939,0.10729753259344077,0.03800576199048094,0.09001776972532238,0.07801700295826813,0.04945289754357721,0.03511600126529888,0.04193785095593713,0.037343353598356964,0.03601423882648778,0.03553090930632419,0.05583238755647109,0.05171913741686819,0.031548082437651136,0.03538795338704188,0.04532836394413378,0.042168107867829555,0.025232542716464315,0.015068977382248001,0.06026917537731823
task_te000635,0.048162458068539894,0.0636549888463148,0.0475815835128673,0.04256807220257339,0.0424379655410446,0.060342573933654525,0.03692397865791188,0.05596709580040631,0.04944863466745139,0.03585045688809863,0.05460892950924727,0.039794837488717406,0.03869197208590165,0.05713414554858624,0.07340793003538688,0.048856678865366314,0.03774309930808052,0.04774676792093517,0.05451319410554205,0.06456463701337391
task_te000636,0.04375286432401085,0.02595386154231626,0.05200034423440393,0.04244553511972794,0.07782970852991099,0.04991232114432644,0.06801770852739249,0.024155000682806464,0.040514027519056736,0.0701159652110272,0.03513794027284005,0.07769953248688016,0.08127603375893054,0.03586307285297609,0.02822707141550415,0.046549821526481155,0.06627220029803699,0.049116851505648804,0.04811852028572959,0.03704161876199328
task_te000637,0.048883923195370195,0.049406879347293646,0.04931290172407497,0.04941466165857634,0.05162640173965231,0.04802622801094272,0.04953801565200009,0.049488903908105425,0.049155988233652755,0.05008491089385365,0.05033452053337996,0.04655743566612016,0.047886219429589344,0.05102755817009671,0.05147918981065556,0.04867273645453211,0.05377080719828139,0.051531559984817885,0.05100237335005597,0.05279878503894882
task_te000638,0.039364118484818876,0.04811766877477845,0.06747612226947068,0.055590029279456166,0.038412610795283644,0.07657213199575698,0.03625779191148113,0.05863785738483314,0.02981914545131881,0.0641714813381208,0.0777219349880884,0.03780874055593365,0.03971533988696334,0.04757458228002358,0.04151544599542315,0.09200665184280164,0.025336640131670533,0.04399210468513449,0.043771784751551475,0.03613781719709095
task_te000639,0.03292914636265306,0.047324323873871574,0.05860155944059209,0.05425813725863232,0.06367785748086527,0.057072805575320504,0.05534902623354796,0.04165461254121538,0.0671135590197462,0.04291105798586594,0.0483261636220479,0.03554784001865184,0.0412140908817419,0.0409022633357727,0.07289249702931602,0.06716873901924653,0.04360721683175388,0.03076787854212051,0.03931912902131643,0.05936209592572201
task_te000640,0.018335098196445545,0.09405630231935133,0.11734323232424289,0.02509598796178208,0.051584151251811504,0.04420199643575556,0.09523613620547561,0.08028332258270521,0.047636886600690154,0.03312099034015203,0.03211299432746567,0.01799404172496211,0.03588217024060925,0.06344275954463595,0.04353360646669049,0.029919305899313,0.047338193228246714,0.04495678615893123,0.02639579702474818,0.0515302411659855
task_te000641,0.039390200840950275,0.040399746348303865,0.08063768332812972,0.028525387862172343,0.020934802622569627,0.04567013058978949,0.06651735162739446,0.05155439168677493,0.06397362480036582,0.04390461245055139,0.08870026490482676,0.02175392188729823,0.04657739521162584,0.05683341421575948,0.024787251533633158,0.0420695648382341,0.046610146611324954,0.07557916545346959,0.046138171844413094,0.06944277134241306
task_te000642,0.04996465211247335,0.04749170543307098,0.047088454129159775,0.049566019951541196,0.051336424633057036,0.05142381568681476,0.04822108934547751,0.05030364525338788,0.050728366997548735,0.05136844889291691,0.047715029781261485,0.05050814364838433,0.04881327214470546,0.04804145439531978,0.049640827342678884,0.04720497537403209,0.05580733530626402,0.05035246145612191,0.052895239588246504,0.05152863852753741
task_te000643,0.08016661727831106,0.033373137732628545,0.033729941253701545,0.06431734298867102,0.033410080619592275,0.015082554518591685,0.06282071679190206,0.04205371862031407,0.03728313012190995,0.014913373995873619,0.21693795961081727,0.03899762581609598,0.07447241267617001,0.024013841302483692,0.025627805153701826,0.015417008366038333,0.12046919556720297,0.03883751561824205,0.010709804240159054,0.017366217727593038
task_te000644,0.06138058418937376,0.022080273927703488,0.0368393364589092,0.04400480734265309,0.03613338215323872,0.02592426548300483,0.0406197286827624,0.01736209051104924,0.04476590689386031,0.04430778576578717,0.05359886971708575,0.03304533016095461,0.06029716892942615,0.19383045018968206,0.04222585236259019,0.1085675881732723,0.017744160687696638,0.028186711335816805,0.059977737833064954,0.029107969202068196
task_te000645,0.04519941344817842,0.027765758873690774,0.0768875577202074,0.04170410479869078,0.04377073557443304,0.04438228233831091,0.022852370725132888,0.034267421615996295,0.07931098327225061,0.07784609229505625,0.04369701599420753,0.06135787522410136,0.05569000974057551,0.028475754003383286,0.06109520205713506,0.046880763486394056,0.060791517214351436,0.06135958514552432,0.03623470857595994,0.05043084789642023
task_te000646,0.037469138107199235,0.0400573569171123,0.025328313624998672,0.07216317475154144,0.044257437638742195,0.05629542623321757,0.029497073542673825,0.0798022127686403,0.07601648364856309,0.05002482892149958,0.04902366074885668,0.045259465692185176,0.07387551531200458,0.06096816861161926,0.0422259096926214,0.04137136667282062,0.05673707248214842,0.02646471819251498,0.05214964694651006,0.041013029494530756
task_te000647,0.03577728812212559,0.024817487462520365,0.02968170729707538,0.060073364625253346,0.014745755083948778,0.047501251905056815,0.054661490224153925,0.03589036816495501,0.023529356058938557,0.05260497345727569,0.03932920928577276,0.13985986972029843,0.09543146990474953,0.11775347367864486,0.05682362718353467,0.044616724252331263,0.05879566933524045,0.03055078645215488,0.01360978002790428,0.023946347758065416
task_te000648,0.025866056117414025,0.0429178201028906,0.08465152456610357,0.043887616096624865,0.04217637742883519,0.0691129718795737,0.04369061572034515,0.0651397618632558,0.06416767020210762,0.0294300663110669,0.043875794181132174,0.04937443432821435,0.04489427004068159,0.06460251875764869,0.03417853978341886,0.051640629204825234,0.05893479309439126,0.04492292153600337,0.07363244549878203,0.022903173286685077
task_te000649,0.026980368859748458,0.0747809813939149,0.038267511227832854,0.05807131891274173,0.07032246741751229,0.06651564393013629,0.022759004300095403,0.017551904589627212,0.054919392523184306,0.02317322884582054,0.0932624543203867,0.04010112752982156,0.031524703317845355,0.027364839382743505,0.05226191713209721,0.040465115289536,0.03496281003270001,0.09823443181110356,0.08050571426052786,0.04797506492262408
task_te000650,0.057790889216012185,0.05342793921921624,0.03391542991051616,0.07110230616422529,0.021123741077896992,0.06470272612779583,0.05096238132258229,0.03854528015081086,0.048615216020244115,0.03298619849839021,0.04058123862046326,0.02942746950416716,0.08439015345924938,0.04718927690234717,0.035303850713223055,0.07589774425024856,0.06827128362395862,0.04586287017261257,0.027498516009165305,0.07240548903687466
task_te000651,0.048377988413941024,0.058286701921716005,0.03070871682968268,0.06197742190019453,0.04269980287054688,0.06785897104389242,0.045810047441131936,0.0350406436342568,0.049220473060655294,0.07643447995433779,0.04178709434817554,0.0733358804772443,0.03968997707461209,0.04781725679199879,0.026580617604141273,0.05318697451920759,0.0505251561605879,0.07021591448643315,0.03607197526228373,0.044373906204960185
task_te000652,0.04851513529289436,0.03442088018903355,0.045288521415227816,0.054600403090968856,0.05940870219873096,0.040536315610072864,0.035317051732527326,0.03380118320377225,0.05100103589243482,0.058589377716390396,0.03992144233102688,0.037188306006569055,0.05435660187376131,0.05145189760666259,0.059783820428499904,0.05089292102418004,0.07866842972463901,0.04214371068210392,0.07281608838592817,0.051298175594576105
task_te000653,0.04969575865067093,0.05086486935098211,0.04998506387255286,0.05284673868837541,0.049809517986992846,0.04954497974941653,0.05084869158866643,0.04875407873201373,0.05260290970189274,0.050040972577442104,0.0516800426520152,0.048262279955468855,0.050592467477996006,0.049803732764758656,0.04630886082472196,0.0487316098172478,0.05251229350898458,0.04919205472332189,0.04902959925120095,0.04889347812527847
task_te000654,0.02715876252192096,0.07067906523450666,0.02816136246067579,0.07173071599246446,0.01130675437032654,0.04990490381712024,0.03934321892785019,0.02870681794224538,0.05640332733673997,0.04193439214203126,0.03734141951239929,0.03755894678428148,0.06079569140493772,0.08661443263367713,0.06765088658973246,0.07761840055692178,0.033568963022459306,0.07222675869972273,0.06181862185137476,0.039476558198611976
task_te000655,0.032960414175414475,0.044682628371615456,0.04585205209773333,0.04575499945650607,0.028956347926877377,0.07539248146732354,0.033644561843541795,0.05111388634781281,0.08810936908841674,0.07592472880855593,0.04424320896379753,0.061437726216975,0.05401930462182243,0.05912238921328143,0.05242299919900873,0.03900684980903348,0.05133247490828067,0.051618475418491,0.03378579146892398,0.03061931059658825
task_te000656,0.05249119244690078,0.04811802727888719,0.0534292216818379,0.04831839729204677,0.05450322492981125,0.049069953961377394,0.04988074243642675,0.05155232454376352,0.052045076096546065,0.047551730440226474,0.04518101034350991,0.05190398817766005,0.0457834425974023,0.05056433782931975,0.04991192843973243,0.05166134903273581,0.04846693818092906,0.04844043439421155,0.05379107500398446,0.04733560489269064
task_te000657,0.04279854888860018,0.06695720716904945,0.044473863893593285,0.0763644076247386,0.034814488020785184,0.03640536675521369,0.06669733639989005,0.09651899214831478,0.02903301410583244,0.05116921147392949,0.07531710074849508,0.06759176266317975,0.04497057343141343,0.05288964066433933,0.04896631510707342,0.05757355955234884,0.034839340132037926,0.021958078605300163,0.017546838674675387,0.033114353941189556
task_te000658,0.04895573458633271,0.04529259634773404,0.0506218517134806,0.049169659144688474,0.04984426784765072,0.05327364660972485,0.050302395566096586,0.05195809625926973,0.0527180420071741,0.045583568059396326,0.04965066061577097,0.049361650261894055,0.05067558419836161,0.048842446853559277,0.04845755790552073,0.05093719644456127,0.0517943367962065,0.05228595907621121,0.05085296040505575,0.04942178930131063
task_te000659,0.025731666260975002,0.11203723806128965,0.024629542540229532,0.11284660600160701,0.07798665955956502,0.02232347940103391,0.030345589020818544,0.03082434871037313,0.049885688889446625,0.029358180331021288,0.01511126528098762,0.02364713333555747,0.03132825064667827,0.07178297200117291,0.03556464123284416,0.029771058032472066,0.15674616316083187,0.05037740600235481,0.039001176562722985,0.030700934968018297
task_te000660,0.04412224393880036,0.025254018641255167,0.03569010749848306,0.03837194780853201,0.04200729042503213,0.03746649164331292,0.041412116466590265,0.07235672005172597,0.05782142731557916,0.07116289358523868,0.10119415081310106,0.0646949327066106,0.039841427172829624,0.04119103605604437,0.05077970872903175,0.05220842882051227,0.04786858776875416,0.06515812054598319,0.04931929646214525,0.02207905355043794
task_te000661,0.051354999521925855,0.050455578235696866,0.04990487641350608,0.05268534311209498,0.050571768390952274,0.04883956430591883,0.05349301434921217,0.05036842855949433,0.04780234726596964,0.05189715012546571,0.04976561519359236,0.049585845864650216,0.05198126812996592,0.04716976482740019,0.04728642951810178,0.05044256003409231,0.05200484585597392,0.04790886508413687,0.04972128140959708,0.0467604538022527
task_te000662,0.04710911535519302,0.04915453605277488,0.04647281057248359,0.04914259324213107,0.056080926054183335,0.05011045082910725,0.05379973391370721,0.04745873975703926,0.049813833415818284,0.0532985440787712,0.04745288761473911,0.046338510959496926,0.045984671480344415,0.05236997376178664,0.05044465900733709,0.04918802374396113,0.050113096917608846,0.04972754986775697,0.049431225377486954,0.05650811799827296
task_te000663,0.03129618672123353,0.05436829887233023,0.05167241441609334,0.031326793762137164,0.03150530725835602,0.07516484987649082,0.0595217109182603,0.06103150602991473,0.07486908203370501,0.04580317232999808,0.036485034377698095,0.061664960118973114,0.035709190728838776,0.044969605498867526,0.04477958551402978,0.029290375942600838,0.06229905108412889,0.051509644860404616,0.05059246628795905,0.06614076336797999
task_te000664,0.07376292068943704,0.052034264021341994,0.0479034333671241,0.03844871681408139,0.055006316005096714,0.05462239539365641,0.04715878425325958,0.05313017404590822,0.06135215442649994,0.05601228323984519,0.04344579893032066,0.04591854580921043,0.04946139961897161,0.040388951199036106,0.024779858997360186,0.05412779517515207,0.06890245784644343,0.03768357763290878,0.030832783766833818,0.06502738876751235
task_te000665,0.05249382731932952,0.051773365488154394,0.051153332898448096,0.050652252821282266,0.049008682203674804,0.049708907643694386,0.050048027042886,0.049315807652412766,0.051119539355769135,0.04939081274766538,0.047235322326716705,0.04730966415930974,0.05070505650081804,0.04950836976530177,0.04987801890841231,0.05173918012078283,0.0504367871865068,0.04856340629546855,0.05011038320814758,0.04984925635521914
task_te000666,0.06876867062739067,0.05119925452546566,0.038537349065391614,0.03957972506399298,0.06657350284433881,0.03191321827646167,0.05462477271440577,0.05885881631370974,0.03505217663470667,0.03210032853350508,0.0324421994463844,0.0791807564100495,0.04410507877434283,0.040466037983095816,0.05973514837713065,0.0633686989458273,0.047082900170235184,0.06968371533689122,0.052947546807871226,0.033780103148803205
task_te000667,0.0615045348027381,0.03455185925602767,0.06423474998220037,0.05261092589651582,0.05213295084748662,0.05498589959967626,0.04685509845484576,0.04057813797420049,0.04248083835666126,0.03672306735901766,0.04176078482395472,0.06492625637495383,0.050217357545979065,0.06649372843230872,0.08003664590043498,0.03408721394214932,0.046202148772851385,0.03904487803637591,0.038910831670159844,0.05166209197146227
task_te000668,0.04842877757507869,0.05287342866844764,0.05121636737309016,0.04908349349596615,0.05105647296108366,0.04758323642156656,0.05002488005275973,0.05332815000632269,0.05069631293248955,0.04975322430094814,0.051484078704459195,0.04826145998931778,0.050517630739507574,0.0503348619933646,0.04880616096299568,0.046374428917491335,0.050273043431599086,0.04888338855228066,0.051032518642811664,0.04998808427841944
task_te000669,0.07374514204334283,0.025204958199562526,0.03295314299976991,0.027189940625873415,0.018446845732332788,0.020710144967377813,0.08174760305159232,0.016251276886894588,0.019503002120036562,0.05984698104202821,0.05469321591677354,0.03495078047892122,0.030841710872214524,0.019849552044499702,0.030792788357306065,0.0858415400258319,0.020772289527399124,0.27691171434226014,0.023008235838955608,0.046739134927027096
task_te000670,0.026935267891074772,0.049854245488904166,0.035848393766662504,0.14126945109539996,0.03919904710060253,0.03056844517761769,0.05727863143098365,0.0217512305861946,0.01824777887094974,0.07360188175598398,0.11577940674650765,0.03686770953998209,0.05760727511533644,0.061577587797576196,0.022659446693001822,0.08062706734933948,0.036234010538879716,0.042216015010430465,0.029439192341280247,0.022437915703292257
task_te000671,0.05108708119844134,0.05199746144649019,0.04915625455978769,0.051797249541791414,0.04990970461179124,0.04950573673631152,0.047588845339732955,0.04999605213265839,0.048003810701954315,0.05138946456970307,0.04863526669496848,0.0487269401315779,0.05080921788039502,0.05133893476665693,0.04766907077896836,0.04907071913617115,0.050292516094352355,0.047786029540117674,0.05100024825000111,0.054239395888128955
task_te000672,0.0531215240391867,0.050874013980301044,0.04773460268829217,0.051752173421545526,0.0480891058167894,0.051193410240284114,0.04687624454628487,0.05300481401205707,0.05368243923382284,0.04674414851895455,0.047214401360652185,0.04789596790317405,0.049516777741862916,0.04909629607216761,0.05127067753026981,0.05056642361984651,0.04929131476198978,0.048437864663258785,0.050368318487553465,0.05326948136170678
task_te000673,0.057945485652589765,0.0411504855639485,0.008176010228489156,0.05215588271924896,0.033050417249457835,0.06601568881258708,0.1249227125571085,0.0479283742250368,0.06286602972891321,0.033000656084168176,0.033968968099051755,0.04640471336116235,0.052606887269483205,0.03125972209285472,0.07360435852954499,0.04422628410599412,0.04378910713824997,0.02800518403457467,0.049887909633679894,0.06903512291385637
task_te000674,0.10292038465926417,0.04714943903009368,0.08748683571970109,0.01736827846612767,0.049282915857421686,0.0280200584302378,0.033557847207209786,0.03852627884153622,0.029460459602824538,0.037051152456114,0.03170774900833459,0.06716211476568773,0.06625493020208881,0.11084503772609237,0.05707474583915458,0.021848003429911174,0.03521417640622569,0.035563193327824906,0.0664772723744764,0.03702912664967323
task_te000675,0.01734875671990373,0.05210291892846339,0.05674647656281922,0.0825980642347978,0.0784500773348345,0.046889465384953186,0.0833221044941815,0.04633261875464299,0.07372555566996862,0.02389554353180464,0.025596324898696496,0.036260393311888205,0.025124055841133978,0.028834588476069272,0.0761723914804501,0.06260070331404893,0.04876582803193369,0.05475118890678059,0.04728688563028173,0.033196058492347684
task_te000676,0.029484425235157187,0.05754027581715889,0.05622738815176265,0.0430184969105026,0.03320053536710895,0.04236691291830979,0.053857262523702466,0.04449651975558185,0.03518328658430607,0.06925453067185804,0.029651284160670765,0.08481281718221287,0.0957523837387437,0.034532210015434314,0.0428527452808167,0.044012022449889665,0.04964640196014726,0.05983194643290308,0.05396272791292706,0.040315826930806015
task_te000677,0.04697441475574127,0.022108520514005695,0.08096678137546305,0.024217495493900874,0.035457608948545355,0.0859328515978524,0.03809140603755317,0.06959466887986632,0.055196091623858426,0.043860274622121144,0.01767876231946957,0.07029416567269277,0.0730485244005009,0.03281003522452421,0.0885731619071437,0.031991337884370225,0.038990387156583664,0.04616400753091959,0.032888832779042886,0.06516067127584493
task_te000678,0.04647253219390273,0.044500026385357654,0.04160770062314621,0.06500909738839819,0.035013602193137226,0.05375431919711622,0.03496677126636937,0.051595462343941446,0.045772177822863906,0.040163962233880385,0.04217967808417868,0.07577702479426009,0.048562312813926575,0.057570833917652664,0.059370547347697776,0.062344265211131546,0.048296737365219417,0.04577802209458008,0.04369540420438237,0.05756952251885754
task_te000679,0.06296990539413692,0.06113541270313851,0.04443136676396884,0.05777518696810597,0.04132053591376468,0.029004709244319964,0.06323444198951048,0.048164744267238976,0.03732859749602409,0.04394359432064305,0.060359961536174817,0.043670766462717225,0.06047696362856323,0.05246235987903433,0.04249582510668973,0.03859381930229464,0.054890017632306456,0.04289804229577038,0.08090921504913019,0.03393453404646749
task_te000680,0.044517063733622256,0.0412198780463593,0.04529787907066835,0.03280080983268917,0.06086667704562394,0.04847971495085481,0.06299766880382782,0.050642990764207765,0.05451847162616388,0.04880040146191551,0.061814279950465255,0.047825851328076846,0.05237266677952734,0.054787379199501815,0.051316966595720895,0.037574563352853654,0.052006087858954574,0.06455891568342209,0.049093444219891626,0.03850828969565319
task_te000681,0.05020561870027971,0.047545934967285326,0.047337359420184216,0.05254269728892861,0.047499143728849606,0.05021546862712289,0.0494790944505675,0.04842710860369475,0.047996720166951216,0.04815972371588415,0.05126655798031984,0.04773844007382844,0.051318774477014335,0.04960897651035209,0.053157418320024526,0.05126758974376126,0.04943584647659684,0.05241426694194106,0.049539296976444366,0.054843962829969325
task_te000682,0.016355551005677878,0.03560972376175833,0.09354703016710324,0.022927823504370407,0.09911415500506116,0.08857571072927957,0.07022907079509816,0.02166454526184773,0.11279134671687446,0.030078278812528052,0.01550703838940679,0.020389158889199642,0.08212876236758987,0.031987335678054916,0.13976342285532906,0.02124007753847677,0.010977280788527905,0.02075437793293394,0.05011302593599497,0.016246283864887273
task_te000683,0.03011483898997579,0.0433377649419219,0.06056048575143382,0.08856630919423697,0.030529432329758042,0.043926697963498566,0.03451650704575474,0.06859139276325671,0.033357830271112415,0.04691250406773646,0.06867114450747903,0.05079117662671364,0.06219918798680966,0.03895787617850175,0.03781789156904147,0.038641264868964006,0.04255536546195456,0.04746882187749314,0.07055355332440359,0.06192995427995363
task_te000684,0.06264364895357125,0.051582436874226666,0.03002599294460873,0.05574768701399473,0.05116262004996287,0.04727682776948721,0.0693054945091555,0.0993971879618258,0.07161064728530224,0.020285734226805786,0.022158844310126605,0.07977157207592933,0.019929995373851393,0.011259917318068545,0.03754848213798799,0.048196618592662804,0.08365528438851476,0.028339230966342374,0.05468507608627746,0.055416701161297835
task_te000685,0.026091293987058478,0.05116196223163435,0.12410270782296301,0.02109852243720019,0.021866163309335645,0.04318119639988225,0.021998723826552064,0.027539350554656634,0.03919492925401301,0.13200666158362545,0.07102181093441667,0.03218719276947933,0.05007826289343888,0.04513104266731346,0.052107755189283865,0.015741848421360817,0.024440747744186756,0.033049948412040356,0.11003818361492819,0.05796169594663077
task_te000686,0.03461594965441895,0.026052631523485335,0.03801846617831989,0.06514955743695308,0.041836372030607666,0.037365001382003535,0.07403613725413315,0.03930345208120101,0.060229620261509687,0.07761629073860161,0.0611138211527975,0.06948492586406688,0.040621102824714844,0.04466934756288643,0.047004106609354106,0.06371833394487891,0.0215906616223873,0.08605449913679004,0.044056891305064065,0.027462831435826115
task_te000687,0.030035246519994695,0.030796540722440827,0.04229537855971564,0.03439880486701639,0.035718033458752324,0.04807486901369512,0.03755385168482337,0.05582627509876167,0.050681467777793095,0.022611454517012547,0.034018495673634845,0.026110985642556636,0.05320730003958837,0.05600696447691832,0.03639033958578119,0.140034143226883,0.08091558936714774,0.03443055126304003,0.10337708325279105,0.04751662525165321
task_te000688,0.056918169776962554,0.04685948870797221,0.03837920442233341,0.02810264992679992,0.06826651722350219,0.045391843493261176,0.07208028281963615,0.043729363925661374,0.05082540060353999,0.026119059205228053,0.03791308456350062,0.050870913382624255,0.03194194555306652,0.04505418830324029,0.046412332075472976,0.08148259762001585,0.05507848901467497,0.06809366760082397,0.0653135634351062,0.04116723834657742
task_te000689,0.04901719174904052,0.046904075074384356,0.048629073692790514,0.046630280609013613,0.0520016815635686,0.05031063798378236,0.04898441519390828,0.05329158669630482,0.05031728281874903,0.05106663976064839,0.055598486132728206,0.05008822331623442,0.048423113260616636,0.050345153906970794,0.051310456916484136,0.049735403870593047,0.04734889688891002,0.05093343595961793,0.0494266817141322,0.04963728289152194
task_te000690,0.05694372528430749,0.031539095317653344,0.04326496078483105,0.04066251269313531,0.033074872436779076,0.05880329670497917,0.11202617048638858,0.06935234464225994,0.03928339810060527,0.032919643696518376,0.04145539623075217,0.04367626227172162,0.05512229099118887,0.04207681492066212,0.04755437556214639,0.026351082262023526,0.042088674589211186,0.03308140860237841,0.0466191694433456,0.10410450497911253
task_te000691,0.03573995974323849,0.047272940899029316,0.05840100588887775,0.01476813266548053,0.025533120603225788,0.07762542169211412,0.06015801738661564,0.07630707220468524,0.012903585438023378,0.09565061868712764,0.013822337389225902,0.1932643261263845,0.015156405891291474,0.0469294189606383,0.019837819268911174,0.05456589584135128,0.0458523843851986,0.0175281065054305,0.07173743526624919,0.01694599515690135
task_te000692,0.07988320603364561,0.052735988948672055,0.030810372058442583,0.07566685657242628,0.043614537393343214,0.053691107312421556,0.05869433648510218,0.04228373229396664,0.07255548567434159,0.051668017341963246,0.04415022993702258,0.05023391860584848,0.03851207694850861,0.03554648818479709,0.02738046614512906,0.038802636308856525,0.054515271591434857,0.035652553045786475,0.033094051829692994,0.08050866728859837
task_te000693,0.053705922417774,0.051290737032650656,0.05042814812686461,0.0467013565087033,0.049934405854874235,0.049557428676751676,0.05022305549981713,0.04978667207254393,0.049331479240710595,0.048200536859553875,0.05102390056839302,0.04956832047838074,0.04635896127881194,0.05221873554164215,0.0473563483601044,0.05074318559115095,0.04941159213637945,0.053448047533657006,0.04770406582143033,0.05300710039980609
task_te000694,0.04940613786733873,0.06716472426395857,0.03500633803355901,0.044637091205892765,0.037024252979068355,0.0629636903343776,0.05154863352388102,0.06849633422313292,0.028427266034791985,0.037723093830998464,0.057533196394410374,0.06555032603455535,0.04823658778918981,0.07118649181319789,0.04252264270534058,0.05620537913938923,0.031531775617166,0.05538111878494661,0.036322727061975875,0.05313219236282898
task_te000695,0.06718203664185138,0.053454118970080726,0.078456984423045,0.06818778326753623,0.07419354460834965,0.0503555114770687,0.025462431828243533,0.05157021068527939,0.02117584072201442,0.04382550766884055,0.03683501608849558,0.05012652485950887,0.06236072983953949,0.0696768531264173,0.031630797935713016,0.04224071523863977,0.039299367071343926,0.03737503801036169,0.04930566691368034,0.047285320623990525
task_te000696,0.06660186352267577,0.04856369930859968,0.03319715013019728,0.05822130726760274,0.02604033072981428,0.07896146813868098,0.0454813536440575,0.05934157427708153,0.06214509352174914,0.0720499274161635,0.0372795422498755,0.041623060692657136,0.057633833041648874,0.026539429013837587,0.06721445571541215,0.038659035464086784,0.02462990435549596,0.057713250406373165,0.04578981500327112,0.05231390610071925
task_te000697,0.017721905977441485,0.06698452826707603,0.05256534477011676,0.04433424282069667,0.060645624609153355,0.03944398201536918,0.04330935808186588,0.04225566667805193,0.041616703463659435,0.026653785418276624,0.07230734878071408,0.061144409519219234,0.09054673436180188,0.04622505894740146,0.046572154179460215,0.02413633282237089,0.022230787869365314,0.048082044582974784,0.08552894338546445,0.06769504344952033
task_te000698,0.08249209531864732,0.027692056420336793,0.024799073700585473,0.1084329651386639,0.05916815766048902,0.03537899620469825,0.05149194886474954,0.045465617135665964,0.052988505613987026,0.04125611460466742,0.026623124338636606,0.027319530718867103,0.03222305345812395,0.04418563566764593,0.07024711829448842,0.06042677974655402,0.047650500348962316,0.044938020435187034,0.05715706801499707,0.06006363831404676
task_te000699,0.06964004289901973,0.05899818162368443,0.03388074286096434,0.026172606253336166,0.03420077183083699,0.033412491035789,0.06653543050407502,0.05366362371531175,0.0427012781759953,0.05118111433808817,0.09648850067205803,0.10930234566074272,0.05394495910939646,0.01749466785521725,0.0707662385253336,0.02443966098574422,0.014881786281749363,0.04306135596713095,0.04927920873152047,0.04995499297400609
task_te000700,0.046674697534977216,0.0779098292651649,0.03722465964108694,0.06719341128864634,0.053899544787768594,0.03960632638151975,0.060588804414931675,0.04630345282477405,0.036904913701447085,0.05156646350946072,0.06689416200786923,0.07451524434089259,0.05132482690834981,0.0423009870642138,0.038410967066098915,0.04534516881797051,0.029412751017454792,0.06488989936079852,0.03521137017399602,0.033822519892578486
task_te000701,0.04183249483093343,0.040550983358914994,0.03916291111955709,0.061711934874804655,0.048775193740894035,0.038495183528805606,0.056247506188882614,0.0408020063724904,0.05630005446983942,0.041195732721150825,0.05296543062315588,0.058554833216188,0.0438867488702882,0.04444650521164972,0.04469259322022784,0.062249332404315474,0.05052226745832805,0.05634821749667478,0.06672572145187529,0.05453434884102385
task_te000702,0.05041478137777185,0.03651288264506776,0.027365730201383873,0.09677606268622281,0.031046135641157564,0.02282961705422463,0.057774524899301655,0.019358252581590282,0.09081059414817069,0.020345083537628657,0.018900561384381058,0.03616953835338326,0.04451232935089191,0.07091976476538872,0.03386199045841584,0.14808988275642584,0.028556236581041484,0.07945351267346884,0.04792965897048558,0.038372859933597826
task_te000703,0.05634558911132461,0.042001762282769556,0.06516009039810312,0.03830430240965225,0.037934235565348313,0.059019532364436474,0.03195475107619093,0.032517245674687376,0.053566719957862684,0.036974536663414194,0.07892719442555911,0.13219518344907105,0.04164643494515412,0.042923163134985017,0.043997035400300685,0.062382949777314935,0.0438056407702004,0.023702868497161814,0.026703189216203998,0.049937574880259405
task_te000704,0.05195382820018647,0.0579659960894154,0.06715765733189047,0.07528700980934469,0.0673872391352037,0.0272951835440393,0.0313991768615828,0.032536677664369365,0.043319320983004374,0.05304766246240766,0.047442769959519626,0.05063021499172288,0.05194198967725473,0.03334555420366535,0.055620646286193495,0.05140569881150891,0.04367456016353797,0.04504886515476559,0.0450588312730901,0.06848111739729719
task_te000705,0.024397475065555417,0.05020208401085533,0.04811777326424809,0.048576901929052584,0.03311526050334255,0.1227357453569265,0.06458903441766649,0.021731288144974093,0.07376692672911025,0.032837049734123686,0.03377008251786326,0.050247636796055005,0.030333748977283994,0.03760711384579072,0.0468091429869868,0.049269342001586856,0.062360486478622947,0.05189486484351165,0.041574487993194846,0.07606355440324886
task_te000706,0.02790388404294346,0.09672538174851911,0.03054162193934034,0.05728149294526098,0.16856436559969454,0.03404626419259486,0.08560536871180809,0.039292151423184624,0.03339977971292246,0.031922205589103345,0.06088644815502798,0.018243167107258564,0.07717585659174986,0.030912254366965885,0.019674584998530885,0.07953750694468985,0.02916880317435183,0.019484906957429653,0.04605023577724013,0.01358372002138379
task_te000707,0.026738853821771463,0.05536500315904126,0.08866575659600545,0.030427774866700164,0.025432246545566868,0.02612170724590532,0.05850005286147588,0.02465074892216233,0.017575489536450998,0.036491296479329485,0.044628330451884836,0.02871905804952834,0.1044734501588791,0.041139844719164445,0.052068944938381136,0.0378763660782591,0.13804450769056462,0.05596370772510277,0.0618023651880072,0.045314494965819255
task_te000708,0.03719721842412305,0.042106112570546736,0.07633142952957583,0.0396089572251356,0.07039020427245837,0.033748170752766836,0.05231375804106377,0.028717799005133732,0.04265072220114389,0.025229943316109563,0.08010740291048099,0.051156311247212836,0.04808028727387704,0.06606165138405046,0.05205892554218113,0.0822836446708302,0.0608501386020868,0.0482172699302404,0.025151085606944727,0.037738967494038184
task_te000709,0.029117640328938384,0.14886595378106146,0.03730999074396145,0.01971602829222569,0.026520272652218502,0.057459999536594135,0.03337298583897388,0.035426636013382855,0.04593627272462281,0.008266878124328709,0.1083912228460808,0.049657205717314,0.04021811203940823,0.06817112191740744,0.02100579946338656,0.025131840098589632,0.02440502452717088,0.08737279019418003,0.0775117945455712,0.056142430614583426
task_te000710,0.11389393586059718,0.09060422422500386,0.02870883357554971,0.08078229033634543,0.08047443467872041,0.0291658712169383,0.025842152562386818,0.03293408659030701,0.035853729127975374,0.03392829870494198,0.07496796629075932,0.0302571681337449,0.021649522980788236,0.05190886455815025,0.06660675325275259,0.056212608909037766,0.040042656279734815,0.023000619278854037,0.03373885532115831,0.049427128116253834
task_te000711,0.0490070844117129,0.051171717532143515,0.049748018973583816,0.049711216299311335,0.051177413042368086,0.05087231997323499,0.048683161945439896,0.048830435180644255,0.04971456081013241,0.048872878457235515,0.04924526102796605,0.053072754375264916,0.05050431814248202,0.05207335987564591,0.04869678251823309,0.050820668690717746,0.0470609800842723,0.0494684511250773,0.05112677085203547,0.05014184668249823
task_te000712,0.057854755464054074,0.06933052949433303,0.06706350899232623,0.032678324350568645,0.06792312185823117,0.03505410691081108,0.03741404962267125,0.03287927650716541,0.030281161211032484,0.039458789556445655,0.055548415704132215,0.06256939051294502,0.06389248857919347,0.05117169823783564,0.03704313528286288,0.03745447374979557,0.06697365125650782,0.04198802381377829,0.05840224518971105,0.05501885370559916
task_te000713,0.0500325255749157,0.028201474451496664,0.0208441495106138,0.01262648267449356,0.02452780881807243,0.016247831114107082,0.07588562090664307,0.012448613846904582,0.0581491295382991,0.10415096358490514,0.03364280215064509,0.14318984853332753,0.027051153325756888,0.060812678586685855,0.02332855279087244,0.045738214824053436,0.09436851747648951,0.019773326268547546,0.10037953326887644,0.04860077275429412
task_te000714,0.03352891297219969,0.03911633556649972,0.04011657126445599,0.020991152357616782,0.09162492459171848,0.07587832506763224,0.10005007035627979,0.06759387559588642,0.02522449906816468,0.055618844955036155,0.046240154296547945,0.0513547991499617,0.02970692948999186,0.039678937374635695,0.03683143171764241,0.04958372834467901,0.08425591402383942,0.03341826402538707,0.05550571139618872,0.023680618385636266
task_te000715,0.04285639732505282,0.04243143139121288,0.039328578527993686,0.04058605691157847,0.052123826388720595,0.06138932656348556,0.04981676388865096,0.056282370507218446,0.035730790144789595,0.056522301831205726,0.06489002313380943,0.049836242921085745,0.05058835339599359,0.03727984640798672,0.06488236550570232,0.040090049706314385,0.04423630169901219,0.03497053051937,0.05260235020200435,0.08355609302881256
task_te000716,0.04489300041895039,0.032800480096110696,0.0732092854977405,0.059683834896536045,0.035628665820095724,0.07271321351581042,0.04980710862831536,0.0656323891526653,0.10202610458223545,0.05898716385322235,0.03905496800536314,0.08480374171726164,0.036304517385448515,0.029755565971676997,0.04582418457776499,0.024717265698320053,0.05728442467583719,0.01771901979858466,0.027140761554507155,0.042014304153553346
task_te000717,0.028595265802946763,0.10452037368043647,0.057288013898625915,0.05380652637828952,0.028236920930899308,0.04967133354953115,0.019998507641433978,0.05258565624909327,0.09283789275760276,0.04397129894636377,0.025665649818161437,0.05752592338031606,0.09757416434646246,0.05952254311501455,0.0529034511393988,0.01931526072088748,0.0269413801822552,0.05198846888683,0.021578043787438026,0.05547332478801318
task_te000718,0.057289717906180176,0.019182617350620133,0.033806769837551764,0.05405195556195246,0.04162462397576745,0.048665178722465376,0.0580737988425342,0.17068462982467236,0.09480687238973234,0.028374743775882363,0.03996031898606931,0.021913955910944704,0.060002937917847776,0.013446506681606721,0.04317965404366113,0.03610982294506672,0.026512417027166967,0.03369239746280676,0.09710189090210206,0.02151918993536927
task_te000719,0.05403881567255883,0.05787115277468807,0.043372934518532,0.041542372827269636,0.024556716452098424,0.05788762807130089,0.028439686662889197,0.06160946497823828,0.04547313737410255,0.023467002877437807,0.02517352119770653,0.0404259152124087,0.04609647259369629,0.06250095022457189,0.06072606786647691,0.07288578902013561,0.0880627109614565,0.10774040486917118,0.009353218611403615,0.04877603723385701
task_te000720,0.028402488464620467,0.024681479492323608,0.06161617144425884,0.04370025171726491,0.07922371535509169,0.04879077913530462,0.03449524895812164,0.057814256110803576,0.03199646373404074,0.038960780227573155,0.07156087922492242,0.044695751704187714,0.029883647338238506,0.0565271537459774,0.0614838092635893,0.03777533497223674,0.0427833016266604,0.08988661963824977,0.0380771962168054,0.07764467162972916
task_te000721,0.0386970789677043,0.05038184631080933,0.058833366397138945,0.06465108414863349,0.04006645880339015,0.07043103145579381,0.04259871940245982,0.04470188284072085,0.05478869435749657,0.07446487977649358,0.033941983113099525,0.03012982874276427,0.035423327618513654,0.053841516522289946,0.04133931056980691,0.050930910528138265,0.05521513622641318,0.07759373645801061,0.04980083087536438,0.03216837688495839
task_te000722,0.09151117607809742,0.06223068078658366,0.02815898351637856,0.05004695505538957,0.03453608872981401,0.04814174600605649,0.05313205642405311,0.03924940081040539,0.041830441497411434,0.06784970029016876,0.03869495760992068,0.0365798027169438,0.04041663560810476,0.03431758735552822,0.05976495568504803,0.06390385253680149,0.03814169392214366,0.09688405265440966,0.03842301677579462,0.03618621594094665
task_te000723,0.05816554690595445,0.03880594428710915,0.06312369525407921,0.07119960561139922,0.03380111391810277,0.06535008296007377,0.06889696656777315,0.06681919117389609,0.02203077365644505,0.06566943805852749,0.01919247585034254,0.06557537573680508,0.03313867960960092,0.04194912074916051,0.0480892052251943,0.0494734177753847,0.03509114976999669,0.05428180502527604,0.04857824627279345,0.05076816559208536
task_te000724,0.061528113337126385,0.12215318128286981,0.026860851480161135,0.02796909643048286,0.021216625761880027,0.04153841342825859,0.03973779018443166,0.04214307103066799,0.029471346432396787,0.026076218422017135,0.05397543244257576,0.03280309864957875,0.0714480100309534,0.03770855207025722,0.03788033762456097,0.0860862302760283,0.05671399894008433,0.04502216799659065,0.037695721085116124,0.10197174309396215
task_te000725,0.049404712034712896,0.05300937956486063,0.05178345455052203,0.049036433608309137,0.04611413227047619,0.04780009851839342,0.051701475011617475,0.04679008996501717,0.04851527536683897,0.05144290045527521,0.04758002471380705,0.04934238433061313,0.04979404761400409,0.052995829895015875,0.0478143974706882,0.05076848945465981,0.05196459826553899,0.05144783729194709,0.04977138436248475,0.052923055255217885
task_te000726,0.050618478936898706,0.05155412948140446,0.051649423665241584,0.04713952803577254,0.050702420102787416,0.05009354678277707,0.049624615448553774,0.04831717361237476,0.049173551490934,0.04847551559121156,0.05180511484876651,0.0507662033672086,0.04850582789772193,0.04887953814934304,0.05492667681155587,0.04637796371731077,0.048958564709133706,0.05153897933666086,0.05066249108529808,0.050230256929044675
task_te000727,0.050681286381927204,0.0377647013970841,0.06052158549558191,0.0529143803565224,0.035124556554419525,0.06357385760904022,0.039330660445387536,0.06237751700144518,0.053737683060010075,0.05758009860913145,0.044810841575359535,0.05344101838529963,0.036672162371035794,0.03960196462051476,0.05314756745332912,0.04870976877518942,0.06475663660379716,0.04972865295659084,0.05241892723915719,0.043106133109177
task_te000728,0.07607678192681074,0.030111819197344736,0.07096368994129695,0.053690233821257566,0.02399541285522137,0.07030407042946274,0.037431104011175234,0.06865166337838809,0.06583569194712227,0.05098449239773857,0.06715801171006153,0.06615817766140909,0.044244358987568316,0.030764941500130493,0.10024142866710499,0.02332468012839607,0.036279068993058966,0.03389235534332962,0.024270381013416113,0.025621636089706485
task_te000729,0.05195301961418623,0.05092228082971285,0.04720922715714676,0.04809202371736096,0.04770504418740408,0.050277904007569964,0.04872548354663385,0.04785169510840921,0.05709350985174999,0.04901810340331145,0.04730536285591165,0.049995390343068456,0.049555731786218866,0.05350440526532752,0.04972166110449763,0.047589790106194595,0.052163092109040264,0.04981832625649462,0.0524503202137927,0.049047628535968446
task_te000730,0.07190060763735606,0.028884664188647397,0.056637065787405974,0.09223480687410573,0.08165214099668829,0.037180220023815935,0.04842660962456348,0.02449613345015213,0.0379667013742773,0.07367872518969047,0.04275922631250623,0.03920769025470147,0.02265939047343626,0.05910007266044983,0.06814914388648287,0.058474692629263046,0.05472129972598728,0.02498331681688813,0.02765012745225004,0.04923736464133205
task_te000731,0.030301351143347484,0.06131903230349102,0.07729657693216122,0.03280389182730753,0.034998702375618106,0.06462706975233716,0.03144061660617479,0.05216326051907695,0.04487156380584443,0.06276719524829223,0.050194386752935395,0.0593319627423974,0.054261511573815,0.034888406156974854,0.08747552316977236,0.04609785589382072,0.041697514173595504,0.034625404609920675,0.03760255941540039,0.06123561499771695
task_te000732,0.02328326302490086,0.09153112316690305,0.038288079314496126,0.03029139221370192,0.0684851381269391,0.07248876057842556,0.02735814172103056,0.04258886772419511,0.02729149307819915,0.06141817868297493,0.05301684260511942,0.03459296498607909,0.08179998456702937,0.016402211528640263,0.0665339395657441,0.039774299731787505,0.06839764520083672,0.06467374997447022,0.05311568641582996,0.03866823779269699
task_te000733,0.03666072474044946,0.053256246698969376,0.02541864038116547,0.04577960444987828,0.034810034450204176,0.04207353685310857,0.06080256706125375,0.04811922673940983,0.07181258911437342,0.11634498759845169,0.0502222257499634,0.034449857014349314,0.023300880632820074,0.025811949578768333,0.08999729050737929,0.037755732291653354,0.11275032570558624,0.01901511156887981,0.04363791639677505,0.027980552466561177
task_te000734,0.05748438090956106,0.06211871068374357,0.06860203916733518,0.049976133381679215,0.041729955232027056,0.038128011386691536,0.057216923237416374,0.07890996788604596,0.023706055212269414,0.04523466302294096,0.05341150792362643,0.019174176856862155,0.0413110612238427,0.07361098433862985,0.06710713777184212,0.05983523263241854,0.04155574267711432,0.04047920144354502,0.018622996424388544,0.061785118588019855
task_te000735,0.047695063649760686,0.04970013322946611,0.05237604614496688,0.05221769499542545,0.04830268801340434,0.04925314632387288,0.053271997676091865,0.05033757872969035,0.04770647280285804,0.04989048186174759,0.04967990820532045,0.051651278253987375,0.049927755414633304,0.05081522587272479,0.04756756326299222,0.05092301405735924,0.05149880693173377,0.04871427628127704,0.049045376576800664,0.04942549171588711
task_te000736,0.049992776039540325,0.05276885722291084,0.051813865999081575,0.04511257456277901,0.05239736182327288,0.04884436979236266,0.05227029435547496,0.051049041893382226,0.053122607645811074,0.05206126441317551,0.05082981728054996,0.04808673143330406,0.050479325474816816,0.04695748386485584,0.05140410937312609,0.04893268623051491,0.04706830843114564,0.0493658690758144,0.050698824913800414,0.04674383017428084
task_te000737,0.052396006045253234,0.05050377451923735,0.05355705494124265,0.025359029775375252,0.026807299501634154,0.05018318623773741,0.07475818534713433,0.08978884642583605,0.05074176556622999,0.06386880374522043,0.04130759052045525,0.022741113335274815,0.0604258798357198,0.058167161465360384,0.04621720597064591,0.024801362384310292,0.05052902625379673,0.0550376382691741,0.053495802764167266,0.049313267096194616
task_te000738,0.04012775580965161,0.06969956656429445,0.09081472148321286,0.023200833480882616,0.052120535110293,0.05948191864299778,0.03873666789368569,0.1290650757607509,0.02403532716012863,0.02522994882679572,0.0842864384446691,0.09924060705389766,0.028716287103108456,0.024746237985859693,0.045111275055026726,0.03280116321952642,0.06194857753296788,0.018996069942131075,0.026455112991000604,0.025185879939119186
task_te000739,0.019163547775294134,0.06680836572817549,0.027084046013811054,0.03097495401684683,0.04291428455702253,0.04336295651667868,0.03940085088986573,0.02465375088398597,0.09538474613211904,0.030882330174943965,0.04208078928786733,0.1291871146123981,0.025939904868819412,0.038617001166917034,0.14288490807656404,0.011101812730085467,0.02915927625582179,0.06086572901322448,0.012577947272934589,0.08695568402662442
task_te000740,0.026516253774635103,0.06878588057953279,0.04690728904958969,0.040705213036954284,0.044402854531227096,0.01501061442791816,0.048786903444490624,0.0589402034453843,0.0327888306035633,0.055045259222355786,0.049917495203550266,0.05677858353096994,0.04767967425746667,0.04974366559202902,0.04747307791191176,0.06097689471563156,0.03932362242039497,0.061267412735030155,0.08383994090537088,0.06511033061199376
task_te000741,0.03331685655704309,0.0397967980991385,0.01956329699256893,0.03546212218548238,0.061999458205783085,0.08927936838302462,0.09389541680250063,0.020873665889259665,0.06976904456826932,0.03647621392699364,0.09609897245288301,0.054057097370969955,0.06378379093509799,0.056241117753540175,0.027052041865120537,0.026392033274656588,0.02385139099764872,0.061682251465661746,0.06705528185226038,0.023353780422097164
task_te000742,0.07902810744646968,0.06702152888446462,0.07672328079956231,0.045363124632384136,0.05738757807905289,0.04108862066910854,0.0666334123394969,0.052463053571661804,0.02782143853939916,0.033372036266197044,0.03069356505703035,0.033805789238020634,0.033838705221877756,0.040224113837287905,0.04442051980410154,0.05086714611089228,0.046629820590670834,0.02169048467046267,0.054056487253476795,0.09687118698838225
task_te000743,0.05176344517464037,0.024467333883690053,0.02356872658158422,0.020703279114696375,0.05300533402485356,0.07785887639708282,0.01711124141247542,0.15772483503667795,0.08966245173198777,0.05543693383721523,0.04602526205756293,0.04144523258687113,0.0296525934162313,0.038138442568978734,0.05310310621646956,0.019436863933717536,0.04051223431099642,0.04560700648926838,0.07383896921644596,0.04093783200855439
task_te000744,0.08919910393267315,0.07902416744488046,0.022614125010485653,0.054067469998498104,0.01883792925033955,0.07971709251000224,0.02141019918083816,0.06881176831058194,0.0232028832145148,0.0653440195043726,0.04347163827766175,0.04305801515767788,0.057364690658469976,0.04682502076523791,0.03724573907726246,0.06359374072492986,0.09023782369300701,0.024166578783958018,0.03635256938310155,0.03545542512150686
task_te000745,0.052374420811526066,0.04729989454932867,0.05175796277031575,0.05058801640635751,0.04876305693096585,0.05112316901889706,0.05159702472900871,0.04745401282565989,0.049732491703402486,0.04831454922480603,0.053776879576776154,0.0508875668414962,0.04814358239286765,0.050341559468933754,0.04964968160967732,0.05082820968048259,0.05036276206941101,0.048340317480128805,0.04890536345818178,0.049759478451776695
task_te000746,0.036229381552093896,0.05637666254871842,0.08285984418773049,0.030151009580726033,0.04873767145098597,0.07004069801449136,0.05139444057518434,0.04892844301019,0.06940162393645434,0.10210951847446621,0.04395982701079365,0.03561123111061441,0.05654810286064407,0.03564570441197813,0.03845987437989869,0.035191783860598985,0.0720629707293109,0.0414715063761783,0.01713318456512696,0.027686521363815053
task_te000747,0.05820162154103348,0.05355352442412941,0.0529258232636299,0.07233234946987648,0.06241265326195864,0.05723776957032674,0.051020547421230314,0.04324060840077957,0.03251276837960996,0.050561539471169425,0.057967325002986535,0.03872404779659106,0.04626984697389868,0.049935989155204544,0.05191111082111619,0.035302216307101834,0.04815999592893584,0.044648563987721414,0.04272361853677398,0.050358080285925894
task_te000748,0.06280659724040812,0.03589451607796002,0.0374778818049456,0.061138549016298074,0.08970807883742549,0.05926679285581865,0.02656609394005552,0.06010019492299701,0.06252469492481758,0.037981513735969474,0.049208002543707406,0.05533480927945472,0.0702710771892225,0.020509557687679977,0.059008714299863436,0.03007095423250302,0.03526685533590821,0.06500392334716454,0.016952715522748137,0.06490847720505258
task_te000749,0.07323312296275035,0.02923426708804383,0.0852202161135044,0.04882116673875534,0.07342270664924508,0.014678007576048048,0.0327518896963304,0.04651351858970561,0.05607967811969334,0.03256792967485501,0.03624145187488286,0.09848344806967536,0.029401029973058268,0.029204970522104204,0.04976823513473758,0.028724072711762895,0.06403550602584948,0.06224692559608738,0.0864622695973948,0.02290958728551588
task_te000750,0.05116343962793392,0.04803084627199736,0.05003146372054675,0.05043995175423257,0.04581763886223625,0.050793421571464735,0.04907517505351722,0.04613679160282689,0.04984011046236304,0.0521706923620725,0.05190656303419608,0.04987624087356773,0.05139931834215469,0.05045609580049705,0.050591874414107674,0.04869636082995833,0.05040220954602627,0.05033699546819752,0.05054300230049995,0.052291808101603575
task_te000751,0.05637355220847377,0.04689034666358096,0.052360454067886295,0.048885252747005135,0.051705535383860544,0.05202722500897856,0.046040424736522,0.049310855014348405,0.04848037960879551,0.0512120044459054,0.047759092795837454,0.04914737349310709,0.05312701208896943,0.05076589012452755,0.04743899558606686,0.04937937949774175,0.050669658832670474,0.04973519484284649,0.048915675814493915,0.0497756970383824
task_te000752,0.0376233905526498,0.024939292999214265,0.09055865998094054,0.04385552564978495,0.07856791009047172,0.0893028742381278,0.08680186136468801,0.020580803192732828,0.028559806956979957,0.049285568154212984,0.03154564000304325,0.07689064755870342,0.04817777002978731,0.025925024387081122,0.029624871965202918,0.05720046099905691,0.05055934650716626,0.02108936887691077,0.0511301236021444,0.057781052891100804
task_te000753,0.05155480406707466,0.038874835368505854,0.02200193563226234,0.04414714555025369,0.05433728960810386,0.0553570721028125,0.0902783030453042,0.06096598616452647,0.06105347268482422,0.020728924290663767,0.08418038983933492,0.04629569259774975,0.054829832511541846,0.05757234570758842,0.05710323440262537,0.03548250615856143,0.04722110931828154,0.062442925586584354,0.023748918281732444,0.031823277081668454
task_te000754,0.0497429102153459,0.049555838435349886,0.04812040453378222,0.05111871339113261,0.05032441237144143,0.050298754358433645,0.051400326284694355,0.04729065085874912,0.0539901121604882,0.05125442042756578,0.049948618369653766,0.047673290719668866,0.04975787109058557,0.04797787780924022,0.05444670990522327,0.05090431342770552,0.04886558206861663,0.04768586989473703,0.05288488807036609,0.0467584356072201
task_te000755,0.049757459673001374,0.052300540156278746,0.050228438940574084,0.04859929559199493,0.049988069272880714,0.05199839155171835,0.05191139008062206,0.051904559516724506,0.046830692098497474,0.051869543508339444,0.0455439492138665,0.05207990503232384,0.047572487995553386,0.045809607874906226,0.05120961672367482,0.05076831454921029,0.05027012185942248,0.05389949740228599,0.0498077958621191,0.04765032309600547
task_te000756,0.025498829075644228,0.06186401403153781,0.03361569821789207,0.12700214649226305,0.047471802910660534,0.07184099777527633,0.01277123413142247,0.03262335442830006,0.03506722651918307,0.041033513234659806,0.07605473921506509,0.024665932440112257,0.048086548030526546,0.048769734171340166,0.06512524230679555,0.057601957255575695,0.022077169608257563,0.0858723492141112,0.05545486650218861,0.027502644439187995
task_te000757,0.04784051036783005,0.028061227340076596,0.039466910830106686,0.06785806000514803,0.05464358359162078,0.04507163126149438,0.04102322674615858,0.07013853988870762,0.0600296318960058,0.04256819260901211,0.037745914176046995,0.04160990131674209,0.049074601853163834,0.054148007211052306,0.07080153508034005,0.032910568467144435,0.06382174680316006,0.03701305039722159,0.05397301862121986,0.06220014153774819
task_te000758,0.05298881045656775,0.06260363166869069,0.039520442799175076,0.047970311312019336,0.03389582038984266,0.0390908354537391,0.044583693698585024,0.044134457314663283,0.01891745516144489,0.05055090442291962,0.0754927263686273,0.03250334406780909,0.06785834975873237,0.022753615260379226,0.07937609380896088,0.03781318068733228,0.08534007980622055,0.02380576291614756,0.12841251343961144,0.012387971208531932
task_te000759,0.04597426013584649,0.05475173582901248,0.04934114226556326,0.049868970223126315,0.05018479830597868,0.04806231592514162,0.04974405525128517,0.0494836023111538,0.04804767261333408,0.04484448427038784,0.0537077062282441,0.0502928855643951,0.054459164920577945,0.051457025191830284,0.04776483678022701,0.04966056074962205,0.05606348050139314,0.05054256655330001,0.04489901230334558,0.05084972407623511
task_te000760,0.059121839233251094,0.049906562522472116,0.04888087795898703,0.03797546241838053,0.03100499609798376,0.036578600105286456,0.048318369184354996,0.05014904103373657,0.04237274850812292,0.04662836344232338,0.057949963231806324,0.05338705154433372,0.04918844121425393,0.05433193744550019,0.05974265876255293,0.04415039351175696,0.05353963757569728,0.0715215505978271,0.0519119321871341,0.05333957342423871
task_te000761,0.06352017365677827,0.026190606180446108,0.04912674400287431,0.07045335976033311,0.02969468871791949,0.07311024013263671,0.07371361125949479,0.025195145909505303,0.02919038142608276,0.03599047442047993,0.04638400501240141,0.015743524722769284,0.07545136496042627,0.06613864845518916,0.036683423907123536,0.02614008788731969,0.06351295632513596,0.07868982301062183,0.05112166504676684,0.06394907520569516
task_te000762,0.04978756252467857,0.07317281902572646,0.05313870749308561,0.03251070096408581,0.03474999117718694,0.07291943624708537,0.03921202522780796,0.039440972583771675,0.05216394907753206,0.04221290756475178,0.04021528604709531,0.05511036140444841,0.0467384923911699,0.06004539122366192,0.06428544388398423,0.03657794261000968,0.045926105317498286,0.04208364082379893,0.041837937363700714,0.0778703270489205
task_te000763,0.05115970114355707,0.049247881880206464,0.048212339652940216,0.04983518485816072,0.05024654568919974,0.05336334636715156,0.04787428606132739,0.051253300140908696,0.04604545695318541,0.046901708341362834,0.05254387755099767,0.05434450248636927,0.05096577993070139,0.048326316335222594,0.05338486000356371,0.049921551801482986,0.046464275491530274,0.04836264744486739,0.051437415384333496,0.05010902248293114
task_te000764,0.06140916053086632,0.057130518802818005,0.03356780612174238,0.0330442433273566,0.07345831321144439,0.08074738396894922,0.021215628282639325,0.029347615445360756,0.06318811275665243,0.032084205975831274,0.08191210802776426,0.047194919682662234,0.028584811605951128,0.044467008782292275,0.06627534965914973,0.02434438738562008,0.06200856446428712,0.08251499518703145,0.018449938884366975,0.0590549278972141
task_te000765,0.054446630535336576,0.04164075839025872,0.052854224478227935,0.020377152152213352,0.05896573540238022,0.04419372566319689,0.045756500861470324,0.03594996820761034,0.07315289251142561,0.10248477793234269,0.036144980162688474,0.020825982989788352,0.07824468799027985,0.03772866326370612,0.028119096313212473,0.07536572946515786,0.03565006639267722,0.0330509264839172,0.07699811053614476,0.048049390267965064
task_te000766,0.11635165454091066,0.02792790868221042,0.030373415097487422,0.042933348849054295,0.04815286216644168,0.059799356962258396,0.061554956791717276,0.0595870857056048,0.04263938903377988,0.03340813096330662,0.039815541368464775,0.021140996531443156,0.044298064964756814,0.04110898066928915,0.021605784477918766,0.0747982869811774,0.06827301091789695,0.027251363385565854,0.08670757473977062,0.05227228717094508
task_te000767,0.0907241715783109,0.03448902419513507,0.04997261103065771,0.045116994074834285,0.055482587037078625,0.03501415644635458,0.04031445490609802,0.060114493513048074,0.04849037235193834,0.05138819341979741,0.037911175938263195,0.04770425724847328,0.055677705480706385,0.034174201040250984,0.0607537938230395,0.06755412539568047,0.042997734693793574,0.04342924350543058,0.04982230943322492,0.04886839488788407
task_te000768,0.05257637431666086,0.02173689995526054,0.03195283032653248,0.060017017485122476,0.06155889561665983,0.05466768165868969,0.04860271259331294,0.021865893422332097,0.06724972626596243,0.053280850589478415,0.034239809904108166,0.08069553014319529,0.04060268843694735,0.021081945320798167,0.031282826781695194,0.08564763437846326,0.061872829863165855,0.0695206284101074,0.04902158214153729,0.052525642389970144
task_te000769,0.0533381206886971,0.016432212488048,0.03223874741410285,0.039322657548672806,0.03611591334861342,0.04414330468799066,0.06327502534983281,0.04702797213543828,0.06750884697756927,0.043579010030569805,0.06540220968200328,0.06855024884246128,0.05491510514583678,0.04423802269820231,0.0430372468525803,0.049381028251949566,0.035704607194988025,0.055621336696958734,0.05827470688379076,0.08189367708169408
task_te000770,0.052883134175176816,0.053637366344359234,0.05709354523484667,0.058703983636320754,0.033407279273203694,0.07626536216544942,0.04442930453821561,0.03434064101941021,0.06504669530309543,0.06567747177142111,0.04256815991732359,0.03864629346035014,0.04189057701784182,0.06446993497178352,0.06678525810162171,0.04671391551873692,0.052625367161093506,0.03341671187989643,0.038143499825020875,0.033255498684832685
task_te000771,0.03029113086591196,0.04504186992459287,0.041667773839231474,0.08391558346401384,0.05285000887574345,0.047939782353418975,0.12229257035648466,0.02774849935370666,0.08160568392338965,0.02890447708013346,0.023033185477322138,0.02344611768921742,0.023273101182241924,0.09867050723416139,0.05447793001751636,0.033971303329204054,0.02223752173540532,0.02041944436804686,0.033107293022509116,0.10510621590774841
task_te000772,0.05045824262024397,0.029068730473100633,0.03454806630428815,0.059292770017218124,0.053259625502069766,0.05385972850633135,0.04369790349030644,0.03577851111324166,0.044062166230877206,0.05108326666575094,0.0405925693171279,0.06482481339954575,0.06281637225793459,0.04574073599819846,0.06681799236689567,0.05840375758511707,0.047645865251606564,0.039283735812517484,0.05575760009421332,0.06300754699341504
task_te000773,0.021833230053016267,0.05618738803099921,0.06909197456355516,0.056409547514094015,0.07719778010746091,0.039435949732434916,0.051902441795551715,0.0217642742680903,0.09308488199841741,0.02645053967100072,0.020484600592457908,0.019131683734222568,0.05495444274060154,0.07030956660519665,0.032997374291128125,0.06424736051415028,0.05462182191793791,0.09866947001672614,0.051051036742595673,0.020174635110362642
task_te000774,0.0426600913988947,0.05440178670277702,0.04775289655325054,0.03122722254855182,0.0511393484299293,0.05684963446977106,0.060249685526589096,0.0330461677612008,0.06990538661818965,0.0328705376385856,0.06108709311955022,0.07157419149160864,0.02456656748963415,0.05060347439198051,0.04938726573399105,0.06315506937651641,0.037914786352237655,0.06145459920864252,0.06579127782553326,0.034362917362566026
task_te000775,0.051175667648961816,0.07765952839068581,0.028244179239868876,0.08427348278504702,0.021976657096143506,0.047338493884484946,0.05738192830257717,0.01991753101600261,0.03392596934112105,0.03318633323545797,0.04706589794485327,0.057035891011650616,0.08693230433072695,0.05340596453703215,0.04089539253702306,0.02778257798214907,0.02945554095999774,0.030170175666805684,0.08781029004221272,0.08436619404719811
task_te000776,0.05970997789917486,0.04151512903562445,0.050258779105023424,0.045474095927751305,0.053270663353764194,0.06681816207132447,0.0386487998630248,0.058303860533997436,0.049561874423677814,0.031852719569173876,0.06393502227804383,0.0615444202280808,0.062020571707613936,0.0517681027974678,0.04356409436234695,0.03198538926059079,0.041157676894495274,0.05095852999172598,0.04319689862804005,0.05445523206905807
task_te000777,0.03720036928613419,0.03726226540324799,0.07466107068539839,0.028659912112521804,0.08863916035981513,0.05998958215056017,0.03586878574188197,0.030253819400212226,0.0685374335276596,0.044264859442653126,0.03085463796952718,0.04288129307464427,0.06874273658437594,0.04281878813442356,0.04711610115618839,0.031540834719586464,0.06010040528468751,0.03611356807161254,0.04783340775438352,0.086660969140486
task_te000778,0.03273637941382139,0.033097882504724355,0.030067227002171112,0.051591584026636175,0.053906141493749504,0.07110481947568527,0.04876163618922029,0.042455476125725616,0.04357162340115689,0.04087137683614058,0.06374380027356652,0.06563589536888818,0.05172743667667384,0.060923877040204584,0.040239692459047426,0.041311562858350886,0.05102660261511806,0.059768791104308536,0.05687886280836089,0.06057933232644999
task_te000779,0.048548584923547904,0.048667188917955476,0.051439916087692,0.05209345897796187,0.04936564894784585,0.05281938844923834,0.05114092027776588,0.05131307431947131,0.049425814531851624,0.05119240916841088,0.048738662083250894,0.0531374407194014,0.05037923145358013,0.04513206633101178,0.05226945029698646,0.04814105834659223,0.04984092489462974,0.04669778618350277,0.051849366137413956,0.04780760895188953
task_te000780,0.05096566845089872,0.05081055125116822,0.047023933419857326,0.0492443315788212,0.049776584574503395,0.05119894479017017,0.04941530432941221,0.05020928990920077,0.04859530586002054,0.048474803605909146,0.0482621757290041,0.05012813616185225,0.04747286243383221,0.05650929949325363,0.04722289961906812,0.047796589240393206,0.0511708986733581,0.05273270174068558,0.05201073549319909,0.05097898364539202
task_te000781,0.11736637324851486,0.08077579501799169,0.021542955629037196,0.0521762863445055,0.04625401247384179,0.033182597954528055,0.05358159676102831,0.0359595596663941,0.042396567855290765,0.020301490535366097,0.06600199803685088,0.06253686451199017,0.02487936281151416,0.04187404626599504,0.06438389479983947,0.03230670529027229,0.05149699428807038,0.057350603708939796,0.054848671279229,0.040783623520800574
task_te000782,0.06135266205883306,0.03803341558305283,0.035885127403119735,0.07633600660498296,0.060718477476816246,0.07982116397295078,0.03717901157205522,0.04661403237649571,0.05148165751096919,0.058198436100998764,0.04374009812536066,0.06155621786572924,0.0465312046418358,0.044156527022031454,0.039617426186390185,0.061522790922061886,0.03488497541838823,0.04196581119975137,0.0381137211392643,0.04229123681891248
task_te000783,0.01340566227503067,0.0456809382284639,0.07010514443881996,0.04313311053768315,0.04088500567191574,0.12120487347237092,0.04831649575807754,0.017629641028376147,0.06036561757015729,0.06555811055786145,0.07369264883689708,0.06681792985743722,0.05925708660203911,0.03306734697976505,0.04847321147848233,0.057013388710854734,0.046662415053352266,0.05586910093371851,0.01148258258388136,0.021379689424815645
task_te000784,0.051896418532286465,0.05302972604620441,0.05251435845840589,0.05027526135119564,0.046901242218772184,0.04861651759254072,0.05035735952275146,0.04860729422155724,0.05019502914077151,0.05064178053261523,0.05216168114126576,0.046238048686891194,0.047249437239857195,0.05256371548136432,0.05094226293619446,0.050713165106113435,0.050410321044626644,0.0514788642668964,0.04729710258018891,0.047910413899500896
task_te000785,0.06662885788286173,0.00725966008865973,0.04520190592085656,0.010084702794631245,0.02047932537199548,0.019851602784528022,0.017488162123097457,0.05053158421761792,0.04709138027121723,0.09632546701995587,0.0259544214904036,0.03769087657362437,0.12454986639955176,0.06496495531735576,0.05121221875617043,0.09789339379815026,0.05229494485456026,0.0925755016763862,0.04150373877679241,0.030417433881583834
task_te000786,0.016226090728491304,0.06645797334256227,0.09382835228078856,0.049811525978623025,0.07597470252680215,0.04606685783374765,0.06215927214197265,0.023150507528223084,0.020961998574033514,0.07387929236196634,0.016885403337429918,0.05005496094847806,0.046268997935640516,0.04259360130433609,0.07275152529980318,0.04018583415494415,0.047297947987904765,0.07375390694534129,0.014915668569066691,0.06677558021984478
task_te000787,0.08087491792335912,0.05451073290207158,0.03374210977927099,0.037353149069365765,0.0575261938943902,0.0472190531137517,0.05633159571536183,0.03441519188031339,0.04112948923797136,0.03986613368963258,0.05548651725160715,0.025925153335135422,0.04935188040276312,0.05817453077491887,0.03765243009964839,0.01568403678518307,0.048990762586306684,0.10885794853047517,0.05032825078736389,0.06657992224110976
task_te000788,0.04766008967957335,0.027145935872041515,0.03509580886011323,0.03661158917270074,0.03974153827370089,0.0186312676940639,0.0627820651144024,0.03224678625578058,0.05431688324478196,0.03241591587816424,0.08621533199738222,0.03315330563967742,0.08359035540343941,0.06931564010676382,0.06748524197438172,0.07573946019771617,0.031711165079007224,0.036657041926074455,0.06393608939291738,0.06554848823731751
task_te000789,0.03634486402136776,0.06273325590697523,0.04859649329085675,0.03848005680699399,0.06320213704546658,0.03430633606913173,0.04008168831851506,0.04404092866711121,0.0424689958917227,0.07271400342037501,0.0373906033603518,0.04667411193221118,0.07037949287216208,0.03434308267933379,0.06603830396548215,0.05088200058903109,0.04880643026934686,0.028736287685781722,0.05169025899386269,0.08209066821392072
task_te000790,0.07903706715928578,0.032992568369051734,0.051162321990897264,0.044974616761280034,0.046709995261816774,0.05499652373960341,0.0434963118288634,0.029308136089234167,0.0684650044635873,0.09680689901364836,0.10522394890913755,0.032021198453718036,0.04779414568504449,0.027907155219655394,0.08947497494071223,0.04957534734538436,0.018202734610969305,0.012319976051548196,0.04523932907332863,0.024291745033233596
task_te000791,0.049784071253444084,0.045897871878860304,0.05113582453289701,0.02975815981027736,0.06618683932112589,0.04501507860234174,0.07546397696544531,0.024689993493939754,0.05250692942371114,0.08195845846699273,0.04662162288169193,0.10597505451992997,0.02386538930117419,0.03995444928627141,0.06456414816568165,0.02478356508815128,0.02869446677745663,0.048183212310289526,0.05459753192190527,0.04036335599841266
task_te000792,0.049082991791628956,0.050654538671088566,0.04788636874210261,0.055189874620520205,0.04927444986764483,0.05122973077313188,0.04852167218449824,0.04763509686794548,0.05377889601002355,0.050334941783176414,0.05174877084391604,0.04861289669628656,0.04777854829091474,0.050193264824967554,0.05155325863918954,0.048595742604889726,0.04809432459103252,0.048374225398546376,0.052211169338214757,0.049249237460281495
task_te000793,0.05215739372160971,0.05210032115082547,0.04784864915357999,0.04863227543880737,0.048127243930797155,0.05017999156673492,0.04751267348739335,0.04861445684187019,0.0494870240506974,0.049277088763750136,0.05107736144701592,0.05080268954050439,0.05093638485149643,0.04594319070637851,0.051995841987706584,0.05076502848252483,0.05116285651910715,0.04990522331985601,0.05271429821082314,0.050760006828521165
task_te000794,0.06491323340756228,0.07811287202439986,0.056878956647338316,0.037100990544255606,0.03872696596233319,0.028711628373650256,0.03946801873432816,0.06668317149370037,0.030262347263193382,0.03117689169918193,0.04486621201524812,0.05348775642900423,0.031676104318807755,0.05524152699923583,0.0518812150374132,0.05069624910975139,0.04380039438172974,0.06452062422222929,0.06513766233093735,0.06665717900569984
task_te000795,0.049785667855141595,0.046441640259243466,0.050373097269361275,0.04915038436682059,0.04371491143766,0.05247115621845472,0.05194071416484385,0.05441053413160155,0.05393275420645107,0.05393626618461222,0.05007062784986025,0.05077632812004069,0.05180226764639594,0.04743534712149348,0.0466920911100208,0.05046825439281429,0.04556340506086426,0.05110991497659911,0.0534633166048864,0.04646132102283457
task_te000796,0.03330959560347509,0.018478646792662968,0.05733397807193131,0.012202684499907588,0.12037024291371014,0.05024703789412134,0.07424538803935488,0.0616772090631547,0.05485072131496414,0.0693529396226375,0.02452203570707368,0.01783902441882834,0.03444832758648708,0.07274395539912627,0.05467846097870075,0.0158138098803828,0.06799076167477339,0.05156225596559856,0.0283233943296382,0.08000953024347135
task_te000797,0.05174636213914871,0.05200811355770559,0.05036893129961494,0.05214646667595977,0.047693962035127206,0.04988896436118187,0.050200577280478685,0.05064155266403733,0.046668562262184035,0.050176906779809266,0.05244109144178547,0.04917020522335998,0.05035145661932028,0.050347987075089674,0.052129992255976636,0.048197882117495844,0.04898403742737478,0.04960063397643693,0.048348984555626064,0.04888733025228698
task_te000798,0.012072222760950118,0.041599706714378966,0.03134977536542687,0.1222805330614831,0.04341034408057057,0.04772831966345435,0.04717304130421049,0.027176651682124058,0.04558636331849333,0.05092998757665487,0.06028564028958067,0.04413442567334429,0.04239838563373618,0.058258168200355974,0.03175090105061533,0.021000491786143598,0.05266515490238164,0.0754087894742136,0.059331881352110476,0.08545921610977142
task_te000799,0.0575204399792939,0.06468305212849451,0.03797970179458325,0.06234441252082331,0.02867288375769532,0.04870028666944417,0.06382386894876428,0.05054092647529012,0.04482233565669592,0.029279449407867544,0.051019436233617856,0.07420181783803124,0.06275043530254645,0.04773524626016258,0.037176544179458225,0.024247097817485963,0.06717828857113549,0.03466603497684945,0.03670502391345861,0.07595271756830191
task_te000800,0.048507066232453,0.05780243017971261,0.03660113283711613,0.0852601147225409,0.03684345925477322,0.0424196478490653,0.05671500621104061,0.0893395377557105,0.03857971219332956,0.06284358960118076,0.06115324804346197,0.04917581495226359,0.041027556306232185,0.057273068649501595,0.026341463881210996,0.05336793146615828,0.054821746709140536,0.017774671495745138,0.02433949711453155,0.05981330454483148
task_te000801,0.0345251433518882,0.06545224030388591,0.051145119346816606,0.03479134318342167,0.08832482224807453,0.04948035356549108,0.0832754470267965,0.07370823327260645,0.02433248177510819,0.04405133030167791,0.048239994254386506,0.05282017959380151,0.07257181545396661,0.03543170864850041,0.05202282259068334,0.018724738981987895,0.029675546016558276,0.021963270889614136,0.055251793668079835,0.06421161552665437
task_te000802,0.038603446546004276,0.03450303521786026,0.028492356333808443,0.05074195370515578,0.07067992515927782,0.02551553248876063,0.037181735791833447,0.023545166284172983,0.06530985524964639,0.06439952196806398,0.039742802493889305,0.04293088267741974,0.031288274555822275,0.03796939587813993,0.06379811033337832,0.062439208556813085,0.06712133931853317,0.10125182251732072,0.042347080119954444,0.07213855480414517
task_te000803,0.028758431989162312,0.04569646951964198,0.0502298159731954,0.043400289427812884,0.0531731023430567,0.0513795559895715,0.049558443021048,0.05553137411655171,0.058075020163177504,0.04505250959755534,0.03650862288258241,0.052100103767154696,0.04286539222187844,0.06326749265066178,0.035245418723805225,0.05963326887773354,0.04546464174479223,0.07886383621198297,0.04889111262608673,0.05630509815254867
task_te000804,0.04888885818495698,0.05907305241081118,0.039451438138249806,0.06991246991825735,0.0449205229644076,0.061120542844031636,0.04307534114284217,0.03963132932237876,0.04324696889205788,0.042875680030556876,0.04352469603733508,0.0598345083211364,0.04381584091291088,0.03183955766337555,0.05697441049674689,0.04443866009766525,0.04731124075732598,0.05855570300256832,0.05577222037416565,0.06573695848821993
task_te000805,0.04503892417928325,0.05058839211880788,0.03293865059071767,0.0324564615001501,0.03670587150944712,0.035545038202172315,0.09273918639662407,0.03445097645272457,0.057969626337163245,0.04417969638315276,0.04365828219099228,0.06525994633183227,0.03679698077821652,0.043937519372425834,0.08520133639996191,0.08284359768161094,0.05133538217685304,0.04554837745287791,0.048680144644290844,0.034125609300695546
task_te000806,0.0441791911324502,0.09606532017115717,0.06094441847710486,0.0515383768666805,0.03821800268771457,0.04757632000234714,0.03509620073493443,0.030594896124828918,0.05172208108149632,0.045136461010726624,0.06264907742157243,0.023042530321111084,0.05344819581032673,0.047910319350841356,0.08108837963462634,0.04509652364012171,0.06017937450210958,0.04239650340582119,0.03227048638223457,0.050847341241794276
task_te000807,0.05090375154964374,0.050120111037827535,0.046469274224910574,0.051366547971750345,0.053234363677801676,0.051207488438117815,0.052209243443812184,0.04829161285425726,0.04714332147241367,0.05324873085173391,0.04892145567067926,0.0512033397351575,0.04688584754944465,0.04718872121639321,0.052974313862590876,0.0518833806697752,0.049005131996442616,0.05009984468605319,0.04958539609219778,0.04805812299899692
task_te000808,0.047028632988912925,0.05755569836102797,0.03926220566307632,0.04866447396385159,0.029290267460722233,0.06126507017373283,0.03591893245449623,0.07221402002433919,0.05372916503090879,0.05687367615355187,0.03620040948341228,0.048062422828969234,0.05509244472135037,0.045508511321693305,0.03841990071565733,0.047665286354274125,0.07164343295388963,0.055125699693779076,0.05220450745332116,0.0482752421990336
task_te000809,0.048255761749845374,0.03497147939492359,0.04821957046570137,0.07984270985756409,0.056237079587134566,0.054590473983317414,0.025454986668101427,0.06471104877195707,0.04217582227987123,0.06521365070146223,0.06979626090381869,0.04636941526360196,0.06241277301102052,0.03802041141084403,0.04326438906446891,0.033667270165823215,0.022491579659004696,0.040407915426064527,0.04452862681217419,0.0793687748233009
task_te000810,0.0484585852283824,0.05229843816305715,0.04937822765480374,0.048654914433495226,0.047462678476306606,0.04913413670036643,0.050438049781353765,0.048614243249930696,0.04903062616779596,0.048547992345446295,0.05189025792461135,0.05075548867704227,0.04912780751097384,0.04956388737405603,0.04801917741512292,0.049371963997634986,0.05218426644696287,0.05322459750980292,0.053567820207949673,0.05027684073490501
task_te000811,0.07282001690154954,0.02893564133496674,0.05065069340415379,0.0476033816027126,0.03607358066687318,0.06758100714943559,0.05367676507991754,0.03310403516132596,0.04096437947192388,0.06461192508015845,0.07090843456349677,0.05677460065741124,0.06285244876526651,0.05077085182392829,0.04404267430303534,0.04278885257583168,0.06374752461585088,0.03342744608859622,0.02887931673392813,0.04978642401963777
task_te000812,0.05730488759129142,0.06463197346763476,0.04681991957166105,0.053400299500716474,0.054920743350272826,0.02461161449068184,0.04668765904793703,0.04790226814312725,0.04537532356530438,0.07834980410304916,0.08497577129029892,0.04124375433132343,0.024534329727828614,0.052679245798956026,0.03305579607404014,0.04337125746168254,0.04295637075355084,0.045202834985943026,0.0820672343069155,0.029908912437784818
task_te000813,0.033333160467175264,0.0687168452431182,0.03548161267934124,0.05602811151767846,0.046978102069846074,0.04016303026031799,0.03688699389512769,0.053263624890405474,0.07073766753501404,0.03838303833108615,0.05942902039990027,0.04996258522075961,0.04619682181025151,0.0572341420657238,0.05974164695752439,0.054438455473240305,0.050869795726338575,0.029961459051685565,0.039911404915883374,0.07228248148958194
task_te000814,0.04806368575182896,0.052054543951276344,0.05000595536519684,0.05281675333064309,0.05045361084053735,0.049062793596265586,0.05508828827848135,0.05162691824123726,0.05070196459889921,0.048536922264343384,0.04809433818270374,0.050005895453245894,0.0478506513104975,0.05087043366899405,0.0475347756979995,0.05423005774339653,0.048127419246986006,0.04799622881127886,0.0477498979308601,0.0491288657353282
task_te000815,0.0452041673983046,0.0403993357495255,0.037224558262285226,0.032669313612485054,0.029867707659808833,0.06437167832321213,0.029628753389509162,0.04378976483604039,0.06420991013754447,0.048963937324522526,0.04214381389323123,0.040523822249134804,0.033778182472553236,0.0926195745626738,0.048857758019716147,0.09836863840908915,0.043909381065541,0.07723401958713376,0.06666575201233779,0.019569931035351065
task_te000816,0.05725381507500331,0.062616666875206,0.07110788398131579,0.07157857463853606,0.030086097304061737,0.0421979914746441,0.05592900517924902,0.04620576863830658,0.05444655929114549,0.04012564582497222,0.02812081798994693,0.03759866564444448,0.047025850497176794,0.06153646891769959,0.03884010302332803,0.07763036139783266,0.03538596428375805,0.03789946693962948,0.05656531892417894,0.04784897409956479
task_te000817,0.048736356949789617,0.05049730876609531,0.04824863329586946,0.05041664092181141,0.05202846510963352,0.05284295658273525,0.05132593575198587,0.048257025472795194,0.050264658928350844,0.04970577610832067,0.04982217726247718,0.05197921700170042,0.04962800104866512,0.049125259817236186,0.04844758212185995,0.04719703343910088,0.050314819603142,0.048518299010416814,0.05091307991268099,0.0517307728953333
task_te000818,0.042066341675717565,0.03365926174881229,0.06055930693909118,0.04975212863822419,0.04869607645920412,0.04383919880169751,0.04310984457366549,0.08074486643568601,0.04793478568608634,0.032575783634261675,0.028091453937445436,0.034732766451329826,0.038799153866455945,0.09482212659968478,0.02202530065860046,0.04211707688119181,0.11152589130307898,0.06965888928429043,0.03799812383498941,0.03729162259048654
task_te000819,0.04323778582101691,0.0438244141994367,0.04342534014537872,0.0722730854388104,0.020157370590780658,0.040288532673998394,0.03219207692870639,0.03584450731164395,0.02683747974917587,0.0997956476903661,0.08235872936185161,0.047110537843540495,0.04563921501048317,0.038643608941683893,0.036406031869204346,0.01965331536922543,0.0669593890615642,0.035002867570658604,0.06482598648012283,0.10552407794235137
task_te000820,0.07312963199480171,0.03068295092115412,0.050970717545663444,0.04267141297508434,0.0655590648130362,0.052167882765032904,0.05257389098802959,0.05988401500013235,0.03957232255147996,0.0455364995864419,0.05478664308556655,0.03895453906119449,0.07009883438641114,0.04401493588206732,0.03968825905707111,0.05401093811163095,0.03408370063608223,0.03505946880714406,0.05578013072069459,0.0607741611112812
task_te000821,0.038221576494449974,0.05927449345019973,0.07492367674986558,0.02533317808744304,0.06378679506044063,0.06473834990878484,0.03460014383034603,0.04949454722616107,0.032604193649826224,0.025671155554362456,0.03920066474918587,0.04063273454430506,0.03994042722434751,0.07997678760361222,0.04994149240283451,0.04798926450550535,0.038130964595605124,0.09747605957566449,0.03773403813773349,0.060329456649326776
task_te000822,0.04964877172994127,0.05166900018893911,0.05269571822279605,0.04735829067720797,0.051295989438126306,0.05094304847452356,0.05258082697625113,0.04709971485738302,0.05075004051250426,0.04800039266458622,0.04739525426703666,0.048047058999473785,0.05126181513723419,0.05192137797601999,0.047586216802593666,0.04829583316313851,0.05091306674311658,0.0491917163247483,0.053417622927830595,0.04992824391654891
task_te000823,0.07374817543455688,0.03551700718712347,0.08605329329612678,0.0339205186181205,0.03564060017221886,0.03817813257861362,0.06758769574605457,0.018253530356012983,0.03682454473962406,0.03887089277908857,0.04171218746057794,0.05971375439776067,0.049704588088128075,0.036813601992577605,0.11467140471743013,0.05956248754992548,0.04356537804898035,0.038058474434931044,0.05480873634672063,0.03679499605542783
task_te000824,0.06805585175964432,0.06923615284786944,0.05145834771176139,0.03481885022201076,0.03307074700102673,0.05839148848877452,0.04539543714884067,0.04341002810982457,0.025305690275460698,0.06250718493819507,0.047568274580767275,0.03483592014587187,0.04407273077409017,0.07782358096883434,0.022532199062338925,0.06532663650502271,0.06141183641539041,0.06637945281365397,0.06362553876794491,0.024774051462677343
task_te000825,0.022948359449359624,0.03267529245925059,0.08551495883740702,0.02441043492135991,0.07043233048282985,0.04466344648694262,0.08035900788161938,0.05371338908214486,0.031911617537232956,0.15155245345419485,0.031993683610717145,0.03475461575730735,0.05152922161258556,0.027693176594152796,0.051858965602551495,0.07725953888041096,0.06057713201739619,0.017898004166079024,0.02562029203258157,0.022634079133876436
task_te000826,0.031878313510033056,0.05700867310695149,0.056043380694165756,0.0683729161554725,0.046972549945070656,0.030076333140810645,0.03466144065912303,0.0696969142154103,0.032591663717233224,0.09086765409709052,0.062177097761489004,0.03997327526801012,0.03817431163881514,0.04366056308237862,0.0593038163872564,0.04631648144215585,0.049608974791241156,0.03790113951083708,0.05162559072817429,0.05308891014828122
task_te000827,0.031118539968892224,0.04874447420827131,0.052792271603181444,0.05375910082372703,0.020692293554120028,0.031234084569919943,0.060846021802198835,0.030831267929435864,0.2267038525593472,0.023591856008706,0.047029120544949655,0.028861818416781242,0.039502098409587336,0.052186531886483936,0.04630307132121444,0.05545675259962777,0.03287338409620685,0.031185983626479875,0.035677501387793076,0.05060997468307583
task_te000828,0.14499706571906518,0.029910757752142195,0.031886006608518994,0.028194219858418867,0.019982007005750126,0.042299315371411024,0.0913330734817591,0.07197508592773469,0.02565708648884641,0.12180099384520553,0.059543051262989435,0.032531818572449134,0.03487801429195794,0.03741708853920599,0.015741709285427005,0.039641844101055285,0.038576685730473584,0.04689983190358386,0.06869420020621614,0.018040144047789634
task_te000829,0.03906228796919893,0.04494223362552477,0.0388755093693355,0.045790500813096845,0.05729783373466688,0.06611117506033555,0.049141238664628356,0.06455678273364052,0.048290040079317004,0.03627556468283791,0.040251930346614714,0.05551120235568761,0.046855475334291664,0.06588260759917595,0.03863701009237775,0.029625554086485262,0.05258271394734109,0.04691527294735238,0.06931088535741414,0.06408418120067733
task_te000830,0.04279592466424375,0.049395674841559385,0.06317887637391958,0.046392127566224885,0.030985165369265853,0.05141265319263175,0.04312781523739608,0.08053717966515975,0.05607315561493397,0.04965166833265408,0.06048388536941731,0.019590079101016022,0.06209005607199068,0.06907188491730978,0.024114880782380835,0.0568850295648359,0.025602409957364517,0.08474300044174966,0.045285640668104574,0.038582892267841666
task_te000831,0.035150400131497894,0.035141934679323014,0.04166067621102549,0.03790830473228849,0.04445938736574383,0.022068720116735285,0.03007834692400105,0.04404380200811992,0.03758634377222488,0.04454579727694882,0.07547981871036523,0.049291631839396145,0.09872563519311178,0.060334689450909834,0.04033998778557097,0.06358910418617743,0.03218353805436495,0.06852645330530556,0.09792605458216902,0.0409593736747206
task_te000832,0.04275122053629542,0.05232105858686131,0.05263849013089734,0.07064622203619256,0.07143788751970337,0.0422664993254606,0.0437072066219228,0.053009309266780075,0.05531995564806473,0.052471706618901735,0.046786162209790386,0.04609710353895732,0.05121831325327778,0.04353996911993979,0.030133513085730347,0.05639233236590823,0.03655892906797351,0.061994491665135154,0.051366610473794885,0.039343018928412604
task_te000833,0.06348364636094982,0.024650237095310643,0.03406647682899859,0.04577665387942613,0.08596564899715325,0.0423814248151281,0.04223187348936669,0.05243733042166115,0.03436723472819891,0.03980184394297803,0.06293369090315083,0.030565826189402946,0.04353137268410686,0.04127672326632956,0.0637275623386077,0.05882408834158602,0.04040160781914289,0.06894434301273276,0.08229085341806362,0.0423415614677055
task_te000834,0.04868755161259924,0.048930125280001714,0.04984865751815137,0.048159793872451284,0.04848832088308646,0.05134227404730655,0.05207461453704065,0.04828627226719753,0.049108347450110876,0.05167871145652853,0.04820848746612043,0.04839098337377227,0.05118994596239351,0.05205610705300099,0.0489067326710259,0.05144413466640294,0.05254697840927543,0.04969730062689122,0.04940327287332794,0.051551387973315266
task_te000835,0.0672962677475425,0.12055713504254656,0.023023456289288296,0.05572697661472966,0.08430022231391689,0.03696675568105576,0.03166259542586728,0.047078637671540594,0.02823200259933717,0.03138848758028318,0.016100322488521036,0.044802531080553584,0.030547120495647413,0.027902373185909088,0.06874096772600088,0.03801605485353783,0.03198648022015373,0.08395782603158067,0.09833071898136508,0.033383067970622925
task_te000836,0.045097183224693825,0.06540721512844298,0.024654326845336944,0.058822238790594075,0.08182714060886445,0.027066103325721038,0.04240121219295642,0.0200722195638629,0.02998684451558268,0.015062283228585792,0.04073850355961497,0.029574291498109168,0.0565609468215515,0.028577508133491695,0.03316259848336787,0.10320667635550672,0.12163312534266725,0.0637131164917374,0.07593033510606614,0.03650613078324626
task_te000837,0.04871031922694995,0.04998820324489595,0.04986742148735721,0.05211433217314137,0.04690018700730293,0.04809926773886512,0.0530688937783661,0.050057817877356685,0.048774388488447014,0.05461257692259597,0.04943744734174036,0.04944711432660685,0.04759485485931312,0.05395721663685072,0.04765124455850565,0.04783067251275166,0.048109966712308,0.052801962927233374,0.050215390769316505,0.05076072141009524
task_te000838,0.03172088373582991,0.07456393884299346,0.02963306702054588,0.028280788561968414,0.050275835109543636,0.04525157505887621,0.064316056289465,0.05536572540586609,0.05835369659284453,0.04088449735058047,0.052817053753010615,0.06189702004499466,0.05949568312271406,0.052377826801207804,0.043279750386000224,0.050723218492076734,0.032313743795004936,0.04454385787235479,0.060166362990191596,0.06373941877393098
task_te000839,0.057371580266852344,0.04116679317200852,0.06484399770378876,0.06164813328993503,0.0788234612800001,0.05407689146841978,0.03130148516818345,0.03526114756517188,0.07517209293774153,0.04638930734633882,0.01763764572424575,0.04812395695136575,0.03453835179622262,0.06539974669714453,0.05686909435163771,0.0608974445577444,0.0727140062406095,0.030967745440747266,0.04226001630096764,0.024537101740874447
task_te000840,0.039592804455198916,0.030931585343141697,0.0399569809218653,0.026685462671450378,0.02667310131361565,0.03119320466022071,0.07006992484743378,0.021968778823011372,0.04874345807637432,0.11872638872934353,0.06589079071871368,0.03543008758296589,0.0707658958666557,0.04114708970151239,0.05582414972169474,0.06751562301996718,0.0372665420171176,0.07857208030394808,0.03737213455727194,0.05567391666849703
task_te000841,0.05067515130958732,0.0544606288377146,0.03808889654139222,0.02855083199139962,0.04901535812636005,0.04385327609927884,0.09543652674762641,0.11054792827224015,0.03385872643024621,0.0679558861553446,0.04310072517446012,0.03235873555838793,0.04961246374869451,0.05274848393720607,0.022050968679110345,0.049152777844234566,0.0315077093118241,0.042280844307783984,0.03756916486719777,0.06717491605991054
task_te000842,0.05893911505600273,0.04371721070488088,0.03632809575036704,0.03710384647475315,0.03154843868225221,0.07354879301204686,0.038577532924552564,0.044028130379866685,0.0545244709871089,0.04732028465854161,0.044266278687942195,0.039686605035340515,0.07368863204749272,0.05394832756471501,0.044689391149967186,0.055842803612846006,0.07139129779253843,0.05233834760435378,0.051922344681557014,0.046590053192874535
task_te000843,0.023126781383814174,0.029708537428379322,0.02372381001262938,0.06121816944260616,0.02774542155252628,0.03104916856477828,0.07816641694808407,0.1448448114964583,0.090878332616641,0.04577915786239394,0.01434253613389808,0.08008788111623084,0.014322521810180365,0.032260084093483875,0.060988103896578695,0.06980642172223804,0.08678811301407192,0.015246098416474148,0.03738643985912795,0.03253119262940511
task_te000844,0.04335319145568702,0.034264053907918965,0.037528354642088695,0.04287882810600622,0.06937097494268504,0.04262061311865981,0.042552104081195676,0.048493116003204904,0.06359659752754496,0.034063913694833976,0.05038381059449409,0.04292735525045535,0.07343042299258472,0.049274534607156764,0.05068401182371041,0.08750832796759779,0.03973223208710489,0.0506662542877184,0.052517481000302846,0.0441538219090495
task_te000845,0.039776650788379525,0.11102363032416897,0.044411141786753976,0.050451289909203195,0.017739226544391556,0.07116271310156065,0.04472158465848013,0.03940702424166079,0.058857246580844354,0.04290370606515433,0.048333008411007655,0.08525417418819821,0.062100003374331546,0.032628156898334676,0.031138456296514516,0.027955248777472533,0.0392678965412306,0.03301854145460964,0.06730392599753297,0.0525463740601701
task_te000846,0.10303429331948089,0.019801842240330533,0.03818027524432907,0.03907000946513057,0.03253763444191499,0.02054299372917624,0.03235420941418884,0.10299852924318006,0.01959912935774258,0.054558968919074635,0.08828244684631416,0.04855962811590061,0.016327094345767384,0.038671306445841075,0.04705608606624077,0.07147080750822439,0.03254293296399188,0.06124765643871766,0.06984593765311682,0.0633182182413368
task_te000847,0.035871184306237515,0.057131753649422176,0.04912795856811726,0.07196460863336282,0.02057771697926197,0.03942966908028803,0.07160070817118239,0.07664801208363894,0.09206937023311446,0.029615225933580753,0.04342053653297806,0.07376670530203193,0.024504241242578245,0.055849223363808265,0.05280324534346663,0.04616891874353502,0.03787283257418871,0.06878267155069238,0.02503958511010207,0.02775583259841244
task_te000848,0.03481265382643299,0.03339356600369556,0.04322748429631995,0.029456081748166395,0.0821598089068939,0.06090585150925605,0.05432955376833042,0.026715950183018165,0.07304313248358084,0.03818189977672619,0.05614908207393508,0.04125814840798794,0.03309523681543122,0.055484173872127764,0.02905395207500175,0.05231800023075885,0.0862316625727663,0.05184642095424945,0.0645356264607148,0.053801714034606235
task_te000849,0.04729126228071602,0.0485977646736257,0.06400105702141635,0.035343211222645374,0.055708046799931465,0.06879086351543354,0.04535507381672645,0.04110544481833768,0.0659299224844103,0.04160138964222164,0.053499996291258706,0.04660240989781659,0.039157793697893864,0.04932159971575228,0.06437985136252083,0.040072826496015526,0.045286462730920726,0.04989449511069714,0.05676008436745089,0.04130044405420893
task_te000850,0.04705757559083423,0.05015745989741981,0.04857237890866783,0.05052720057641172,0.0500211375787611,0.051920690784340175,0.04879575257039792,0.04966613611965969,0.048460347878657634,0.051411191187723325,0.04946658170085386,0.048587262299084256,0.04986403481142959,0.04837618434337014,0.04993772719928774,0.05156296705088001,0.049848356852541895,0.05404207746230522,0.05020636670061751,0.05151857048675628
task_te000851,0.03169222353532388,0.048154153608188095,0.048320126878247646,0.03047030154447898,0.04105307172211135,0.08645464889515155,0.06637585865634066,0.035945996366006906,0.06775121316066204,0.037020584054627305,0.048234152417277715,0.050830575273015814,0.07177198463572332,0.05056717515087225,0.060229218289209456,0.04578749008302293,0.03620941870664527,0.07355613679801999,0.03834627538030969,0.031229394844765012
task_te000852,0.039178983175392,0.05714800920760569,0.05386998065735924,0.058472423426678334,0.05727628877707946,0.037691300764544584,0.05756676544891104,0.06217873870191397,0.05457975033356462,0.055419275982223515,0.05293539423737157,0.04281192045448465,0.042917152039160314,0.072941912659278,0.03736615477218755,0.059441828784468326,0.030730732958410837,0.04360822645049544,0.03927228275795787,0.0445928784109129
task_te000853,0.048372944944185974,0.04024296614680763,0.04399622679485643,0.07021513290106333,0.03481131900321212,0.03672407871176642,0.042305379335142244,0.04190363825403261,0.0340928315116482,0.07529614542886309,0.10756511811209381,0.04578640154968336,0.03608617136538404,0.050704998645005515,0.03452718519450146,0.032900273033200735,0.03601592647428721,0.08888406948627635,0.03448930281656135,0.06507989029142816
task_te000854,0.04782042067952378,0.05220842986856127,0.04889443682231238,0.04844120006397433,0.048524903092054296,0.0501312691315679,0.04815793823175876,0.05245252473584135,0.05268480083177291,0.0508050239826384,0.05188966445982738,0.048695163032803385,0.05034240950008556,0.053708940308209774,0.05209796314742714,0.04852354394704153,0.04963326048212566,0.05153305585020492,0.04659403626498857,0.0468610155672806
task_te000855,0.036615897719986065,0.021033495827554687,0.03352883896552427,0.03553152366438307,0.02471871114700953,0.03942396190383341,0.04393610438364404,0.07819470020177587,0.0794404213039664,0.11055277998152105,0.07526643113488492,0.06468352043906668,0.020638524587470668,0.05210391643429543,0.027493026996009723,0.07294065175849607,0.04955635092164862,0.031184137149762765,0.06830780504779861,0.03484920043136823
task_te000856,0.05221656115933297,0.05283733962518364,0.03884516533827464,0.056426422345461046,0.037878130149754656,0.035844292480522,0.047301075247953225,0.0205403400233459,0.04950564548332851,0.0395821739443393,0.03862197181400038,0.010761346735147923,0.12764871710916156,0.04592415213365307,0.03711624705985031,0.030537908010248176,0.07099196143476752,0.017090531743478583,0.125412639002273,0.06491737915992356
task_te000857,0.05028320662825222,0.048401943482082196,0.0499669764330697,0.04924730880148283,0.05182580858341744,0.050780270720640744,0.050939774306822644,0.05005543981724691,0.04904125455123701,0.05004025616171889,0.04805999584224982,0.04885564197400437,0.04895724087256282,0.050031049214285014,0.04955595248964732,0.051537121845080795,0.05075900778449835,0.051474303049028884,0.053381038545664526,0.0468064088970073
task_te000858,0.05073330822979872,0.03254566441078013,0.05352497713609866,0.053519279975028755,0.02963727910721595,0.062205956333462785,0.043092169569377434,0.06069140706848752,0.04328548148383917,0.03164908127660615,0.03444965824122969,0.07010063017274158,0.06772827626202552,0.029428103190318116,0.0557725940503972,0.04813398034242101,0.042026318871164356,0.053516991527359246,0.09609835697706115,0.04186048577458689
task_te000859,0.033189549291003734,0.04494267708543975,0.08717890065462766,0.034488202702388185,0.049140298273407525,0.04723625162457899,0.05628014417921565,0.06453493719908537,0.01968588661819788,0.046640211133159304,0.08947583068816035,0.054752469751019606,0.034238727846774224,0.029376474586249212,0.04206982932411014,0.054100464903979184,0.06646628826500336,0.03553735919866488,0.04638590949154001,0.06427958718339497
task_te000860,0.07922517643011087,0.045257633136972265,0.058253416878405316,0.040524616205629964,0.0628431604591647,0.050458233774089346,0.02189406842849274,0.037813665857568936,0.048715093966452315,0.06350058765488022,0.0371678832270398,0.041894618031553615,0.030837241693219605,0.044772721121947315,0.05936960921690297,0.09858838765007881,0.06396875905554084,0.0352267346403151,0.05406056748370431,0.025627825087930916
task_te000861,0.03807502979728352,0.07798414859700704,0.04987808869742899,0.01954947867171242,0.015798070985820718,0.038199308509385584,0.023387811096943673,0.04962825279327128,0.06346466434518841,0.09252925087829761,0.0750215002641353,0.05096012740118792,0.04484478580733578,0.027405582519574388,0.11805878746332299,0.036186547379523634,0.05981619031849625,0.039405371966886794,0.05082085664370821,0.02898614586348951
task_te000862,0.05065692728572896,0.05200408607062834,0.04720212972838684,0.050690574976501875,0.053159726443717206,0.047777044079141275,0.048983005989928385,0.045209940404689626,0.052440175080209865,0.04829747183810475,0.053380514887037135,0.050195058124241645,0.047527467585715,0.05209181365706986,0.05200305532132384,0.047587796180620916,0.04724215147029459,0.04957388452070848,0.05263498906264652,0.05134218729330497
task_te000863,0.05272104025163173,0.04736631770077397,0.04792048585849208,0.05215489932466743,0.05210617423464647,0.04952759779380182,0.04763360461479953,0.04918248232688666,0.04657794320619957,0.04811696798285256,0.05142516350050268,0.05262864744316883,0.048683869786616915,0.05000094498233076,0.0517995356102134,0.05099903673386531,0.05250834334272073,0.053184910241392123,0.047477319049472375,0.047984716014965165
task_te000864,0.04933511162086085,0.05274121288235261,0.05060732843477153,0.049028242428188706,0.050414821409847856,0.05057462508502286,0.051856499550553714,0.050604550162731764,0.04941374483735033,0.047815110478964536,0.04947637648772634,0.04781416009866169,0.052481960893414184,0.04940741357038061,0.051196170479960154,0.04744259706888305,0.052326863290990275,0.05020538119294589,0.04970188931289627,0.047555940713496815
task_te000865,0.0516293472994573,0.047877210540280456,0.045996439522596036,0.03234009986134,0.03510039661031982,0.06431878575399871,0.07036954671163846,0.048760459603734325,0.02764806699017032,0.018621257213392077,0.132317581690775,0.027431527924005456,0.04353993481797692,0.10695977364308021,0.020218776099907628,0.02846092644000365,0.03669163788578078,0.0691786830085739,0.049284278025936226,0.04325527035703273
task_te000866,0.05368714025204855,0.019178388757692857,0.05282043335870659,0.034618793312090064,0.09823439634841498,0.04537181016198428,0.04734207229033627,0.0905387632108817,0.027451084051735516,0.04748604978379548,0.0907178412743071,0.027252576899585965,0.06281669507627163,0.02083466077716856,0.12203173420134354,0.0163791843889831,0.023601141992190884,0.043671084738191555,0.04967795368876767,0.026288195435503616
task_te000867,0.042268830979977114,0.03839066892231398,0.023085620559040385,0.02658009782194213,0.05570271843266878,0.046417959303351915,0.02742457347508005,0.06252596614238957,0.03629418329113717,0.0918015976826985,0.03496816907311767,0.043253070446470074,0.007200279561993686,0.07742081633596913,0.01738656515038967,0.11751136692393947,0.09542556396061827,0.025098845201769256,0.080046692787258,0.05119641394787507
task_te000868,0.04808720438900715,0.04966376383541196,0.04773758512856816,0.051062878403211,0.04992463246818871,0.047581580717438225,0.04929638343154278,0.046332817573300496,0.05391390316975771,0.0508839212218978,0.04851231691278807,0.05020674465787621,0.04605579120331606,0.054166317934564126,0.051910098863298594,0.05247023859174664,0.05096367330831145,0.04996069523422664,0.049701773247977775,0.05156767970757055
task_te000869,0.04915379258905246,0.0508726969318837,0.047805874038434976,0.05388314024083668,0.04832079445833422,0.050479774558281884,0.04811002831256846,0.04720065208678764,0.05129417876797054,0.04700247977247966,0.05286482053804137,0.05049834089818155,0.04944107231652505,0.04954602894336006,0.04975549678767189,0.05046645391682399,0.04938446790011835,0.047637092686609143,0.05107714339955463,0.05520567085648364
task_te000870,0.03522202654394756,0.03966029020061001,0.06971338184342003,0.03556751334479988,0.04743670700427003,0.0690622461832701,0.045638096565485335,0.047866318134250255,0.05498107686124263,0.02891668370292135,0.06558658507216954,0.05219421319197673,0.04758120407335482,0.0481314713032124,0.050618153877451805,0.03550067731964109,0.049211426217633275,0.053001533518448045,0.059609259222793115,0.06450113581910177
task_te000871,0.05521005219804209,0.05423345806006898,0.06790320617379235,0.04490119789128429,0.06226642215730362,0.06468730557051566,0.04495038214170615,0.03991937216224911,0.0330663256784821,0.07818021934483162,0.05109272223327843,0.06651599477073247,0.028880328508031176,0.05954153969153273,0.03566773566473652,0.04752673935604885,0.033595630457671645,0.0445624378978589,0.058567946666935176,0.028730983374898073
task_te000872,0.06519682372630325,0.10164528978094826,0.01993293124676895,0.06122733535313302,0.031687046911990896,0.018886330703145267,0.046346703744586173,0.060224320888366566,0.02107686536930748,0.09895573250259414,0.06634888233404214,0.016490667259716853,0.027413340367123114,0.1096841582767154,0.05482965450438676,0.026411528990520204,0.026894472159795162,0.047906762178163,0.05827502701765446,0.04056612668473901
task_te000873,0.03922509938217497,0.09283925525872765,0.08430026021429143,0.023388872486994654,0.13715930731366466,0.040420150364418005,0.06582601283287737,0.04817565780704772,0.05700297685519308,0.029179190613592733,0.02555862620200336,0.03893479236998729,0.03690131028316574,0.029135525161599042,0.06905402539288583,0.03012798484352088,0.05517821405075536,0.015690124099231387,0.06190937368722905,0.019993240780639823
task_te000874,0.02949476777577796,0.06141949676325708,0.05943335110267444,0.06854879773531825,0.056630948853229085,0.08584095067681549,0.038220062728823195,0.0507543591331112,0.03266779267541248,0.0394739758003122,0.04310192324526038,0.031245889241874453,0.044347094300189245,0.058795328684130635,0.044668989642015135,0.08182068295071479,0.04478223583419064,0.039480284835505405,0.052358738252965914,0.036914329768422224
task_te000875,0.04365377223989651,0.04658541590112901,0.05841457086954687,0.0640839985282703,0.040876881218561534,0.03310900305512032,0.034443070528059685,0.0324447626203442,0.03343965551757402,0.07385805850030633,0.059631481031064866,0.04559992040063087,0.053539246711673115,0.05951048796362204,0.0545935333221755,0.10731408007431391,0.0327773321786056,0.03625035342779774,0.03044141438138487,0.059432961529922786
task_te000876,0.047413887433664904,0.04896350912359656,0.050539186066326965,0.052131000054264076,0.04930683605327127,0.054650298469515225,0.05050749690454767,0.04921163864680081,0.04912646728476342,0.04819066029659344,0.05044070162423443,0.052428100275843555,0.05108127553937367,0.0496134754288496,0.04856419421736124,0.04954779642653013,0.04921120602944594,0.05104148120895993,0.04763768958227239,0.05039309933378475
task_te000877,0.023499215592044643,0.050415034188896576,0.09116204105666312,0.056854468992570226,0.052806851736378994,0.07693630658746822,0.01933364227798002,0.028139847515937916,0.046067374986652636,0.09836660839625237,0.01234540105648968,0.07738509306601843,0.07395711189629912,0.04670617515047898,0.05512442709841645,0.03643300591083912,0.028167114255969447,0.047679465270165075,0.03194645947519398,0.046674355489284974
task_te000878,0.036302655304060946,0.01692154837614773,0.07181913399408568,0.0783080930803131,0.04816378236378237,0.024591787446712417,0.08954038477555147,0.03651276793514243,0.03478260754361288,0.044358848021620004,0.03882343991908007,0.09006872173126927,0.03375524603400119,0.04215943547895629,0.053304723477414245,0.042116999305892786,0.028634351980684068,0.09902592128420067,0.05158592608861798,0.03922362585885436
task_te000879,0.04795731691940779,0.05113300667192476,0.05569815934257543,0.03884572166247604,0.028643174778540142,0.04655318231583849,0.11016449274736047,0.024843077901522827,0.040951454127884895,0.07443250425693095,0.03292162218019149,0.08278430569651206,0.02747140285599424,0.03867282947084178,0.06802724123279044,0.05683054630830536,0.021463000560043858,0.05099939925361736,0.055148747897173334,0.0464588138200685
task_te000880,0.05022926182900604,0.04702103983700896,0.05278593635016378,0.049494190221074694,0.04718155667420048,0.0510994886376457,0.048605771121538376,0.04936794605883428,0.048503144091217136,0.05106101956849423,0.05275740656624931,0.04881408834222058,0.053643848701614386,0.052281380121008,0.04706429565740026,0.04842226808340291,0.05257533164589268,0.049573695313441,0.04893587146100419,0.05058245971858297
task_te000881,0.02652121443719274,0.039410342568508804,0.021676173943397718,0.06580147910424347,0.05784174054595644,0.05886850450733211,0.048897988968853064,0.014851980614018016,0.05347984801416845,0.10512492912343645,0.05792188352286942,0.02723755723964706,0.03775147585175514,0.11998351016944162,0.022430960071402994,0.04846970876157633,0.021776945904756293,0.08663957542510249,0.03707320433159938,0.048240976894742105
task_te000882,0.028505033822414882,0.05362703237267429,0.09158910288646469,0.014652325527364864,0.029088148484487566,0.04308987018287219,0.07799404043432417,0.06007309284421212,0.03203903674282995,0.0439728686472272,0.11957546363771622,0.01758780890463363,0.06258853980327735,0.05757071944665283,0.02273635860851591,0.025367103534881204,0.03831191148596919,0.0620873418524283,0.06411636727349605,0.05542783350755738
task_te000883,0.05099477186938401,0.05013127665721931,0.05162354787594198,0.048844801346759184,0.05232744813541419,0.050779029455679504,0.04847654789032794,0.049187997975766035,0.047854933202111136,0.04843622008182239,0.05026361384824901,0.0536250973551193,0.049577552175302374,0.05198271391678923,0.052375876237018865,0.04916041038981868,0.048920134443273616,0.04991854589759002,0.04612933951076908,0.04939014173564433
task_te000884,0.05118758229154602,0.04975901797804841,0.0518869071134366,0.05008588729184736,0.04764380272517485,0.05041854067292554,0.0525371129430189,0.04986223933118344,0.05003201355103889,0.05087429324434697,0.048736015726364296,0.04981358540685965,0.0497715073075744,0.04952154594972591,0.051243881269828075,0.04736350914167889,0.0498606168255607,0.04866609808799799,0.04910272464779383,0.05163311849404924
task_te000885,0.049184436654601656,0.04861534074800248,0.051976029739885576,0.04850075378901784,0.052520630341760424,0.04686528378087048,0.04859134243411186,0.051178480702335834,0.04830328083333811,0.05054081012060953,0.052608788060373536,0.05168563053954428,0.046234094523875655,0.047120529088447854,0.050469747841798335,0.05075245127044178,0.052357877921202035,0.05024726656777139,0.050207265659243695,0.05203995938276759
task_te000886,0.024511661388402092,0.04912290119946373,0.05476067982650236,0.02037016890810604,0.02453433761915719,0.07094454765491015,0.040608524854210924,0.020274086304419653,0.14598626192490452,0.14093176861665743,0.12893123002249948,0.04305108317697817,0.015812499830715414,0.025619943903505634,0.016604294531500925,0.022367201802587746,0.034074166074317604,0.07866102341208529,0.025674394466922174,0.017159224482153707
task_te000887,0.023035814687262228,0.06042892964464841,0.08815769911043983,0.07137270377232466,0.08418185172695829,0.04398475757664197,0.07996114216370802,0.0433060706292084,0.02614816586347652,0.0638439035690365,0.06476832968748052,0.02799396815504596,0.018974159486348743,0.06146172371427885,0.052918366552306376,0.054212653608521774,0.02919134536130829,0.053187331885389814,0.024839267233453165,0.02803181557216171
task_te000888,0.05431713065735464,0.05609446748093133,0.04230978265165474,0.05778711340208054,0.04287316386992714,0.06396313902441918,0.04229626289486442,0.039508940933385146,0.05186776244440301,0.04400541376289357,0.04122853353242602,0.06333392326996783,0.03390261203539485,0.03121513187678156,0.056210979679898784,0.04530847583993268,0.05167694000095877,0.06539516214164023,0.05595159792133271,0.06075346657975281
task_te000889,0.05903300093355299,0.03838367028660369,0.054135275502986885,0.12981681956773972,0.050226161500811085,0.08235193476062809,0.05566783648795333,0.028470160503955996,0.061752575081634044,0.04433526070350889,0.021671689176140655,0.01467044497893943,0.023674217826917122,0.0189191959571826,0.07070845455283367,0.058456207794235666,0.04733828718221139,0.039647197902114614,0.07222032814625365,0.02852128115379643
task_te000890,0.04929878904681927,0.03108043110568515,0.02735827044334139,0.08372456230197402,0.033630407944757384,0.03719739481366707,0.06884301502950366,0.03295707772407455,0.09139445284031143,0.040284421621934366,0.028284871108495886,0.11080457847368402,0.03604729975837553,0.04089385911818456,0.049377492283704055,0.051915935455061,0.06834771240970852,0.03718834620337827,0.03299258467697621,0.048378497640363706
task_te000891,0.0773887324900729,0.07913895062710077,0.07061140260734741,0.044752244783318094,0.054671262395193425,0.050126109325141756,0.04631771298091179,0.05428996947954025,0.05008664862755017,0.032516498642824146,0.04663268820769867,0.047429375143607296,0.031746118978793834,0.06522827867699116,0.041073965593312695,0.05288730009388793,0.019974644080063466,0.03079577644373308,0.04063662003960025,0.06369570078331084
task_te000892,0.029685318434850092,0.07542577687046689,0.054829910288257656,0.03781325366025138,0.08952330221931055,0.048263572174823924,0.05759188599457387,0.02586215682868206,0.03489953140071586,0.04744373490803586,0.040635773976335395,0.06001184551483201,0.05020719267529014,0.11367950320625854,0.036217630320059396,0.04192842565140691,0.024089968994352666,0.05377269130606941,0.03981729302433131,0.03830123255109606
task_te000893,0.03027619379244385,0.05421713259412417,0.02604356700661608,0.06428540582295637,0.028347913882286198,0.04405477486084866,0.05658862502993748,0.0543871521853736,0.04475085104538168,0.04045355936781573,0.09628718783564912,0.040072093163603564,0.06385184517102994,0.05262509623742698,0.03860897493703689,0.0799847101725724,0.050049458790822114,0.056678370506323475,0.04948962979631868,0.028947457801432923
task_te000894,0.04319589880752625,0.07513205120414741,0.050273896391666545,0.03801273527624061,0.038347574124962286,0.06922472595125313,0.0573973187585672,0.07272853472046689,0.022237586602742096,0.05496176419033531,0.04780467022856238,0.03573776967208852,0.023512774825786523,0.030420246868698014,0.07593244060359526,0.0681771375816984,0.032697589308352946,0.04351357947177227,0.0867882506784775,0.033903454733060535
task_te000895,0.046912770631410194,0.0645506650751676,0.043485242167955816,0.022750580624674725,0.04944856021387961,0.04303682851769724,0.04104670503337648,0.060753413340418755,0.08925894641261388,0.02432979245145307,0.03605698094915938,0.05906431251329522,0.03941926564226632,0.03316268191501831,0.08091709533952153,0.06389664065458184,0.07241744849962388,0.04297354385082822,0.03070354582491549,0.05581498034214241
task_te000896,0.06122062251320263,0.04812439075541635,0.03851294032916795,0.05001539457713611,0.059328267826602714,0.035613208126706423,0.04442246180234067,0.05097927433189422,0.028221729919314414,0.060698650584179836,0.037189744844173464,0.05444907730125772,0.06309652744933457,0.045370508256055694,0.06476441281084534,0.06478508071299323,0.0669122624054202,0.058686126083847906,0.03790794449933578,0.029701374870774712
task_te000897,0.0867464531229349,0.05453040915922921,0.02915818343728287,0.03782761386555964,0.04353873297080842,0.025502825459923783,0.042906375229713786,0.05783948094425589,0.050948612056401436,0.0300074235729609,0.08375578696874857,0.06237477927346236,0.04196407414864893,0.0400529630039051,0.055065531187073455,0.03294943531017514,0.030982595375630882,0.06008751797765922,0.0475237882785342,0.08623741865709131
task_te000898,0.02021591915677279,0.07570432402800502,0.01689127610842423,0.021475096610564872,0.044864464126518656,0.01942697422449338,0.0969275749168464,0.09175637857661945,0.03614988916169403,0.08596280916716448,0.06885146693665999,0.03510419312145113,0.054540182736342424,0.08171512001623933,0.07641255192570755,0.017219054300477175,0.05224098161911667,0.07251346703558925,0.01560791603447147,0.016420360196841677
task_te000899,0.02574813423012087,0.022013075343973044,0.03599336240474712,0.025991789610901823,0.05983461838905625,0.03386495912843025,0.018749856664496384,0.07071454401613574,0.05773918870938439,0.08721849765181865,0.02706122420101117,0.029551136982113282,0.042369640577795104,0.05541087798048653,0.13524014723882585,0.039311851313369166,0.046205418181159724,0.07201234215268758,0.04837461353290638,0.06659472169058055
task_te000900,0.025299491766941237,0.03967022822884631,0.05045535283117792,0.03996434946916552,0.08136482929845416,0.06335359013237615,0.0591025986624814,0.0891693231656425,0.05174764883258722,0.08256394946498956,0.03177385602751964,0.06107409817932109,0.02891000034250817,0.02967162796579679,0.043424446427351784,0.03801396689854266,0.04813065125334321,0.058685010823595715,0.030905828460320927,0.046719151769038
task_te000901,0.032522103496293156,0.1007909164089195,0.036141731663519236,0.038232111899637836,0.03608787365370702,0.027866622158578276,0.09221839691525593,0.033042235807569126,0.035972314787868956,0.022258525670803418,0.042331859745323434,0.031557525033034974,0.0679700576744377,0.07355479800045854,0.05142594344708594,0.03270145298924421,0.09976148095908326,0.04832831438133022,0.040645076577015014,0.056590658730834284
task_te000902,0.028092379109190595,0.04784989000409568,0.034548551778551616,0.021916251400366748,0.016164902291058828,0.06761388339748013,0.04569157521255211,0.019181017426567075,0.023362353548977755,0.07438478512023608,0.03116083361206736,0.02574612471288779,0.11115391383863141,0.0693998079725071,0.06790408042118662,0.08274133420062298,0.06592440064711975,0.07733243266531184,0.03386356808654599,0.0559679145540426
task_te000903,0.05585498429474692,0.038750723590855886,0.03567280175860479,0.04889745089402044,0.045133474799643206,0.040005484216127124,0.04097885023504614,0.05522768620800871,0.05202776524016467,0.04888708745731623,0.03784097216062341,0.06029349709803895,0.052198465556141736,0.03848731336522625,0.07902563470876098,0.06108262091833269,0.03934304979036027,0.07450449215713592,0.04984505369978938,0.04594259185105623
task_te000904,0.017143996411623362,0.04492612207513326,0.04364603650392856,0.05913704352304254,0.04459044549139972,0.06103574745127511,0.03492148287786591,0.04080239480141808,0.03061519922152645,0.053914374168221334,0.08790856117878032,0.052422707502747336,0.025600400589878804,0.08070151604282116,0.06959208121445246,0.06741940253610933,0.031017299596366264,0.02525792499123299,0.06609359348933014,0.0632536703328469
task_te000905,0.027456087054199833,0.048544239295497414,0.06822166083934564,0.0418633952146839,0.031403452971371836,0.04763581737245524,0.0646319929484946,0.06196161566030892,0.061518637816543736,0.06098292266300151,0.045229081939316206,0.03443285541110952,0.0589412374640683,0.05235331292313356,0.04193508316404844,0.05128713231970747,0.046135383243146484,0.06766356888009965,0.039273427311063105,0.048529095508404535
task_te000906,0.0485924729999587,0.05037662563402564,0.04895292164420025,0.04932438742641744,0.05006094642544144,0.05073523945205019,0.04928991358099509,0.0498744179475175,0.04861391682556573,0.05238375143006242,0.05322475397933036,0.05038217834207608,0.04779950339714553,0.050972167480317125,0.04894293485896119,0.048970047296551474,0.0501737690445439,0.052803484396909676,0.04842102992066717,0.0501055379172631
task_te000907,0.16031641104099162,0.016574034874759475,0.026191992464473245,0.009063036459573218,0.026392570475163607,0.024323750062758144,0.035230478251668376,0.11133929546406364,0.08254611784763496,0.009673481329141403,0.03500766337587724,0.01715673452952237,0.04378061788675535,0.06187473036430627,0.0874325982995161,0.04398338317410622,0.035044503787898904,0.05890450348507027,0.05972900968259164,0.055435087144127856
task_te000908,0.052019529632050726,0.046602244376452544,0.10707791322479582,0.018334687700641776,0.05450977283981044,0.04941234505067133,0.023526407303213953,0.08654834634024514,0.07609195064503696,0.0699767457638107,0.01887070559250164,0.06819311230324561,0.021787436831656296,0.038770858093272804,0.05063042432561946,0.04285622021890022,0.029910604083005297,0.07226210290439322,0.048737111287851506,0.023881481482824686
task_te000909,0.0694863139886678,0.03201929369648701,0.03829118241011092,0.038178297433928365,0.06539288944756673,0.05174194363732336,0.043718335261652724,0.08712092103091643,0.023555665559227987,0.02288015827507915,0.0687662022117269,0.02576266896833312,0.03500944673109759,0.04002749093684946,0.03960266959662143,0.03727688294921533,0.03854018656898042,0.05067338886428998,0.12282694428024489,0.06912911815168045
task_te000910,0.04966573933182883,0.05082964325843787,0.048113806714258446,0.050445879752627404,0.05127634620450204,0.0536010945884595,0.050222965296611494,0.05195823092917951,0.0518438972992307,0.047674169829158376,0.051536749649917286,0.05255373071267648,0.05369128988468301,0.047873487017213764,0.04606585765180765,0.048991615202197976,0.04721163274055871,0.048264607228375854,0.050734099100930116,0.04744515760734502
task_te000911,0.05050096336223158,0.05217479900404619,0.05027974014163787,0.048268084993446,0.05235703337899503,0.05247528542576011,0.04884276288560176,0.051748475951292505,0.051551982935077914,0.04925411763905991,0.04721617944592722,0.04984470838382579,0.05124044367392748,0.04948850101161277,0.04965999370623694,0.04833280437028771,0.04802456280066705,0.05073032467635846,0.047050717279531695,0.05095851893447595
task_te000912,0.03986656044651372,0.0585773387575564,0.04387008897887666,0.04653361373251542,0.09123527141691676,0.08350169991077246,0.060493918645225714,0.05584727407712765,0.038785753811612256,0.023789437211144886,0.057426596589506614,0.04648424903122136,0.05851590526245885,0.04074021153918424,0.021007330413925402,0.049792190370753844,0.03155798790174029,0.05338133702091191,0.07064387346410311,0.027949361417932268
task_te000913,0.03506841299202633,0.04019087090890288,0.06051856545213197,0.05600268187954899,0.05542982699563503,0.05871453376923269,0.03704289063291714,0.05610851722925509,0.08076341154085875,0.02461223000543892,0.051724390728572406,0.09500400471381557,0.039867506951796396,0.06222496514713892,0.026113739676362276,0.030560819653660767,0.043991687972670404,0.06892016502984394,0.040413604115518496,0.03672717460467313
task_te000914,0.07914922979312945,0.026580583744057272,0.028047857398223467,0.0651660964581782,0.051559896294490454,0.04313158458435118,0.06460227284947993,0.012802189641026881,0.061052062245208503,0.09625757232042856,0.05191053162503792,0.021001654947890865,0.049299924924817766,0.03405886710363299,0.07508182210399518,0.014073638519086322,0.07811298484276707,0.07631217273614911,0.060074522102026504,0.011724535766022495
task_te000915,0.02542583045570897,0.049688329383377965,0.07439312784307091,0.04621024098264639,0.037565238715739704,0.04251598061470109,0.0399666221356018,0.06024803405470331,0.06209299241924516,0.031129581622516698,0.04240418015510336,0.0961478250033623,0.03841541620266035,0.06712833773115877,0.03634686867558723,0.04666877391551432,0.0738976782307516,0.052769455180150894,0.04659596969958114,0.030389516978817994
task_te000916,0.05176233826237734,0.04801217142609058,0.04793323329673024,0.048732850670389134,0.04612906157084564,0.0494353778103852,0.05332336620020769,0.05138163397281687,0.05304252834078922,0.05126372987796261,0.050269177081639645,0.052766464566743713,0.04748079991943692,0.05035335117177883,0.05120178863341622,0.049766029481364944,0.046975327980285905,0.050585823812817586,0.05046194124591135,0.04912300467801011
task_te000917,0.06889010795039778,0.032675389003429964,0.04159542490479007,0.0329795206022081,0.06029094572904346,0.07242223286596182,0.029663728223466808,0.027374486845001086,0.04284350691073581,0.0373006234443564,0.047092947695617594,0.07712720693918149,0.023765598117125024,0.0725673728492635,0.07181302251485554,0.07348956748168374,0.03175370610881063,0.044375100669555204,0.049084620776568395,0.06289489036794772
task_te000918,0.04950368706512255,0.043244515130407134,0.05334500851084408,0.015618449511238358,0.05784195917186424,0.038494980762550014,0.05368160274940684,0.039903155307420175,0.06234710494498603,0.049742841127277046,0.033238562242925346,0.0769348333573599,0.032742284409122246,0.07652784669648637,0.036857571361824645,0.08977593370735298,0.018512197300950124,0.1345688365242001,0.015677269901540083,0.021441360217121813
task_te000919,0.01942183779903269,0.08686928988457031,0.08210058983568772,0.0291897632375277,0.019481124820174802,0.06673431083316954,0.04625493919242316,0.05359925324059654,0.06641009651303108,0.016928882300276168,0.05594507736842651,0.048604157881248174,0.02480571446691439,0.025656238803504358,0.05362726326477383,0.09634999061024323,0.07474432126681256,0.01821141377479644,0.07458979208944316,0.040475942817347746
task_te000920,0.06781100145443032,0.03064357846071681,0.07499653213554591,0.06640212873059605,0.03968379091906755,0.0351038391656727,0.02561262374962337,0.03077160564053251,0.03004872538945529,0.06604774946354101,0.03919153706722545,0.054257345845271844,0.07186235289874389,0.07711122255354969,0.04075511636441312,0.052445092430627144,0.05664408099229073,0.030770684431788518,0.07843936391441618,0.03140162839249197
task_te000921,0.05152112074488942,0.07064552312175816,0.07976518457642133,0.06136569522697221,0.04341694264856982,0.10035049924318558,0.0611120035429415,0.033744613417570686,0.058997852327359365,0.022944695753875654,0.03360987531649356,0.03594804241410772,0.02122022962726619,0.027433335048449258,0.10506725602793221,0.022602234989303888,0.03497726957362523,0.027927184452427808,0.07949954427346474,0.027850897673385597
task_te000922,0.03925876427086487,0.041483336605453516,0.11667622653445772,0.02947391161601437,0.07435301268951611,0.028934215255239898,0.025587019304827464,0.09367991820942952,0.07057839918332805,0.04407727954232837,0.029974597654036844,0.06162412973905105,0.03497846896910499,0.03879948140621086,0.0372964259994279,0.044249593558652635,0.02785937293744797,0.04096491919992213,0.058881909592334906,0.06126901773235073
task_te000923,0.08486964095538492,0.022878158678438745,0.061306429501596996,0.04735984742550976,0.028964752530989932,0.029872540883925186,0.03626387162893281,0.053907796113837406,0.06349489216600133,0.02872134986344132,0.033050254982598906,0.01809571107690283,0.024553323712458282,0.04649508439167501,0.1442932375138565,0.04044786715390981,0.07337947940597134,0.06892184478219147,0.06311296927717774,0.030010947955199825
task_te000924,0.067607539614198,0.07519087920715083,0.03341850798586625,0.049852797045989085,0.05340844430200621,0.05268706868117712,0.04189418383536303,0.045887077879240054,0.04815238412327999,0.05836509827439884,0.05378744345723548,0.05054648907283326,0.06035070553013544,0.050526606062506446,0.04039758256856327,0.0384270108691101,0.04236923584661828,0.05271136375806562,0.046621773192874326,0.03779780869338841
task_te000925,0.04957659277101944,0.05125432798175895,0.04809352885301382,0.05128858961334758,0.04896040195805231,0.05034217422447678,0.04682108503544238,0.05188265171915826,0.048320381046763616,0.04794427462499574,0.051234945005462926,0.05182345156933745,0.04656604800950239,0.04982952914891856,0.054438336394337386,0.051709370434858036,0.04665713894051276,0.04950575451618286,0.05274451607525414,0.051006902077604645
task_te000926,0.048459937284291585,0.020931205720523365,0.030427796945730553,0.02556325000953169,0.03487698967382101,0.02575520455417493,0.061769126999283094,0.13512559380512593,0.069198005633879,0.0276079538628144,0.04718790141197116,0.035031954907183686,0.03466987118842764,0.046108030060845934,0.03839987686337638,0.09668057378264476,0.060920661285901755,0.03963492993556623,0.02900109347155187,0.09265004260335508
task_te000927,0.030281331624298614,0.05788710238828078,0.0772806107027803,0.07065708899418467,0.06373998061511567,0.09375440834573094,0.05442008512207079,0.046780737854717154,0.032923401518763135,0.03273813841836797,0.03815945209741718,0.10307372073133746,0.05606937529791638,0.029579445014930726,0.04968620939485345,0.03601739930165172,0.024207373651506752,0.02478825349180564,0.021353868829360228,0.05660201660491048
task_te000928,0.08729882839427254,0.04580906879559342,0.03879845179507314,0.07065736798855869,0.0862075641689109,0.04833862092666407,0.051452796389698435,0.024034722718398807,0.0438685843775776,0.05117930282784016,0.06498809116866487,0.03823610994600042,0.02939470007944045,0.04444515447511242,0.03501728076383181,0.06449355487280821,0.04693906539171792,0.05435839005210019,0.03655440636922844,0.03792793849850747
task_te000929,0.04859576860145841,0.05295645897725957,0.05022821888508397,0.049732780565277655,0.04917621801675501,0.05261682476872985,0.049604028690502504,0.0477087209315193,0.05113189325899836,0.048946219711919856,0.05027237482105007,0.04712948418062655,0.05042101190878731,0.05095910348697229,0.051292195704261585,0.0512638552976245,0.05186257558113541,0.049130508314922376,0.04791542127173137,0.04905633702538416
task_te000930,0.027034810702209717,0.051583354463433526,0.07809971741661467,0.07388976217956704,0.04568759933073786,0.04629213771064676,0.03158916504464406,0.02546523084245452,0.03311947700935997,0.03373372057887085,0.09680649185014381,0.04492774603531225,0.020890153163606647,0.06821236418226027,0.08546804287582446,0.05615191713440799,0.032231410211856326,0.052094298462443955,0.0711604637102525,0.025562137095352735
task_te000931,0.04400381843413764,0.05347917057579092,0.05035952372453705,0.028376518259020125,0.05819139849152503,0.061317510544073105,0.061131974843493204,0.06433737539511063,0.054527496388440976,0.03763379937292407,0.03799887470435943,0.057235360022711346,0.04082547643409347,0.04452830102567934,0.06016604517267227,0.04501929180124679,0.03439293688003855,0.06435586609722768,0.059487538803596834,0.04263172302932172
task_te000932,0.050726641000734485,0.042597837934112474,0.053954969206735634,0.05478847423705138,0.04345138635370357,0.04272310211406234,0.04652375025557813,0.0355775179665946,0.09635458588669031,0.06795268146117123,0.04893956571196245,0.035929576340417935,0.05850627533597815,0.030692781257970276,0.044536632920217874,0.047261587875665464,0.0598353575505855,0.053076908687614506,0.044216437970672075,0.04235392993248162
task_te000933,0.04312589383252885,0.04843071224779695,0.02629221304150243,0.026405197665929452,0.024685200950473465,0.07035074117741096,0.014818539772127525,0.12133258120960491,0.031068924438071223,0.08090765592466803,0.024442533460713702,0.08897819771738287,0.06363574541358281,0.08527773240410785,0.02890872215534157,0.03357165431197669,0.09851650579120746,0.016423977514619915,0.015543226352062794,0.057284044618890584
task_te000934,0.0512794453357629,0.05252240463982764,0.049075150192121116,0.04766315903937793,0.05232728938071154,0.04791054650842697,0.04810052541444254,0.05046445550402116,0.04968775970837901,0.04925535629292263,0.0489725105671297,0.05032494473992952,0.052129650649766136,0.04804885343346172,0.04964773605617702,0.053867451207652024,0.046455045449842705,0.051470400210436966,0.050856068028079716,0.049941247641531135
task_te000935,0.06036190357079204,0.01619708664259192,0.08455701744678473,0.02287785987071013,0.04400259413387164,0.02119225011008941,0.026796551646621144,0.021829401233025014,0.07010160694242769,0.02430767502330407,0.03248444683019122,0.03257751044143589,0.033956703481095786,0.18955277833681325,0.03282873290135019,0.025760752733748064,0.03790834516927889,0.07544074818432173,0.03301382903436006,0.11425220626718696
task_te000936,0.08699553692129612,0.0453814749529277,0.03214365004629059,0.07667447993613623,0.05084071439189297,0.05015979567405972,0.03647801729483593,0.04497676310486057,0.06568429190388876,0.040185455825725185,0.05507722771638267,0.051285208376077134,0.034350691770859504,0.03617339634496482,0.04923297404802631,0.04300658162992455,0.056234333999735264,0.04562301664285735,0.03733458926320044,0.06216180015605821
task_te000937,0.024451954782841172,0.03060613852826749,0.04683605986720169,0.05416824066148748,0.03144096757024001,0.09118625825898957,0.027052681812081095,0.05045185206029132,0.1589633830537412,0.014976501273098172,0.04596537796255542,0.019560914199912932,0.037964526020818706,0.03208509422086846,0.0562108968100794,0.05890828991274126,0.050210640559657314,0.09391753112361204,0.036400180230980364,0.038642511090534966
task_te000938,0.05397094764101654,0.06651494689676572,0.06031860976336124,0.059810316969311356,0.05482626118777076,0.0734593345647743,0.05499878829341602,0.03191326651540038,0.05809130555565302,0.022086163117144817,0.01982172703696184,0.05158685123888869,0.03820970350414301,0.139216349944524,0.023082780206962084,0.05384713416047576,0.04573830732010181,0.020880130791242683,0.052575638151828995,0.019051437140256873
task_te000939,0.04194711384656327,0.032514775110299605,0.0386409005296582,0.042446880480601454,0.09440627554436412,0.05068011827103817,0.04751986450786644,0.0481256050935326,0.048731685033227445,0.03383491015548509,0.03975441805198589,0.029420124446775345,0.026267722251930154,0.06342679482080023,0.061732302594725987,0.07517290468821357,0.034823480241086106,0.05213167443262618,0.045223474328433856,0.09319897557078641
task_te000940,0.042359834956875765,0.06367203601939454,0.04901780234112015,0.060994898781890766,0.03720972710157364,0.04362572871645553,0.03164769105009126,0.057577911817101854,0.046189551989527115,0.06903271032768427,0.04554761557972579,0.0652400858331841,0.06944812494472427,0.07723111154436237,0.03376958983421877,0.03626215433333457,0.041977513727887106,0.054247410377935165,0.04117824603682906,0.033770254686083745
task_te000941,0.057776994396946134,0.10723120356480625,0.06405840802032145,0.0499367688834882,0.020253284800604336,0.02016704461431837,0.07199868751579296,0.026542736891290133,0.0531025605935407,0.02055550929251426,0.09513691303983568,0.03205037889789067,0.060613999874573374,0.033898882481782154,0.06418227043635286,0.03223387930696685,0.04432026876533894,0.03912342653465483,0.07616442162436461,0.030652360464617254
task_te000942,0.05397717646402859,0.0698108224320486,0.03421666978051997,0.040176711228786785,0.07763297611062515,0.026411574011720944,0.04235585759738647,0.03540786879342165,0.038698328411577464,0.03617760668977331,0.04333363367044138,0.02937569126899493,0.14114845227641237,0.06620295413601134,0.032296171562670756,0.03616473949401648,0.03331220827491388,0.03571435838437762,0.050482285041798684,0.07710391437047362
task_te000943,0.04988733782538817,0.051461266497724416,0.03915656739715862,0.04842049505581047,0.044471052078500876,0.026892761002536267,0.051597188660408175,0.034825440147377346,0.029604034674120185,0.06831223211652487,0.015391593520158274,0.08083823321069909,0.033267180270146225,0.03153483290361082,0.06660876216924616,0.040944839199743926,0.032910148314147625,0.15322464572835112,0.03233545376557214,0.06831593546277515
task_te000944,0.04883167382728175,0.04734160636987789,0.052544368445118596,0.04997861748238392,0.05229698328860547,0.0481143840676189,0.051140868504318565,0.05067189451776193,0.04630101604291174,0.0487177789664441,0.05142603303858999,0.050403904119858026,0.050408349219773226,0.052611265664498884,0.0479271214553669,0.05025992408226179,0.05050883018442705,0.04978802128311034,0.052161852312878336,0.04856550712691248
task_te000945,0.059744317080700306,0.0390571644499395,0.024506794577271666,0.036315005608632524,0.05844873730117009,0.0752355352035131,0.05865652914753881,0.052346927606286536,0.03735343768515386,0.05442225833400372,0.0523880444641588,0.07089568983694015,0.03216502515728544,0.09055949128446752,0.06716723289731259,0.021184111961337602,0.049400387619150034,0.026226357367122914,0.02264243017110141,0.0712845222469134
task_te000946,0.032334794160724156,0.030887243534341465,0.07573261428838642,0.04217295847614579,0.08827470556399397,0.06875676071281937,0.036312233601641514,0.01170745052858299,0.013399082120938943,0.05965425139487009,0.01628070383907778,0.04909149177581854,0.0897161592480937,0.04085911317863232,0.06634049572555659,0.11882223897682925,0.016490194471508395,0.029133675628845123,0.07518291365877938,0.038850919114414184
task_te000947,0.021997950689085284,0.0392548382308699,0.037726716381023435,0.05162793726728255,0.07207369100136093,0.043785117605383304,0.11151547657341904,0.1154188340748083,0.08853571194254163,0.03321503580699753,0.0303233464463459,0.05218931513416495,0.047965999852387774,0.03749307129447767,0.04337336311501384,0.0580129709358259,0.02051196877965565,0.04445763126953531,0.023661576481061354,0.02685944711875983
task_te000948,0.050274320607633614,0.0359734919724406,0.04339154928684917,0.04738462072518427,0.05928839248261944,0.04728117200818732,0.03292971395934634,0.08256238416593471,0.06280853480323952,0.0571101966361122,0.07394561600645709,0.05407858543675625,0.03649852810215011,0.03974036195714799,0.04831896038114096,0.039428208248293704,0.08284536478932998,0.046842353722743015,0.027882338985613403,0.03141530572282024
task_te000949,0.053383145027534315,0.056833479154075696,0.0554217261745634,0.06990065160306864,0.06400745560324977,0.03463373724622541,0.046153648826192155,0.031143591809715557,0.0694096894158534,0.06417539794746681,0.056173875591580956,0.05218910321506614,0.04106721273558866,0.05244530687270044,0.039865207818116505,0.07862275069539865,0.024354263768056272,0.031143922621489715,0.03377717944238701,0.045298654431670464
task_te000950,0.030112974267162078,0.03996286700951892,0.03846464962037176,0.046868043728510736,0.05670173841235617,0.043449122050786715,0.04153667986023483,0.030729247842269897,0.03551978727072028,0.06569794156427211,0.0683625065009354,0.04019441543740461,0.07606258931342731,0.042496780718814874,0.06330213227333505,0.05009943387961789,0.07321782801989878,0.05931875301330527,0.04506196706465058,0.052840542152406675
task_te000951,0.05274308907048669,0.0781301783180864,0.043422156545633764,0.03206008054679089,0.025772138162081897,0.08420080619758455,0.03537191375334096,0.04484129679378998,0.03536457067788462,0.04746151149984875,0.056649125397182386,0.03948297247032989,0.043680439992491764,0.02122004493485693,0.03928713015159693,0.053093985536869046,0.09247852555573795,0.02356135251134087,0.07934097872390163,0.07183770316016422
task_te000952,0.039029001233905965,0.04570154962130739,0.06409933298748352,0.05195166846335301,0.06813428971540393,0.06899790312938978,0.02592131906984672,0.04061195950758888,0.04488454748186248,0.055117370461448184,0.04225500778208902,0.07469802472618678,0.037647871428441566,0.03623936099868885,0.03394945211362014,0.07056338849090259,0.0282555631951251,0.06265948956910006,0.0496424293114823,0.059640470712773765
task_te000953,0.03329718285729542,0.04948393996729007,0.03618371475805104,0.07972525445557362,0.05986331873463802,0.051198547176927595,0.0417340802163836,0.05152472521613699,0.03296412295880763,0.05915462189999065,0.05037732408642781,0.053747843572502965,0.047060873692047034,0.04525758452375388,0.03742823559343995,0.04910872621888966,0.04357562552408875,0.045848781554898965,0.05214435828744002,0.08032113870541635
task_te000954,0.050873397013406055,0.05504020874172387,0.0519198996654005,0.046923705284514054,0.04798796717194668,0.04934838367205237,0.048807581566486055,0.05062804415789603,0.05119189795529128,0.04759273271861242,0.05030188322984888,0.04769905219476889,0.04766574198150891,0.04895860386684773,0.04930987039626598,0.04901066097679895,0.054079252929549994,0.05002089018110868,0.05071970138774216,0.05192052490823049
task_te000955,0.05904972907342891,0.047901418257896074,0.05455131121947152,0.030259114356896866,0.05218890037789307,0.07218367349055643,0.03675612004349275,0.041776523896678144,0.07143881754995501,0.06731666078866835,0.04143754986477661,0.031192103217424924,0.03275749796111001,0.05537540109260049,0.07556126572818817,0.05304523162390768,0.04520492489206524,0.03072971853615778,0.054034018725478056,0.04724001930335381
task_te000956,0.04901334754067489,0.051543312110335596,0.04946639133458175,0.047984326686855566,0.04992952629973538,0.04968609655752501,0.049201713971213305,0.05090312557509553,0.05001479355311386,0.0469024609815913,0.049150677872365614,0.054095553633586084,0.04847663381047041,0.05387024197366633,0.05121971434223909,0.04646176814099865,0.05167501859502952,0.04974422085246972,0.04816014142025204,0.05250093474820016
task_te000957,0.06474445953708771,0.043004847564660144,0.04586389104061189,0.04528211802765062,0.07046029317011855,0.021373844083027102,0.04402186545677987,0.04072525667994074,0.042730048777224285,0.04607104978386394,0.12201800078777751,0.04509519727121281,0.06180768048212628,0.029452263041487646,0.05120378083307487,0.05960324343553772,0.034310428707312636,0.03098626444715368,0.05197081188970104,0.04927465498365094
task_te000958,0.05919528705516248,0.03801170592285354,0.05499593836797066,0.041404119136634006,0.041928408257817275,0.054154314497755894,0.038761816990172365,0.06621018204020292,0.0552786527110833,0.055555514494293565,0.06665883559735192,0.055325388044162975,0.03499975261179378,0.03498035600553828,0.04824820550973514,0.06196121285821652,0.03640281919330965,0.04351089356260769,0.05888857782550511,0.053528019317832694
task_te000959,0.024866772039927584,0.032903826418949254,0.026908000303261938,0.02176684299735134,0.012943480706668169,0.04050932671389793,0.04101430727998402,0.04205179800339561,0.01347579106996396,0.048879935536339285,0.09836948640828547,0.035288061609716384,0.1938400218950301,0.10950675019974093,0.07379053480899171,0.031501219579105295,0.02792215787736015,0.04598397297859586,0.04174329355429739,0.03673442001913762
task_te000960,0.04987010886357604,0.050184694743346886,0.04810217326909759,0.04785294400651992,0.05124185165142016,0.051943489169182636,0.0505750505507594,0.05042035971204432,0.04924517788545529,0.05153148804277979,0.05026663191180822,0.051317466734539505,0.05043967477745756,0.04860129505855651,0.04963025717384373,0.0515048815393173,0.047997675435138,0.048880787077066265,0.049584970240632874,0.05080902215745808
task_te000961,0.05154466738776504,0.05100006958420508,0.04835035870380278,0.04900505314538445,0.05089630095820655,0.045555336964464135,0.04915497516434985,0.050774629944037634,0.04910854865737058,0.049855379456966206,0.05225185011603832,0.052897926323481045,0.05026539514452706,0.05024296135100477,0.04975581419764947,0.04967678425925876,0.05090176892156972,0.050779105657025064,0.04970404739188159,0.04827902667101188
task_te000962,0.045342453145736,0.11037530369040896,0.05113994571469544,0.05205074717173856,0.039731221924720055,0.03795186154009017,0.04934978837811299,0.049720135683651565,0.04609117248894524,0.047695382080072415,0.08531336711571265,0.06356529827955507,0.034236405008289346,0.04150521723737378,0.042735066989139626,0.025170430447525614,0.04345334538829675,0.028009558905665106,0.042567651690820704,0.06399564711945009
task_te000963,0.06250388351018588,0.04467717445419998,0.041818464019380434,0.048893838012010714,0.06992396168103454,0.048964154732582484,0.055343998701577544,0.05117796166660677,0.03769801502883297,0.02650232471892851,0.047528701751105046,0.04787544529026396,0.043346521059236275,0.028217006867661536,0.0428530399616784,0.06362226007787712,0.05160493565224933,0.06565375766527831,0.035906926014171725,0.08588762913513862
task_te000964,0.0521557514733962,0.061422446928059246,0.0661220376303305,0.06442182541922936,0.038163961060428755,0.031025399220465377,0.039844678676373604,0.05519149378466193,0.08885140182005055,0.04834052602566002,0.04971812739303762,0.03161344904454272,0.030682220573519096,0.040771984718536596,0.04013739009457146,0.04011076677505123,0.04339484323999787,0.0550639727762146,0.05830250140203954,0.06466522194383388
task_te000965,0.09566922496906798,0.07333170108551966,0.019088799719948778,0.023515737095079228,0.027399326902283888,0.08687136947377892,0.05046179028618501,0.04068103937845227,0.04375300466661587,0.05867802676324218,0.04796042465781118,0.03450281121341506,0.01872734997131692,0.016420641289149683,0.16102246827391217,0.029657970389294307,0.03733026055341658,0.02619836695562808,0.025245554528785276,0.08348413182709706
task_te000966,0.0483108322927543,0.03376151161053072,0.04748066428035772,0.031931856876837,0.05264337574243214,0.061064352893752664,0.02898924975733107,0.044342164592780814,0.038365427260401944,0.03824606393301866,0.04733656069407843,0.0750321804459489,0.048961451079337436,0.04623227732426731,0.06500919840552605,0.06740638782213615,0.04178486352425085,0.054936193822202495,0.06646821290266597,0.06169717473938927
task_te000967,0.056191398265838154,0.036779444184061795,0.045341901037162416,0.02287786132870843,0.08076043174055057,0.031615871698028986,0.015463009455988023,0.05974622653714711,0.10350564455450356,0.059797538227082676,0.009066222276725199,0.044020356174382776,0.15273402198780903,0.012967003025931262,0.08807233070351574,0.04554377861157821,0.012225616179574645,0.024588745668233932,0.038532953963029325,0.06016964438014816
task_te000968,0.04155412927869455,0.06469428328513326,0.02805515515783092,0.05390584808142435,0.046419694478178626,0.09103527088346647,0.034463898917924875,0.031533652586540555,0.08696641782664881,0.04341153354452754,0.053988602775342336,0.041224677313999286,0.01976521275227003,0.07781487406805475,0.02305469419269384,0.05054849976035884,0.0707117955523435,0.02287162133207821,0.04225587630375266,0.07572426190873659
task_te000969,0.03968884719543323,0.043713904049972704,0.060827633348287856,0.062026598102055075,0.04875744712068444,0.05616750326660092,0.060398261207231047,0.05247734413890905,0.04153244633887872,0.026704578179845125,0.07486836007791164,0.04842752004725421,0.047905066338702625,0.03827241571267056,0.06569208383069705,0.04306353166867169,0.02465149961184395,0.062497357580068004,0.07316500742943842,0.02916259475484368
task_te000970,0.03506400212498041,0.07528865318771202,0.052724760974098325,0.04168770772943214,0.04632711363343638,0.03993436393097474,0.06265836604216365,0.05554724520608265,0.06956467215279183,0.06732562169752249,0.03759054668771282,0.054422117622215105,0.04256066252133927,0.025880557879174135,0.049189948603463554,0.02320388543676172,0.07912832890795449,0.035010558383295316,0.05293638125893136,0.05395450601995741
task_te000971,0.033377235325515085,0.05284995640687354,0.06593381571198899,0.06874625311488494,0.04168244369853712,0.06077445185416732,0.035098950178569815,0.03152999851193244,0.06451756117197399,0.06920264563826062,0.0600531859143696,0.020133065183258924,0.058930707989563916,0.07500939438336435,0.028609896852194304,0.030099759882322875,0.04811140284648454,0.04605562327260646,0.036766991333932394,0.07251666072919888
task_te000972,0.04179574290602488,0.022920193849617434,0.015696646148575973,0.03658625746922266,0.04635615607784967,0.04266438037817297,0.05189497649502272,0.1285768566077343,0.059086710847991324,0.04739527684210126,0.0161873339047353,0.05325310067236757,0.06836710384240738,0.09807098936479043,0.060200908400108354,0.021414638381378557,0.028268117610939614,0.05125082313977948,0.06519836491553355,0.04481542214564668
task_te000973,0.0419367600442081,0.05571171299636297,0.04595570417285069,0.07951049640814957,0.028710754347220854,0.09905357222787153,0.04594993353498686,0.05794503168208629,0.054665616062221575,0.02736335237028241,0.03656545999543463,0.026336726168464115,0.030402568775640394,0.041484765306292776,0.07587125834160634,0.03635582767301353,0.04257450369576391,0.02787208880967992,0.04239516217902564,0.10333870520883791
task_te000974,0.05237100822518838,0.10488275542782613,0.021291609526759115,0.05022895222943818,0.021081407532106987,0.02673989187426787,0.0658040822571737,0.06910941680563186,0.0642445598087675,0.04857490065280821,0.023144081502013487,0.02156625667263498,0.02736122579760652,0.07512481885853965,0.0957125986328767,0.020790935539727984,0.052788842861039145,0.055984455106370956,0.08156789731073559,0.02163030337848702
task_te000975,0.05021021848709184,0.04825718196919394,0.05136633242237394,0.05251048848089914,0.05011052914904342,0.050396577474492464,0.052252549849400046,0.04977936782112609,0.048647307175645506,0.05084442188658511,0.04654613733168058,0.04743179786005058,0.05279648386581291,0.04674346769435762,0.053834485311783156,0.050576892868198,0.04847170927933676,0.04836209425297492,0.05047911795331599,0.0503828388666381
task_te000976,0.07883615046597717,0.04982930418536101,0.049543792318905745,0.05934667753225523,0.016011848598966576,0.03905314720825562,0.034237161205997874,0.054244219076902064,0.04691136013184804,0.08720286042080012,0.03146096951187461,0.04229884059337517,0.05691925936784159,0.038915146081914355,0.02159662115100871,0.04322086282193244,0.07516418042579995,0.036477491711763156,0.05893018032180036,0.07979992686742025
task_te000977,0.0297230812305171,0.04859278156374825,0.06069842964450444,0.04720769705848447,0.07044673982979825,0.07958139679074182,0.03933945452493145,0.05187507416414511,0.060586224743528296,0.05017200928831609,0.07451502813386095,0.05306038527456731,0.03678712760118713,0.04317864433071008,0.04242024155918414,0.03861543714694818,0.03488270037227154,0.03076500311678413,0.04281654466863233,0.06473599895713897
task_te000978,0.025565817117808056,0.07713633077937394,0.028382292150613865,0.045385550622595465,0.028420932606756592,0.05233977665058785,0.03722881780555057,0.06264938911631363,0.031834885012456474,0.05132946114538813,0.07007689825859878,0.058645518125923404,0.026259412125375917,0.05162269339199979,0.05460618834352902,0.10140708997284242,0.09076748564291606,0.03317118995036119,0.04605304540056265,0.02711722578044617
task_te000979,0.11284546624843064,0.10779493676535333,0.061926416733114005,0.032913991590502546,0.08132355393756532,0.023143650558467333,0.03970105337349531,0.03365062134304819,0.07644793174496266,0.050051664470663726,0.026559380648021283,0.033564862525490305,0.01861072440921115,0.03235470728546201,0.06637342009903467,0.02502874365021663,0.02724080639366997,0.024759053041607963,0.042487399133707505,0.08322161604797541
task_te000980,0.05065536072607817,0.05036011424406885,0.05001469200838315,0.04947480594575617,0.04648173645716312,0.050895109010873255,0.049998604447344046,0.05083390889602729,0.04979860216613908,0.04887060559114194,0.05022876653278844,0.0514710552336641,0.04816898687339002,0.054059450731706794,0.046285075826582575,0.051589196800748104,0.05335926590093075,0.050487005562888494,0.04933145954163503,0.0476361975026908
task_te000981,0.014982074791867053,0.10380393070599345,0.05258713397303295,0.039119989613299905,0.043314227886082295,0.025685474840506956,0.07158003994118683,0.02777066795816293,0.05528589487216554,0.056983908136212486,0.11489399061461053,0.023492466446107422,0.08072427199181666,0.015333366377200829,0.01817541265377873,0.07296815189824736,0.05319659787032055,0.04437168666926557,0.05083580649976375,0.0348949062603783
task_te000982,0.049424152090621384,0.029471770783887085,0.07255478625405239,0.07549834915231331,0.026830422853434004,0.08011816073630108,0.030382966811457225,0.04634149536214181,0.047106563313545756,0.032445096339251966,0.10108477569329487,0.03388095068754899,0.03947336550748705,0.024667819421239648,0.04031549254803222,0.056821233756376134,0.062234793149684366,0.06112981875757922,0.045538612339944794,0.044679374441806606
task_te000983,0.04785142222970502,0.05656317583982981,0.014679988078130552,0.03160368160587932,0.06460802351692316,0.06688548456978849,0.04897229610503474,0.05289439923436573,0.061027954028067974,0.0732362745322238,0.04524106247845067,0.04297761208041293,0.02183730876883022,0.044016543247764946,0.051159320334474435,0.03971952130490175,0.06201308450151203,0.05811124595700161,0.06534678080959871,0.05125482077710398
task_te000984,0.06137918190676663,0.09981728218838236,0.07092115136224768,0.062481699364895255,0.03006635303717777,0.018459275662461527,0.049994671810588746,0.06549541854943888,0.09888852101064805,0.02603055770475921,0.027251900437313334,0.04721338044901429,0.053934469471154385,0.04182791636353131,0.022234090445692342,0.04286015080829237,0.01910404185703839,0.07042584653876778,0.057299604392114685,0.034314486639715126
task_te000985,0.06475404980766308,0.04102346395319018,0.09412945412578162,0.034979627482542144,0.026017825361966194,0.03277396400992328,0.05973947788301943,0.04021806703276273,0.047848233044352644,0.021913875792668135,0.05658263493223099,0.05320983607502339,0.03396993128003235,0.032778121277943245,0.07703948151903589,0.05046779349464386,0.0467938658131795,0.059953977074273114,0.06607892696923766,0.05972739307053062
task_te000986,0.047268120627446,0.0601166703371123,0.0781796022557233,0.06684612263701684,0.04012069885421684,0.05259351762771634,0.03628472205514065,0.047741172636705104,0.034996904239675934,0.0508913782297742,0.05876925489496424,0.04424496744280124,0.08151478154545959,0.03872110285549357,0.04425652527440682,0.06847988018536212,0.03468005116810425,0.022480379279559863,0.03919066394530941,0.05262348390801145
task_te000987,0.03521878484203909,0.07756422857325015,0.05997033487733056,0.0386765562114491,0.035098608023382764,0.09683295113909739,0.04785707747454045,0.06152533584105907,0.04259196909025714,0.04307453883430001,0.03640428721850312,0.03652378294265259,0.06716580288807321,0.07130581444597776,0.023905988503718837,0.07062452922738857,0.05484299541710502,0.027999114269324457,0.035638494443127486,0.037178805737423215
task_te000988,0.025207833615860435,0.017852360147990243,0.1002409175078744,0.029220679438107796,0.023547196303458626,0.04137259141359501,0.022104627362543008,0.0770921259217028,0.016550862558690555,0.0358901088966987,0.05770442765566925,0.03871789480423363,0.025657883727687715,0.047084869244663666,0.04740305595678857,0.09856105929831618,0.056334005351562154,0.019546792007815682,0.20723497348639563,0.012675735300345914
task_te000989,0.05024572856728191,0.0469793470664994,0.04983688515044403,0.04986120713135942,0.05028451234268206,0.051395723949758346,0.04698147976295689,0.051504738353345916,0.048548532039908,0.04709992046556374,0.05288538300425747,0.049073244790310694,0.05185759212429526,0.05351771140306505,0.05148245477594512,0.050710295652887295,0.04751105933177933,0.04961181335204341,0.05136119071618929,0.04925118001942738
task_te000990,0.04926162160390593,0.03326755228676394,0.032404336263359465,0.042143313046934965,0.06584173412194526,0.04718570628765162,0.040455719662696336,0.03334437194356158,0.06913487747708542,0.06910962917782891,0.06105769833673598,0.046207460319218706,0.06028887957440937,0.07073967121950114,0.04432581213721372,0.06314115663744846,0.032471278668718746,0.05003738348444287,0.046474824868604735,0.0431069728819728
task_te000991,0.050610181664294346,0.06101912287163196,0.09136484574944696,0.10714537301755742,0.049953552333963015,0.019659342051808772,0.054464598499968896,0.05798493624910215,0.05214631432138269,0.04795223366200873,0.01928173088308821,0.11049735409538587,0.031230302080368835,0.05510497506961391,0.016405891744722317,0.02982654576227195,0.047163891339762336,0.030500360889343433,0.04730738816689269,0.020381059547385207
task_te000992,0.05015992126284978,0.04497934468892392,0.027849341627264563,0.04035215332707356,0.04639099685402764,0.021576847692169762,0.045336810125451016,0.03282674753112279,0.05616929259659921,0.06858168915465762,0.022477048713556845,0.08201489187038837,0.056359951281952085,0.06727054918309437,0.05603307305346451,0.09390768037746303,0.015738869140753144,0.05761403926387047,0.06441219273882778,0.049948559516489646
task_te000993,0.04887482457785916,0.020204202264630083,0.07466392502819864,0.14429239977775055,0.09872045679259667,0.021311306906259,0.03420010818282703,0.04256919883404795,0.056231215624669026,0.033704125226244934,0.05959832100392475,0.018040003274419885,0.045089149887809536,0.018599750752289066,0.10293953019869793,0.04367771989202804,0.023432247483307467,0.05304544205598675,0.03562518848069551,0.025180883755758082
task_te000994,0.046804348955714656,0.024655486578531945,0.031119473036177483,0.06986820044046602,0.031347998688256565,0.04265172721275906,0.0465307805397954,0.0887424725990134,0.03073840693759265,0.06409145885412827,0.023792860927969815,0.10130899687590407,0.049052664858990055,0.04765386868030503,0.026802207602321187,0.0652285917883067,0.07676025237214229,0.018053854644577715,0.03281225346527598,0.08198409494177189
task_te000995,0.021850962953170714,0.06256664614562392,0.09822668636211276,0.01897705063931543,0.019333217859822616,0.11441125925025888,0.029500944236642197,0.043595738583526916,0.012163593778788404,0.026034029208776382,0.043802281755215104,0.09179666275938961,0.07056621311335752,0.034275776711119386,0.03330608494630971,0.02964884119976457,0.06429764734945927,0.03885830831941351,0.08982968984907361,0.0569583649788597
task_te000996,0.032415926547415194,0.06742862574821035,0.029169422501658736,0.031485906115398136,0.035705974101469196,0.035546704468527326,0.06192550445192765,0.04148823808508903,0.02494098440557148,0.03612036802657275,0.04071932010313332,0.05281409916559714,0.055303451888374586,0.06769021577881403,0.07076071634310344,0.06987465629173757,0.046657781680507625,0.056926454483815295,0.0742980037390738,0.0687276460740034
task_te000997,0.04673543007813458,0.04887914978575387,0.05239207583980376,0.04833777694313977,0.05179413209285789,0.046841708544400555,0.051893911491421085,0.05229009952500837,0.049509521554103444,0.04800851361635192,0.05461486725174115,0.051705983399943686,0.05017893660989726,0.04941368839825393,0.05052380597535266,0.047828382965719625,0.05281261410909981,0.04961185495635805,0.04654201644406211,0.050085530418596334
task_te000998,0.02931124640965529,0.04711286996041061,0.03480008945927784,0.06854223347824202,0.04656691852067255,0.05204896990044539,0.060966298713630455,0.04556143065966474,0.04156450909541663,0.0394106527371432,0.03477513835532246,0.051281540236879704,0.05316562842311363,0.08942742496193802,0.041826071786939936,0.035301802396247084,0.0540100174421274,0.06542537954759585,0.04386901347749738,0.06503276443777982
task_te000999,0.0365446572548514,0.10564995842970372,0.02338836189038162,0.05290028687935506,0.02058941919853064,0.029564856967463107,0.060538859890350794,0.025098290496555323,0.024500844360374804,0.09073327029298058,0.05475771812631438,0.05066880042777757,0.047501007509861845,0.0657854830539082,0.03748684051983049,0.019509325985671632,0.03448245775805387,0.06230402317175259,0.08883375641105393,0.06916178137522842
task_te001000,0.030164892227168085,0.058883765988424736,0.03771908204098826,0.04116694449761115,0.026629056001238827,0.06742900801014452,0.04097787062038938,0.03809181459474828,0.032098049654108333,0.04662890567924521,0.10582518129245425,0.043208621045168115,0.0913879922851979,0.07963260211328496,0.054165750304731856,0.02997544721503258,0.04288692611836472,0.0498624860930264,0.03381908750390606,0.0494465167147664
task_te001001,0.09626893325790559,0.02820071628154377,0.08614441424804474,0.0204826479189242,0.07308492848022033,0.027082865646001437,0.018179718798190577,0.10564867048873774,0.03058871171924897,0.09903140575692182,0.06929419081295934,0.08894508229837556,0.020800473481787655,0.01144648412577806,0.0108435507230378,0.028018990496848206,0.10504629593131658,0.03678160099239964,0.027711051111338758,0.016399267430419036
task_te001002,0.0266312270464147,0.05167236412161571,0.027072150940406776,0.038753111787866786,0.09590421591088596,0.04577553424068659,0.054656127212329514,0.06488598335662034,0.032436423788462156,0.08703396776293346,0.04726429308493086,0.054280786885091414,0.028971998268218245,0.04350744103550898,0.045094529838433164,0.028192760279139348,0.07699346640228007,0.04984350550599737,0.06242000075183081,0.03861011178034771
task_te001003,0.07040307914957837,0.05240715015146177,0.08813258952775267,0.03592571541390998,0.0661645441795061,0.045596999475630284,0.04744967105129314,0.05319616373981616,0.02952509928409999,0.06228408987741988,0.02799374867996671,0.04323992056213357,0.05237366505533884,0.033549919953652314,0.07769279459503277,0.03636722282493423,0.030397080404254987,0.04371953114803926,0.052100184807524,0.05148083011865505
task_te001004,0.04887941068370809,0.04951304264925813,0.052751052207519994,0.04822053075119987,0.04981294412828214,0.04593617710700794,0.05208568414741663,0.04594147432148706,0.048829752229883394,0.054484624411167984,0.05225980033360551,0.050249285405002626,0.05381286144588895,0.04742359996693781,0.05049617146953781,0.04868010290785581,0.05374171657668425,0.047205643127102306,0.04737693264039701,0.05229919349005679
task_te001005,0.07768364974823529,0.040282975492150264,0.06978225212750207,0.03904134399069574,0.04443274545854622,0.08034597444584317,0.05243502239282537,0.03309507369262671,0.028359124420243048,0.03515571690422795,0.030803174622661123,0.037415753307808865,0.051278922805900316,0.08881723015225429,0.050476725387813934,0.03222173393744806,0.07310047162680787,0.055423048337879914,0.04640388987849645,0.033445171270033325
task_te001006,0.051527694476384236,0.04756187549717857,0.04719717614532502,0.05073211716263292,0.047690246564733266,0.05191834622824297,0.04897984316166056,0.04804753668626829,0.0508203882530697,0.04833138999686569,0.04773835635633498,0.05007016448093622,0.05270175616288506,0.05134953413845775,0.04991960562926689,0.0516515846648418,0.05333251087673727,0.052623056905772625,0.05044604385020563,0.047360772762200624
task_te001007,0.061727821186675,0.05634555098692619,0.07213377825716889,0.047480196994641205,0.039215326470730484,0.045784926435770625,0.021451639702523933,0.030038966143054763,0.0449840571780128,0.06195897682589368,0.04881879583961618,0.04836870730634395,0.029241289125616618,0.06029968798640215,0.045403887640433176,0.08345134974533552,0.02383381376799706,0.06225773868452713,0.06257851543671084,0.05462497428561991
task_te001008,0.05258527776053863,0.0499340073472363,0.048797439272807844,0.05290890210390091,0.04764928031577156,0.04826779088130243,0.0486920907298578,0.047216052178495456,0.05290705749774294,0.05220532623139598,0.048618703180968614,0.05038270821939769,0.048963321393373616,0.05059748553794182,0.04577912438480424,0.04898408819580238,0.05203324599083246,0.0495096457107894,0.0524980678080183,0.05147038525902157
task_te001009,0.04279206200357199,0.02628231264993627,0.07520246123488088,0.055231338569821736,0.059974298001008335,0.03764878282079518,0.03760603118683543,0.04682747232378765,0.054577047717983336,0.041840008257062494,0.05711621518160371,0.050164681223937344,0.04946110581516335,0.06812473986737703,0.04047707571920318,0.05430300743366056,0.04417602225732891,0.051426072469144074,0.052662471665160665,0.05410679360173778
task_te001010,0.04791038044536169,0.048981327014357395,0.037079432372587706,0.04020281210903366,0.03759681621811379,0.042190494915612255,0.05892958841980684,0.05058709686374972,0.04192339270697177,0.044797942057428264,0.0490757768075705,0.05647567439421487,0.06502457360798246,0.03754093904191838,0.057290951713279595,0.051069453119978854,0.052400989719113215,0.06265976788078,0.05585191415768752,0.06241067643445142
task_te001011,0.04860365961248928,0.050095777059682094,0.047467179602699,0.04718220536840027,0.051641470235653075,0.04987116870945451,0.05239211438540173,0.051506961515520526,0.049161379761959056,0.052588494737491005,0.05329123610991518,0.049826376588360616,0.05141347206496647,0.048431392227379466,0.04961849435992466,0.04934297708280265,0.050560693600906516,0.04813225481795468,0.049146960615642915,0.049725731543396365
task_te001012,0.0459191143143261,0.03752326927018533,0.053328072338419956,0.03834582987898334,0.06646482599793473,0.040978109267456826,0.05914325481596188,0.04087235211148913,0.05508049724687121,0.0449183286135019,0.057976595068159525,0.04899489591664282,0.04348359466226437,0.06062177484451516,0.04721632154437049,0.05059656083253849,0.05482414511324453,0.05384435667787598,0.04733195680999001,0.05253614467526822
task_te001013,0.04749086927403635,0.054000467708059385,0.039295490996145106,0.04462383647390949,0.049522523039610626,0.06693849323885824,0.03896013175435457,0.04098745811196435,0.06067802187374938,0.04608159917947408,0.04867313479317244,0.03947729560887754,0.04319323137920034,0.05730414961693462,0.06620060177613207,0.08165283044489711,0.04646623348298152,0.04692561345222736,0.041091302604744626,0.040436715190670776
task_te001014,0.0358411762818066,0.060661240988755596,0.056998624049459386,0.04416520619040884,0.05265182269237159,0.025377078033034652,0.052819868940974714,0.06328604679757524,0.05288552612646724,0.054343734560473256,0.061496084356109655,0.05903421978632142,0.062220082376768036,0.05220986701386201,0.03547444617856688,0.04749678717048754,0.049819860034919006,0.0449130265678137,0.042951050806554515,0.045354251047270144
task_te001015,0.04375323963734365,0.03722770706028578,0.05062521869490442,0.026940931113254844,0.0821289274994016,0.031330814134577646,0.06534198490669964,0.041929809276341316,0.04621358261865779,0.07504483628437536,0.04224347694480325,0.10761087940373044,0.04592590765604406,0.026048138896096983,0.03380997524778947,0.0298102789080316,0.03456953871664207,0.09662302514947366,0.03714286969365325,0.045678858157893305
task_te001016,0.045287810813099884,0.051235181804407885,0.052152472263588476,0.049961199827356244,0.05149923308676972,0.049212114968580536,0.0506784124628944,0.051466909246365496,0.0498873657868194,0.05055789923957696,0.04790495705463006,0.04924982441576225,0.050364929128115035,0.05053091750823248,0.051815579785205505,0.0486416459865675,0.046690439510294224,0.049267858935564804,0.05187205653574955,0.051723191640419566
task_te001017,0.0248045235375932,0.05842067664209462,0.07940809035961752,0.07949874815656868,0.031373781874291365,0.06720187817612842,0.0313552499890158,0.10451300773302818,0.020652229579572235,0.06330013380212576,0.05133005692948598,0.03875610634022596,0.06446901963059348,0.027462391247246164,0.03544563921906506,0.060050922327065,0.037126403517892745,0.047121882009393365,0.05119621561904707,0.026513043309949358
task_te001018,0.049719113747512235,0.04695709130714153,0.047699174425483694,0.04701036179206808,0.05198105906475356,0.05043667718808331,0.04647946938410473,0.056126657128623206,0.049534354632840186,0.04756413940929008,0.052280916635787704,0.05316598233424566,0.04945521276247804,0.046802639438241166,0.04892082123588494,0.05213337129791821,0.054321239475574906,0.04637962514397178,0.049933566386785595,0.05309852720921146
task_te001019,0.0493119828182829,0.04591797154383294,0.04920578486078707,0.04971387397359296,0.050485992527948546,0.05121699843105353,0.05042247643977929,0.04909503881959733,0.05007505109597195,0.05131356970724648,0.046444876591330085,0.053861577052167604,0.048110065630995576,0.051924682388396995,0.05003929757674041,0.04848287065642394,0.05255968909403049,0.052164316236391346,0.050111934664224485,0.04954194989120604
task_te001020,0.05168261445270405,0.053429340723142704,0.04969853025055492,0.051218351819358104,0.05199147681620628,0.04784213118315158,0.05254620245436295,0.05045771718458895,0.0464397436750305,0.048294568992343176,0.04914928048578764,0.054902089660607306,0.04956710226511734,0.04743514721512822,0.05101676308486388,0.05038026568169673,0.04936614594347506,0.04785501589286759,0.04532187834310797,0.05140563387590516
task_te001021,0.05706540224350689,0.07616577171896424,0.041080251072798765,0.062189623900279226,0.11413478340105045,0.09354087308825759,0.048386489505985016,0.029379871814949304,0.04719273089733298,0.07396110296873094,0.04526004548317137,0.05495900705624823,0.021709362719928838,0.06789085569339948,0.029688507135571873,0.013557705534923763,0.0450042385558968,0.016103543038851354,0.023367615457224242,0.039362218712928755
task_te001022,0.030812700795990786,0.03359469777411765,0.0794069844846805,0.06478430710871558,0.03346298080854421,0.02415249094064944,0.033078376828247505,0.10513003097886685,0.07397982986365671,0.04392048891117213,0.06806892002831431,0.025797798992020313,0.0453063604995981,0.023497168575556126,0.04686426418945367,0.05270626546871028,0.051587876363190795,0.05831153893827673,0.053948373534454294,0.051588544915784004
task_te001023,0.042862107754489044,0.048582618103822583,0.044328372448377215,0.052218161251741425,0.03046604565468313,0.0845524619661984,0.031091141247775952,0.05963884331548447,0.07412012187431505,0.07212419477211338,0.03826089565331144,0.03627493736968689,0.03836382817864986,0.03807610462338398,0.030727214250002893,0.0370086064308365,0.039803961062253014,0.059593116405638996,0.0789091156263597,0.06299815201087605
task_te001024,0.0249659155929034,0.05063653477607625,0.04375175134498965,0.05827823088300347,0.04111927545730128,0.05392335765855827,0.06005238547229118,0.04006857677854194,0.028976740379071463,0.028160683262548586,0.04255551637511799,0.06665802586241738,0.053577211911242976,0.07365474912303553,0.05189475340665399,0.12860323729205475,0.062025395643708514,0.06179288066837317,0.013367596771749759,0.015937181340360592
task_te001025,0.032851795497429094,0.04995251739572838,0.06470661148391374,0.050577763066485565,0.035989451415201705,0.039385418503967096,0.06096537492928325,0.04086966644516662,0.04031734111490703,0.03469719928172484,0.026324504238219824,0.11033986633323102,0.029436967549235107,0.048737451812993715,0.039331028022770595,0.0961628063937646,0.052541604289636785,0.024436744074232644,0.08505209362103194,0.037323794531076274
task_te001026,0.09520533130115373,0.031776374521694746,0.05060526707951943,0.08309082850827053,0.02797448930324518,0.049039529744358906,0.064220140802618,0.04280468574129416,0.023758297307966088,0.10028113998576187,0.06151944173186879,0.03586676764894412,0.05992543189073106,0.024244002817515344,0.02845841977121372,0.06278853119115894,0.03703437177389971,0.028796853206256464,0.04518190597218756,0.04742818970034167
task_te001027,0.03778612443960692,0.06839773071108554,0.04117997185526158,0.032881872761467354,0.0573758562091521,0.059127946021636284,0.03631417518672751,0.042953268456470954,0.06085382497671965,0.08975197726253616,0.029320264203467755,0.061705140557866335,0.03609314520786312,0.0589458679685046,0.0301056974907466,0.025812421453513187,0.07980760999431458,0.08699453906772074,0.03870529363740253,0.02588727253793664
task_te001028,0.04634832273391095,0.04441358335718469,0.054764218054325915,0.037725757723672204,0.07455133637479429,0.059962796614487064,0.02705081193688639,0.03967012112423161,0.03873832010979729,0.06184209924478671,0.04543676281376875,0.08187406246973872,0.0811217581777828,0.027218037857451305,0.025286514768619397,0.033256539373090414,0.07878159292524449,0.035910173686577035,0.06886317236162727,0.0371840182920226
task_te001029,0.0660547406408316,0.07226952865672416,0.024443940867087,0.029853714822973727,0.049005046003267674,0.05895961883218965,0.09568757956344068,0.014961062095056049,0.014060264687359566,0.08328693600508366,0.01418108139610941,0.012241609142159656,0.12341970195334816,0.09443341314135302,0.01950098450115327,0.08559850338175108,0.01737553494302368,0.02594708669603599,0.052391764790074756,0.0463278878809772
task_te001030,0.049288194285860044,0.05094907363195702,0.04635960226169165,0.06680752272841806,0.05471086438387205,0.07587907315149395,0.02428983707602888,0.059565589896569376,0.03884477937675086,0.05682440961373769,0.0659345843348137,0.050153327011345734,0.05691196059077887,0.028118827974606127,0.041054950271395024,0.0468526828146023,0.03854506350375113,0.04977476333071398,0.05465994304395191,0.044474950717661645
task_te001031,0.047789798216075714,0.04822908033517028,0.04721790663468619,0.05136180312111369,0.05088792588059587,0.0491788394819112,0.052229608924017366,0.05015941574776809,0.05068884321234291,0.04937243930040173,0.05057775709045233,0.04976549680059451,0.05160936132307307,0.04890773667117584,0.05064681587391137,0.05226496897601969,0.04994460788730416,0.04939467407356965,0.04893954214158118,0.050833378308235255
task_te001032,0.07088550086679578,0.04396891231053386,0.04193061861450413,0.04448689675962213,0.020515951390822525,0.04768803156461101,0.05817395132406421,0.02995652377619111,0.06127923116208441,0.023574620731566756,0.05527716657470705,0.03613470427121149,0.06287850419228767,0.028586603310354144,0.020364401395181583,0.06991876034211392,0.13143023998561632,0.06587175170559152,0.05360043414946878,0.033477195572671675
task_te001033,0.039957958510494045,0.03585381547180062,0.08208487490176175,0.09205357035033329,0.029760481154924506,0.030681002588422417,0.043784455659581625,0.031660216106067465,0.08322511481925784,0.052633522915497735,0.016597841417156776,0.03440680440065436,0.05643917477225936,0.03320853911326763,0.08440085628298571,0.03838529245387206,0.1231898787991863,0.02249070919332664,0.03282816197145831,0.03635772911769155
task_te001034,0.05243805065049333,0.03146205445408375,0.076783393634703,0.03042565894328867,0.035827256363270645,0.05623121799061638,0.07232551962364597,0.056762116196041004,0.04184362122720093,0.03609108553367922,0.052652518127926186,0.04024037670355577,0.047515186833820985,0.06606300984614207,0.05076271524976949,0.06271127146943324,0.03649645270054164,0.03964111147540608,0.058775089203813954,0.05495229377256783
task_te001035,0.027784774831009912,0.03676772898987575,0.021559096250289643,0.04198534716026873,0.04582598956279175,0.12904095275318817,0.05658470295446227,0.056011338529680384,0.015701500797188652,0.021079599120823557,0.0682993670856156,0.06722580530626049,0.05947384353486005,0.05026833216946541,0.07271620592920966,0.04465768247752315,0.025377293078542713,0.034345574255151695,0.048095197635488876,0.07719966757830364
task_te001036,0.06641837019689252,0.05206143581491367,0.041903324383610885,0.032404720129089966,0.02380348315493527,0.04366916575379282,0.06291436831142447,0.05358068285975789,0.05120800690613675,0.02829151514835837,0.03380772904249539,0.0603327392413863,0.04628874579752586,0.03639003544406998,0.0630957475991164,0.06463277267114322,0.060801202312201,0.04152607383502783,0.052733754104061815,0.08413612729405959
task_te001037,0.051142185779913446,0.06492666496339161,0.056960760711518434,0.05090513889368213,0.039107419032724675,0.033727782340650984,0.04904076830877458,0.030592637240960258,0.06295559874028252,0.05751874297850811,0.06239039792070078,0.07634218098074425,0.06148376140854119,0.024954688059926157,0.028787019343515005,0.05234700102346311,0.07219985340793526,0.04700102400947128,0.03919931910688979,0.03841705574840654
task_te001038,0.097926560865033,0.057093823779554354,0.02071046081964655,0.06568361697721734,0.037636933960537404,0.036718576816825575,0.046052170715934794,0.0446717116174908,0.06782401372745024,0.020348302793276103,0.016937729837718924,0.06677802842042874,0.04930240480962276,0.07304023681272995,0.025554184539697464,0.0288619402549636,0.08692511979429778,0.04187414740368269,0.05176096098509767,0.06429907506879445
task_te001039,0.04784699100394095,0.07550352014393255,0.04543163301643789,0.05940780426545152,0.036055140898807396,0.04502351927499547,0.0411550383424741,0.05015664353583977,0.0473148252920896,0.04810355757597984,0.03890575142322396,0.0649405431148435,0.043800523195688154,0.04610374081728697,0.043236128036287236,0.04974771377814187,0.04297618994452133,0.0672262452017717,0.05879539529142245,0.04826909584686374
task_te001040,0.04914768692000245,0.051920242180906,0.047429342295520004,0.051197532705658744,0.049857541748296964,0.04793902260977175,0.04737474731123178,0.056684221036436375,0.04725258217575627,0.051848990332288965,0.050979192439157585,0.047623711781719626,0.04815059739820517,0.04871477316850068,0.05572186345916581,0.04893960342785119,0.04768548794156939,0.05204957560206864,0.04843064245411386,0.05105264301177898
task_te001041,0.05522696630117616,0.047615744702009265,0.06282169722125085,0.04088705327430245,0.04115333590009933,0.040432097380634816,0.0574141142289891,0.033703885651418755,0.07508428937973875,0.02751926511873188,0.035616674759557015,0.06927410130892574,0.05393370706952165,0.05606752051486242,0.06117323924041241,0.0487092992135346,0.0449175782235601,0.06084745154033127,0.03647874377174532,0.05112323519919816
task_te001042,0.04634744536859828,0.012005750770430628,0.02964961771784646,0.018717766685906412,0.023684314672708262,0.014934172538527614,0.05107687927471706,0.09522923354936681,0.07579097080587366,0.09184626355506362,0.047734090757019926,0.04139148107786325,0.06859271903202888,0.052585090232789664,0.05425202860493481,0.03983716717875855,0.05264992448516978,0.05809590905720386,0.06583077968038625,0.05974839495480609
task_te001043,0.033007661136093366,0.08283377293262793,0.04771756010911952,0.03034179209767181,0.02339274393148484,0.08328356386391544,0.025550371286330885,0.05139481660152804,0.03795594536395295,0.057259331548692095,0.09739952574835573,0.026030994334873294,0.08052717702101073,0.022945041756377457,0.07459130036585318,0.03524614705388444,0.0450664381225562,0.023451832954315705,0.062055507908885955,0.05994847586247051
task_te001044,0.06179680873348628,0.04420433928952121,0.09878614072127542,0.02072694971708082,0.050441107648732955,0.06239248927522281,0.035921019120395574,0.03384932342138461,0.03249551516549221,0.057940363467704356,0.022351990077927302,0.019627537694579006,0.016922519019227412,0.05467047011489378,0.08779290285205717,0.13541641165271462,0.015035213136734452,0.03970108070366912,0.05098176451207312,0.05894605367582773
task_te001045,0.036822004641035216,0.03662715372710488,0.030445918409134406,0.03133079860648288,0.038183019332626654,0.10864148358527437,0.05076960149194455,0.04618643485022144,0.06446709357377725,0.053662653565734235,0.021629556170217477,0.035857076202190856,0.062106436335424633,0.031665307374136455,0.06968713217855485,0.053745826991818874,0.050713946336840884,0.0747046090236168,0.029943236316030818,0.07281071128783237
task_te001046,0.05057555635866904,0.07478182428795836,0.037231315837463995,0.031688910205077976,0.02954841927579367,0.05716157579342814,0.07330354319981817,0.06552238504801859,0.06684476679387837,0.08138714312126956,0.03345713056013467,0.030256957055414348,0.08167750457451561,0.019430874613350475,0.024653727993808584,0.03410510757858398,0.07175397533907081,0.05714068135969993,0.04362285953822658,0.03585574146581916
task_te001047,0.04628195474795404,0.04543976201025682,0.05472019744683883,0.03335384393928571,0.028873226769787614,0.041269180864936424,0.040892896595939546,0.07784578322356574,0.0614131336373063,0.060096911933085015,0.11995376590130333,0.11892494012793621,0.024827566253644545,0.018406528569245316,0.025262620519052273,0.017623637984188083,0.03533020486159697,0.05715306262150993,0.07169116457870599,0.020639617413861132
task_te001048,0.05161785517056953,0.04951955792313875,0.049789737448383005,0.047864234696854045,0.049665898620170824,0.05034518748674331,0.05127033924192549,0.049268720872774986,0.052292216413051505,0.05164868566167972,0.04976518560160328,0.04999573428663188,0.047045891880926415,0.05009569811951412,0.04956524982495139,0.049816881243593784,0.05368439957093371,0.048303089315782304,0.049449609362402024,0.048995827258369706
task_te001049,0.05078834459215268,0.04767549491855135,0.050577214918461746,0.050326234154558495,0.05241709724255139,0.053504916431130596,0.05001068488042336,0.05000427061624811,0.05199003376693318,0.04912956498499322,0.048444162994783144,0.051321652630096734,0.049341750808248576,0.04932108188522034,0.04679921938682164,0.04904577211293373,0.05102327868238851,0.04998277215804763,0.048533849428577684,0.049762603406878055
task_te001050,0.05005893583518052,0.04147185325169091,0.05452895484146788,0.07701218930649933,0.0570725768282747,0.06320701184963477,0.047161720242002596,0.046972136988953576,0.030598170786111073,0.034760168739797676,0.06466173400343474,0.040093913585333665,0.04740812476653863,0.0693753291228183,0.044806973293361266,0.07280951745616866,0.03448342306494511,0.03669662546734224,0.05363669472055227,0.03318394584989213
task_te001051,0.05116351280309869,0.050561334900081356,0.049852370942555804,0.05062508346145377,0.05106355457878425,0.05180203317517907,0.04708515252376103,0.05418847704738226,0.04915423751120793,0.049838506412041635,0.04828455226563809,0.04990366840497565,0.04740464345358069,0.051978587294483306,0.04947954677453748,0.047261188937787704,0.05224123951924901,0.05078646010829957,0.04747157245281357,0.04985427743308916
task_te001052,0.05382107143225785,0.04906033271492092,0.04912891129088132,0.0512167890525608,0.04976068977244418,0.05179887375726207,0.04838478683236678,0.050370654328889895,0.049752748538430404,0.049833691856705206,0.04897215515723525,0.051787450959113704,0.050261202080904885,0.04837165613201616,0.05214210950626384,0.05129427563956724,0.050754559449552324,0.048068290875236314,0.0468776008144706,0.048342149808920175
task_te001053,0.03843566782336212,0.018843752788118517,0.0721107874155383,0.07301888458506446,0.04403079297369288,0.01762139255466826,0.04426529168017483,0.07919047483616021,0.061864923025883714,0.056496569282701546,0.022658900465050827,0.058816231037220355,0.04169371159355484,0.031857134705242124,0.01686804741160149,0.03669046913388398,0.07186330048419062,0.08601213007147189,0.02742742674322748,0.10023411138919164
task_te001054,0.023792094098132977,0.046279206059657435,0.05138383211446336,0.048128171509649265,0.0936168610043229,0.0409811608110677,0.02348031747857041,0.0554361423782967,0.05861293438727746,0.03388326704212886,0.06492003285212761,0.08867483543348184,0.06780647552798841,0.0692654872935612,0.04277690203746007,0.06690543772469086,0.03794594628100959,0.03479372457528828,0.029317728724684043,0.021999442666141057
task_te001055,0.05596529935044515,0.0666152101427614,0.03783023008467443,0.04088203181650975,0.02792930223188228,0.0663058737069752,0.0375987927184563,0.04667304821000079,0.08855887889713479,0.027412371013500077,0.02464886025594583,0.08895889585467559,0.029349006478184083,0.03796443052542261,0.043371881034405806,0.04793951687416553,0.08662161207898539,0.05014927760180376,0.028576590237342027,0.06664889088672914
task_te001056,0.05185820407376505,0.05116461791330112,0.050435569735160106,0.04945450641612499,0.05269667592232949,0.04929437586378851,0.051492009335337,0.04810824669549348,0.05024418046522233,0.04775695987189791,0.050129710758800454,0.052774011473731196,0.05294610853815247,0.04732176823212384,0.04873665609511694,0.047627914576246495,0.04640541871126348,0.0486106017570117,0.05193289468372496,0.051009568881408514
task_te001057,0.06478791732076553,0.05767952369612343,0.04325615384001203,0.027621104875974307,0.02314494196131067,0.04921937511141531,0.04686495668580349,0.027302153708798727,0.06130028081626466,0.0280005062323565,0.07236955771740969,0.05358569598641064,0.07693354814469436,0.053465609559199406,0.059867582256835535,0.03513767459571424,0.0661061823623379,0.05054439157200524,0.04174598790291988,0.06106685565364839
task_te001058,0.018662048389063577,0.06640863451582604,0.08593976307485136,0.033240012798643574,0.04021498307116782,0.0331818526943626,0.024553939415253762,0.01874067534736916,0.0815097292150652,0.03435507132934724,0.025370667472997165,0.08792225251486961,0.05640175086498725,0.06518479927977713,0.08217216974878916,0.01690754789567712,0.048408403804917406,0.046990811645430244,0.06412435430680945,0.06971053261479523
task_te001059,0.06803918203478407,0.033293218353078066,0.04364654868041187,0.05078923731062115,0.03595021943772294,0.06666649738907804,0.06046465908147903,0.05234166610047772,0.057008502195225345,0.031112211732237518,0.06076382425343731,0.046404077846109656,0.0529959673372171,0.05128109445231124,0.061696163944482525,0.03056348756246053,0.03890634129587854,0.03295327001497228,0.08587540637945108,0.03924842459856388
task_te001060,0.0699583160656876,0.030828979745374508,0.03969250226836264,0.037931409580617866,0.054159257841282435,0.057945878382166735,0.07950461050579434,0.03998045504329033,0.05536977035934827,0.061592407593040195,0.023929159915821487,0.024614867246553634,0.04277578548911002,0.04175226149612729,0.0365555756240494,0.10665665681480761,0.02886306523877696,0.07227868499010483,0.040503072777144045,0.055107283022539776
task_te001061,0.025280653682831018,0.04541833079170337,0.03916600183798445,0.019100930676456445,0.029981894604119274,0.047951104345082554,0.056337974687893734,0.0607033405237049,0.041080758635710236,0.04926153528052411,0.0848385351380926,0.02099915364906123,0.09040670719086911,0.11230848992837039,0.04881715122550493,0.08735004965214754,0.020418534876276255,0.042639136336554015,0.024017932777136587,0.05392178415997724
task_te001062,0.047792998095182136,0.052881922886554356,0.060727804116387236,0.05576956300693168,0.052154168498308076,0.05674676579955727,0.05012095662451381,0.049253331921299166,0.043397066260466785,0.029312511657448408,0.05275687223125274,0.03837457103815082,0.041308244572935804,0.06394886677850861,0.05622408332907529,0.03941851366460285,0.06194477490306129,0.04916340007849434,0.046052366312721686,0.052651218224547575
task_te001063,0.049548001500625445,0.05100894701625008,0.05123184008167362,0.051458684314970485,0.0492829626975489,0.04999175599701098,0.05019012505335915,0.04766309214049713,0.05093944404800968,0.05165203695915261,0.05070233049689413,0.04835052887104805,0.05256609129416905,0.04824615838267698,0.04996235580069289,0.05073227719844566,0.047338893809333156,0.05086758925256284,0.04640348983143478,0.05186339525364447
task_te001064,0.0323271493176233,0.0905964457619924,0.01911114539334541,0.05322107200310277,0.05227747485050993,0.05216022738099921,0.036929876650575344,0.0736454974054028,0.04451179809322621,0.07936685134705444,0.017386323950985366,0.028435100853190263,0.038258994734079135,0.031380036635930725,0.10628521632323566,0.02913781221825496,0.06420119104594166,0.040357916325692224,0.0319923037930958,0.07841756591576245
task_te001065,0.040493599236660606,0.042114284990674725,0.05163745698810201,0.04869395592623911,0.04691689654189231,0.048316632112973434,0.03861634614174301,0.030841046648431285,0.036727748172849635,0.04238547616647358,0.04749352164489338,0.03385475530807963,0.0472048289737621,0.03089053460254999,0.06251145797603144,0.06051485799142151,0.06741181838091237,0.09031745751035616,0.08031755654188229,0.052739768144071435
task_te001066,0.04366593697843425,0.08992975973711348,0.014408312459834722,0.05410897881788051,0.03838371656953067,0.0640159237024821,0.06335119355345167,0.027460130148778412,0.01582332908269567,0.01799460323900435,0.015374417245816457,0.07433117588979433,0.06115162495083856,0.0221789901021425,0.04360627120240686,0.07853356260143006,0.08914454646933953,0.09898147827946292,0.05557516102384553,0.031980887945717365
task_te001067,0.056062282538993875,0.023940688979790608,0.03478915216038245,0.042616499340993125,0.023435155559573203,0.0255259198864181,0.02196957489630982,0.0750100145600529,0.039385310107814465,0.03696719540276634,0.0400748487684005,0.04907649034493526,0.13228563836598792,0.14237225031017275,0.017840181100879194,0.06496622284486435,0.05893692305628569,0.0727084561251638,0.02949145071506028,0.01254574493515522
task_te001068,0.036558718932890116,0.06482542752935211,0.08344611048231425,0.020026813742665142,0.06124284109599177,0.032735841631805325,0.03293306328066276,0.040669994389779876,0.022238352170093716,0.05300408726333642,0.05184608377935148,0.05420476210551675,0.03971216301182681,0.054517091747769406,0.041331845289219925,0.06585749238550366,0.03163322471355113,0.0590515299275319,0.06429998249267996,0.08986457402815753
task_te001069,0.04567458396140747,0.055540762494894716,0.026575354945516695,0.059950742281840115,0.09513165288940385,0.050291570949301076,0.05485137059482558,0.03238974312357817,0.04968679808198282,0.09320755610756365,0.04397862237460488,0.025540971166466548,0.04252440863379113,0.07051810239162232,0.04116120232125357,0.03323747502969081,0.08669971786321967,0.03587228731231783,0.02737557074050639,0.02979150673621246
task_te001070,0.06098262279196406,0.0746975965266539,0.05657822568944974,0.07842246951482112,0.05980505412645896,0.06084552341837308,0.038332946546675996,0.028837136796964338,0.054959322281438176,0.0569200409373037,0.03632933749933485,0.03351949301973908,0.04085334223842012,0.03526701568216184,0.04994484649649875,0.04124691784366342,0.041552463430008575,0.04646859828975104,0.06321344196832077,0.041223604901998515
task_te001071,0.03422113712913749,0.04290409362713329,0.07162385735614142,0.04382942313378608,0.0672032362005733,0.02586611868755261,0.06174901200960704,0.06273270837926043,0.036778299419607724,0.03587223867648521,0.07116769135214959,0.031209956403976218,0.0775144324196444,0.026699965435243368,0.05899947923897692,0.02678444185208675,0.11147672053598806,0.029770672538345692,0.037382476873307584,0.04621403873099697
task_te001072,0.058529274934111454,0.058989198516730436,0.056672069842616024,0.053275682484469095,0.04880219843823116,0.03672640151960527,0.04230063410135425,0.04819602675483628,0.0654852969024662,0.04619537007926195,0.0563776912895094,0.07445867120801827,0.034414842912289155,0.047158542638364366,0.041609313450473855,0.04911630064247626,0.03151913206283166,0.054109988119426716,0.05735103395191208,0.03871233015101624
task_te001073,0.03757522018214732,0.060681114117084434,0.039814287090480335,0.045832521583489744,0.06884892616354256,0.05102213893292391,0.04148696645102142,0.04054305848646191,0.06273598415802792,0.05695047257388392,0.049186496309088314,0.04326906246486543,0.030902109250403445,0.059294041054215985,0.04740461097285156,0.05934593231667962,0.061474306198358274,0.06537025215445023,0.043359245694564515,0.03490325384545907
task_te001074,0.04265816980655145,0.024371647152553307,0.038196319664645664,0.06097775050978787,0.053997612728624036,0.0972955929165641,0.03766149084687379,0.06007192418883409,0.04955421661100497,0.04339424615408708,0.04870023920946726,0.08336492287081361,0.06654438741512898,0.029264803218053123,0.09325192815893722,0.03276858372137134,0.03939484634855074,0.0228515669413739,0.0285930298420745,0.047086721694703064
task_te001075,0.041273006978655075,0.0337093284297393,0.12360631088082677,0.05067197722543738,0.0913408764935452,0.024232861591729358,0.11961763691347747,0.03411576223379132,0.0465850604869186,0.045583217001276405,0.03334874359195889,0.054817833247819234,0.03640951389967585,0.02276545667280398,0.023737075407460007,0.05243870925481886,0.035568728331681294,0.04624353764569195,0.023402214873130666,0.06053214883956222
task_te001076,0.06612202062495282,0.035872444079149864,0.053191133500133166,0.06309047668000456,0.06775547456686794,0.0418551062183609,0.03498240217410731,0.031174279298782567,0.05029282290864571,0.02057652273348426,0.02657923718348883,0.02901021911206357,0.09087394795982709,0.08190713598668131,0.08546271281761357,0.0165109716482444,0.07251226484051493,0.06415676308735091,0.01974064719681431,0.04833341738291191
task_te001077,0.047319870291945905,0.02609916496143873,0.10214834338374405,0.03566070164297912,0.056647314167923665,0.03800486136240884,0.06141967506130004,0.02451103080497906,0.04218823247130555,0.045761176265297854,0.03336943009413827,0.06425048748100959,0.04884794422961465,0.09425286971690598,0.0461102814303659,0.04287407872347221,0.03166210599223605,0.03419014177794704,0.05589575899435665,0.06878653114663098
task_te001078,0.07947785718211893,0.05868473114387542,0.0577171790288713,0.05221236043760406,0.025194655130905155,0.05931441212592729,0.08421457289891891,0.06421010952841508,0.03310661615366385,0.022054577847482316,0.04458395164630792,0.06997711376400012,0.02400950301528638,0.013869753898543617,0.01654595093025606,0.034497947610703995,0.06611354509984621,0.08411985050933801,0.03817261107099763,0.07192270097693775
task_te001079,0.05889325910139817,0.03830072157980277,0.05779164892251271,0.06270055200751443,0.04434899555661346,0.04146257922012198,0.06597874561595175,0.042169994370939,0.03727511812415965,0.05336588667568149,0.07221974233302425,0.05782043673540378,0.06041684564824986,0.04296525953445671,0.02845036862688622,0.03036678601122125,0.034094558188716845,0.05666123116708796,0.055053769771949104,0.0596635008083086
task_te001080,0.04076407599061727,0.04666088590087318,0.06637034526297896,0.0555188279862809,0.05732120068155314,0.047898703258041776,0.04496411539416068,0.03726740340547304,0.049882021453612486,0.05985888409463915,0.06610800986852387,0.05254244244788535,0.033810218203475406,0.0494924798630863,0.03429967368861797,0.06466182277514843,0.057983124154334,0.0393547264267102,0.034223707145181415,0.06101733199880648
task_te001081,0.057706939405978645,0.0302565318548039,0.07304750441883727,0.03434491567461393,0.020740283107766152,0.05741736662036777,0.07751361038923728,0.051897058044044306,0.08337794604936914,0.044321891285236975,0.08099827921503996,0.05967239072121602,0.039699462070260975,0.05346791986155061,0.07151770362147722,0.04176786646844035,0.028796482573146095,0.04479412161942171,0.02796625397194276,0.020695473027248865
task_te001082,0.051594431954979696,0.04863330810485393,0.050164045415643635,0.046481350528880576,0.04988841948726756,0.05034551136180123,0.04658575027336776,0.05067377883687585,0.05029770208661799,0.049637539467793965,0.049323140821707086,0.050315849318207366,0.05052230451799308,0.050627247335989375,0.05013254804898983,0.05000804421187379,0.0484353156179047,0.055789711969900804,0.04916029687894857,0.05138370376040331
task_te001083,0.03531515343956851,0.03011034490565534,0.04690380860144653,0.09115026437678135,0.03497014817100616,0.02613630968803868,0.0948585024516032,0.05208186592101463,0.06405029758164958,0.020038453880925417,0.052817464104618114,0.01886380422437216,0.01630127639673847,0.1204979966110865,0.019134730516949926,0.02624054935994005,0.05706352576117943,0.04748963477702159,0.10012151098053172,0.045854358249872655
task_te001084,0.04593464474634467,0.06072445837556864,0.056093271831255315,0.05638426957509218,0.04955930683088848,0.054023665783670946,0.07403375271615795,0.047239561340001845,0.03870235631652069,0.041591796215444586,0.05722343784049824,0.053783915245370476,0.03167537379197991,0.048181024277575916,0.04436092375258844,0.04869765600667156,0.03661420404037756,0.04958559195743947,0.03604840847283359,0.06954238088371965
task_te001085,0.043746389086060745,0.025642478328323594,0.03515296168829004,0.039866016925785216,0.040377219068549124,0.0679632616938838,0.05773902350825893,0.04003836213132213,0.04579712755918417,0.1148863151964085,0.06577859395199583,0.06984129212853459,0.03233729166651826,0.021676052591685827,0.04436494280355184,0.07432481536810977,0.06598325748336888,0.05684122219269535,0.03497011629447,0.022673260333003337
task_te001086,0.010625108461381004,0.03170101824698085,0.03433694250083719,0.03736467378334584,0.09147850263311823,0.04987148116403249,0.029105588174251018,0.037000940533403255,0.0663950843667493,0.053500423455700885,0.04334974762662381,0.057461444525669786,0.09468297775283745,0.03704663174181763,0.06928975570921987,0.05700043580609695,0.027540015651884287,0.04759201303777048,0.05251349083371497,0.07214372399456481
task_te001087,0.038035463273447284,0.021948739913963684,0.028686503285144858,0.055210534154762986,0.03775090952262267,0.031201954944429157,0.03786790598198679,0.08171055823160787,0.08955062841180975,0.050328557204467814,0.056460165867230315,0.03434893397198336,0.07348934192651314,0.05471834858835779,0.0371340182720855,0.02045327244228911,0.04940886932188398,0.05412557150815061,0.0861367990657324,0.061432924111531034
task_te001088,0.12425527432836143,0.03777630534513298,0.03244344410228723,0.05201588986096892,0.04532780908641336,0.054180920560854516,0.06414741537222195,0.04201110184145874,0.10496273639804413,0.0109978245978934,0.06119511284139896,0.0407406146023406,0.0332602263921698,0.043819299990761125,0.029021138754722644,0.047101011663722006,0.061522019399311845,0.04050937156429468,0.03892860040493431,0.03578388289270743
task_te001089,0.04857178566092485,0.05107516097514808,0.050701092597425286,0.048632715790967805,0.050235874997173524,0.048688241158106466,0.04936646044657319,0.05531857127606628,0.0547311018718865,0.04924586972205011,0.047603425340009074,0.0494033029484381,0.047192107978440874,0.04927391182888817,0.04931451116235785,0.05087959873295563,0.05120337702104562,0.04785650031154493,0.05263308388837342,0.04807330629162411
task_te001090,0.040237554958917496,0.04476443691668383,0.05541672906624397,0.03538014778197138,0.047774191907684685,0.05411737839069393,0.03659048727608367,0.04219923644315496,0.07518269290789342,0.053010143527131896,0.056644400811174216,0.07673147174100342,0.049036849211569554,0.04801552778630495,0.04398988143036615,0.05551519250784586,0.047501603108512654,0.03584149700985652,0.05965647358534149,0.042394103631565996
task_te001091,0.04712153667740353,0.07037525062011277,0.039461734961705776,0.05343628921880153,0.03932902149825579,0.06441318544442617,0.07352708927819973,0.03179236780194005,0.041745318234273424,0.03836137158486009,0.030110712660875543,0.06208853231010263,0.057371791934843284,0.08843721571123886,0.024086292715960654,0.052571327600555204,0.05032925484523577,0.020637472942145813,0.0417104361799086,0.07309379777915491
task_te001092,0.06949507563912653,0.031232977425957417,0.030292012539380266,0.07944430699960343,0.04410117672429097,0.035973756991786676,0.030001156559550643,0.039746485118874596,0.07691951672930195,0.04661693062000692,0.0461337064739894,0.03219881710564132,0.0904415371129964,0.04141024888075173,0.03700413252612687,0.05889482022639235,0.03224295040197737,0.055393720442720375,0.06734382255055076,0.05511284893097414
task_te001093,0.0660906322809762,0.06300464650725962,0.02610299651236847,0.02548147276771831,0.0673271521503984,0.08788994865436059,0.013953789368593332,0.06784286559086579,0.011262805829247323,0.0468881037801023,0.023242189672063433,0.04341621651160656,0.06897000983965418,0.020035104420495543,0.031593642365625965,0.17507608858133528,0.02196618973465999,0.048948594394843,0.0478338412141158,0.04307370982370989
task_te001094,0.051109765240494154,0.04002054048698114,0.054905815361420196,0.04280576049352811,0.04570772478519743,0.047697144873154886,0.050367340281966974,0.045603770916354654,0.05125938084137405,0.05921711326117011,0.052719342492505386,0.06446891296475761,0.044222767844401205,0.046014651846733555,0.06169748578417088,0.058261075422176165,0.04566600953525531,0.058734430670452954,0.03923088061185246,0.04029008628605277
task_te001095,0.046261857774171036,0.024275361018254542,0.03619782118116389,0.06043157166005063,0.060743984131221326,0.06368095310935963,0.08788445078217375,0.054960183499437675,0.0363210977818947,0.04317428948182643,0.07643999972815117,0.06255996597525801,0.04148275476977901,0.03869854176575313,0.03553035188409978,0.05054227100529183,0.0474128280713319,0.047501448966609426,0.03712900378490637,0.04877126362926559
task_te001096,0.05797010264948363,0.035145766336734816,0.03986643165222764,0.06609619575471598,0.0533560857661123,0.03530132213690352,0.09152591958102324,0.046870954697441944,0.06466809337592913,0.03370851979492309,0.04042857582013267,0.030439513500350276,0.04804540223599576,0.048922967868351895,0.06510610371741105,0.06053420503755997,0.06405543689932043,0.029933270321537194,0.05723394489258634,0.03079118796125897
task_te001097,0.055083000492681916,0.03958331062587066,0.045610297297289125,0.1029977990801221,0.03261591045789877,0.08920575098345356,0.02498945739219347,0.05686688734164486,0.049712487952832896,0.04103896772718266,0.06012322114642921,0.049175517646775045,0.0712225091606183,0.03368714748799774,0.02278518250332972,0.02798618198234859,0.02209283812689368,0.058275031117206,0.07102306324582063,0.045925438231411056
task_te001098,0.05069982742717285,0.05189657330270409,0.048966872111694475,0.04837640870976769,0.05083281746231327,0.049221186919065775,0.05518285641468246,0.05073276108252515,0.04730175316663412,0.05061066379619728,0.0464270825063864,0.052155095365253465,0.04978367980396272,0.051438815974957426,0.052188897541760135,0.050589985303546095,0.04806102514818202,0.045580280664828735,0.05027285401227078,0.04968056328609509
task_te001099,0.023708127691156586,0.05025246109616601,0.023467447465095406,0.06263087736017892,0.07275636173496008,0.06109562418898592,0.031693304947230556,0.053579553702216,0.08986761104049533,0.029098564683219332,0.04048992724431834,0.0726208081907017,0.11596643605647439,0.028698627381474343,0.06792580238298276,0.020229659150955818,0.07671753854676938,0.044255864501559966,0.01687158238113648,0.018073820253922627
task_te001100,0.04949662445303079,0.08441495698551842,0.029651211703481287,0.017030200912822188,0.019705032421933975,0.043785377849933006,0.0318350483880756,0.05999036065839916,0.03894768196384343,0.050959784848488704,0.02832916054480671,0.040752610944111235,0.04021538761283867,0.026569614425504675,0.042486140886330716,0.07680613152846787,0.0551271071264443,0.0340453152612651,0.11719519136500534,0.1126570601196988
task_te001101,0.05212752105233103,0.04589369863975484,0.07383788356343794,0.06810011366571327,0.0537989399758013,0.03793664783363762,0.055646343289865854,0.02774657080147173,0.062057667820964044,0.039502751207208905,0.06824039182339474,0.04887271593015465,0.05443096055295053,0.03471940773047538,0.04423829932292471,0.032479940582587005,0.04254299134248778,0.054043782886267176,0.05104497491604694,0.052738397062524665
task_te001102,0.0507271004174079,0.035212516512628134,0.05473981281969513,0.06111370734859786,0.06042700737523193,0.05571860760838469,0.061927638258698285,0.05765701182155904,0.05577454974966921,0.06473005293712854,0.04787116925411033,0.04062982913559031,0.03667303684341856,0.028467164910212856,0.04523776947091071,0.04179312651761718,0.04523040970260587,0.05712436726956765,0.05871912585298664,0.040225996193979166
task_te001103,0.035435501455350044,0.045893351437223937,0.05652164577202573,0.07692403028755215,0.029366481736797706,0.052042438489352354,0.06953614669970457,0.042673321021139896,0.022901760181820274,0.06731778580067725,0.03495230649082054,0.07975581821603937,0.0763521355688421,0.03132085942431157,0.04532223930592783,0.05661522715601997,0.05904430272208218,0.03880766129183176,0.042211460881719995,0.03700552606076072
task_te001104,0.02320806203513143,0.08689281648387592,0.07154635234122411,0.07531240095304825,0.060992381352485435,0.017287991282752845,0.06481485212855162,0.10862238235845402,0.024031297208478367,0.06077100408681232,0.0220663508662229,0.026964561729667286,0.041981975597814684,0.04503367051503946,0.019964967317237205,0.03792356733680998,0.07086201361714747,0.018529667736678013,0.033425298373425734,0.0897683866791431
task_te001105,0.06453080499497055,0.061338406458454724,0.04221126165785819,0.03995353624459381,0.05743320411556472,0.04649636587238302,0.04269121478612483,0.032412740192519184,0.04180471855077394,0.03570392273823185,0.03476245603325678,0.0727572055958565,0.059180758760959615,0.07111941794865197,0.04099614323869226,0.034319376304337165,0.11550429298496617,0.03224485835750943,0.04046527533312863,0.034074039831166615
task_te001106,0.07389564294941509,0.04802691233552219,0.052187234146154754,0.03737484879373868,0.056237309327242725,0.038122571506665204,0.037294085142978176,0.04505765098858019,0.04811756959416687,0.05961492513778837,0.0377042801391368,0.05282834514702317,0.0398199002756801,0.053577032191768584,0.04692807963266345,0.051967984696916616,0.05671940589764651,0.0691709938927219,0.05007747158530094,0.04527775661888975
task_te001107,0.08354062883417683,0.06077225107630921,0.04727186224863128,0.06430433668615243,0.025138987492253947,0.08430819293133793,0.07549637240774368,0.04601784883859993,0.0517464865361987,0.04082656121735399,0.028741848284886844,0.06174307066877171,0.028184516313826402,0.08374911491549762,0.025475700042279316,0.043159313833194844,0.03941109717868682,0.045841065795062697,0.03551024348796387,0.02876050121107211
task_te001108,0.05138132108658227,0.029155125750495392,0.0453130217031848,0.08166176779776271,0.040743266719562556,0.040409097427767375,0.042581547321176104,0.036549295878759436,0.050714981294807726,0.03813457709842446,0.03733361119231737,0.06273792810622685,0.048731790455558574,0.053994291502695094,0.046134635269379096,0.060811330652519216,0.0763809708815667,0.05834368854835645,0.043745388089281655,0.05514236322357615
task_te001109,0.050550921454603936,0.04847522701685163,0.04825297041124482,0.05040497766352146,0.049792028863374055,0.0499215239441574,0.05000178108058194,0.050237375091527016,0.049388393047261725,0.050837432267487034,0.05003022930506281,0.048208310773358784,0.049785259531238746,0.04731127645535271,0.05191204791162871,0.05037546608090757,0.048934861426464075,0.051239236084703446,0.05296090056191739,0.05137978102875451
task_te001110,0.02360186633161648,0.02997464416507621,0.035160448434738395,0.09192657950670402,0.06281936888769465,0.02125015144693339,0.0351739332318811,0.0615351031192558,0.04971258236135152,0.019474063475412383,0.05464515385353734,0.07653687814223069,0.03786511262560345,0.07024635401265586,0.02964805630197704,0.08646995609925157,0.02462508990846629,0.050464921808512184,0.09198505178085285,0.04688468450624897
task_te001111,0.049531837409277066,0.04866857233140687,0.05135211292769665,0.046480839128953094,0.047663933416493824,0.05026801271299612,0.0505634111321257,0.05140169011721918,0.04659689498694729,0.04678560793127626,0.04890426121945921,0.051255579399040845,0.05175054016645094,0.04931196254000493,0.05293142224929546,0.048789312843528956,0.0536392437276188,0.05076686067525853,0.052562871930212154,0.05077503315473798
task_te001112,0.03928486548499433,0.06236243710989291,0.049196938950248306,0.04891224755512598,0.05046990374364162,0.037231345924990285,0.04457993573596224,0.070550960245543,0.05176168718023672,0.05318188994556492,0.03972587525357974,0.04014278235132921,0.03819882675571048,0.055929539745408055,0.05976825143262043,0.056280519318855034,0.03906055450941198,0.03633918500676868,0.06544646818140679,0.06157578556870925
task_te001113,0.0445692789436717,0.04786495604331035,0.03909247798039069,0.06460478622925925,0.06422302183327992,0.04727427900029621,0.044073621527081816,0.052938440112818154,0.03282314191935441,0.06843407026640856,0.06084460768163614,0.0625786230678159,0.06709030726646882,0.03177795170496857,0.04116142608166499,0.04438158764534811,0.03694675506849163,0.043059735192122306,0.04943757644549144,0.056823355990121095
task_te001114,0.06965990115273021,0.14420827937098815,0.034803715333210326,0.0582142092493689,0.09011922350874293,0.015520772515502797,0.011910783092504833,0.07833302877105029,0.013417225417070558,0.015027301068632327,0.13979194260065578,0.020382543774076754,0.020874565073600602,0.023113590292780678,0.05430443527246194,0.07767378872060168,0.0677819514749974,0.029865674201168747,0.01822594035855303,0.016771128751302093
task_te001115,0.08046695692451157,0.05919471893080022,0.05235222506225715,0.0338824048543414,0.024460356550937007,0.026952879596480774,0.04842573059149457,0.05808068188339885,0.037242492313667934,0.05181428460441415,0.02773059093085807,0.029282106636182338,0.033131334154104,0.03188871102380986,0.07343580364524757,0.06584933379459972,0.07087487384936036,0.035438048667487766,0.09529778837214443,0.06419867761390224
task_te001116,0.06683224284884913,0.05354308048581478,0.04835631856527285,0.060390983647038224,0.07472763220890553,0.06721603815644657,0.05903700782372082,0.03770296423247233,0.03394615548019123,0.07004466662894328,0.02877758524546783,0.04877317193703889,0.034861564710217785,0.04459488817068354,0.03582132386046471,0.020104026143745138,0.03153662107803521,0.061674667319380296,0.09103992707310822,0.03101913438420359
task_te001117,0.05336629067041897,0.04014422213456199,0.05320011734069734,0.052503793787613995,0.039390723279947824,0.06005951293368178,0.05107643623015221,0.031464236693214256,0.03615122430306326,0.04232465286167766,0.039983236368369306,0.03851773526258446,0.04051890625745948,0.07151229382434318,0.03838100130706511,0.05760920259269592,0.07341795522566544,0.0495182020125008,0.050404559352534906,0.08045569756175217
task_te001118,0.04967199541024437,0.051470673708715386,0.05005226548830599,0.04661273119988651,0.051594259572131214,0.04972990645555388,0.05109348027708139,0.04930918125581231,0.048429645141482305,0.051621662160101264,0.05086680331388404,0.045526522614994035,0.04967895040563578,0.05258456448450988,0.04848096453214455,0.05240967281332996,0.0528375025306265,0.04985226449213473,0.046130158420107675,0.05204679572331825
task_te001119,0.059112003123761914,0.06258938169551241,0.06379061271666842,0.03683829400082511,0.03606787470754015,0.0433624187883543,0.07035736568469218,0.027151411710579255,0.0689956656769739,0.057220688219120394,0.10004265649792998,0.039379798157451434,0.10056150631558919,0.045861661870908725,0.06085721256486198,0.058691073424409414,0.016862772577532475,0.011273375555651116,0.01937290800780048,0.02161131870383735
task_te001120,0.03065512786798991,0.05837363072591321,0.04395741393619628,0.0512603674651343,0.06290592853391624,0.04138064829513503,0.037254053192483795,0.02717330692515882,0.03743331174262836,0.06803406766670306,0.07009617687576544,0.061980083727100815,0.04895751936394585,0.04333828340141737,0.038984824377383466,0.05586476271378909,0.07968707737141621,0.058531334973170875,0.049415485894268044,0.03471659495048392
task_te001121,0.01489041572259491,0.03872430357496099,0.06881648042421627,0.04998041506872746,0.056963937912532764,0.07273527060443455,0.04859970214157946,0.12217295912149978,0.028357226385536234,0.06601372820233004,0.030842568423121802,0.04748261130541187,0.034145723278311044,0.0498375055957756,0.04951567247993099,0.02910983691161702,0.04270503713108958,0.06661194896962282,0.05529522590157152,0.02719943084513548
task_te001122,0.03206078016460779,0.04184494696340707,0.07507508845223994,0.05991119913544807,0.051103620175884074,0.053819395209838077,0.050607422861967344,0.06947710108444632,0.031014749898714465,0.02239979560289146,0.04859794465875109,0.06889736295140124,0.0344141826889244,0.02918004788983629,0.044928493678013506,0.05172979790941182,0.11061430566143987,0.032569991190948853,0.07073132961846836,0.02102244420335983
task_te001123,0.05013447744897725,0.049371270432346875,0.04991760556416227,0.051719024111042976,0.04896404091893045,0.04687003441492746,0.05038801387926836,0.04823891745234529,0.0491630838672774,0.04727872941216462,0.04720850136155296,0.05050482387927123,0.05250220155264832,0.05162610059031332,0.049015314886392936,0.051715576454302865,0.05105353622505066,0.04901285253795559,0.0539236832932143,0.051392211717854866
task_te001124,0.0315957100644147,0.08179503770537716,0.06542043909861808,0.035109856416889976,0.01897193034709243,0.05398117827637816,0.0645812906333456,0.0635729159920066,0.10385284500523946,0.04404556168794653,0.09986639043756892,0.03939213106856603,0.014120807163745076,0.026762139455084405,0.026750216148475465,0.06210778537643505,0.041792567770929774,0.014217084423132242,0.07000987931335707,0.042054233615397243
task_te001125,0.08873541147740123,0.037706475536363325,0.07679559739578803,0.024552027917628245,0.026511392289389115,0.0490002414924522,0.02335998060052127,0.044933917167935065,0.040477747553854235,0.0492019347538959,0.045413608585617445,0.059350608847536346,0.034760399123189144,0.03886905168924894,0.09598080288688757,0.029598815905215767,0.0889898455945066,0.034618167718075715,0.054680787246681344,0.056463186217812586
task_te001126,0.058417230834345,0.04010530323270085,0.03465287891094356,0.04982150497303366,0.05408934381732378,0.06708233972842224,0.04808112767457489,0.053273116668569424,0.046311857706296124,0.033619743874376495,0.06336878363414178,0.0427788785789722,0.03746344189595008,0.04675988416566767,0.06972058259806603,0.050945354459168694,0.06231410743909489,0.042770046008307784,0.04880596539788702,0.049618508402157924
task_te001127,0.052606171870685364,0.05226080304423411,0.048649050697402385,0.04854218167648557,0.05154490585452515,0.05245235468227797,0.04651938497510891,0.04724193944000383,0.048765564871090676,0.04955079191073284,0.051797788250885136,0.04833381040774118,0.050768452014977435,0.050577157722541934,0.049592706470955525,0.04962220226849288,0.05039116889144,0.04805986685178059,0.04910059418869578,0.05362310390994285
task_te001128,0.041328579268142346,0.031738233584740455,0.0605020824917552,0.04937298122385244,0.03401140835743799,0.05686679549438831,0.019504992284705053,0.06923962660043846,0.06560295157568787,0.0421434176748157,0.07092323009828702,0.04184012334234703,0.045263133675345624,0.039127760041861165,0.04690651758908706,0.10283398453016256,0.06512748090987974,0.051983497017821824,0.03412226464173914,0.031560939597505056
task_te001129,0.021583365342080985,0.040634347112938445,0.05792546042335389,0.058757666621555654,0.03810540000507639,0.09526466355803528,0.07733620720863409,0.06534395217141521,0.019900852094205917,0.08086636869560436,0.0666731572787362,0.049321585262484355,0.041590075399407345,0.05031743209439581,0.0358562814048033,0.04453403613594435,0.009738755683541026,0.036156293499221996,0.051739537050598826,0.058354562957966476
task_te001130,0.033929540994906277,0.16393433382854716,0.05504536480130543,0.015317817646866535,0.05351527585053683,0.02881833654628083,0.044456233792130484,0.06853828740293309,0.0990341010347925,0.0330324199163012,0.037170207134033635,0.014651139376507114,0.04339712010526737,0.04603173140144634,0.030642113885905594,0.03881032650347298,0.07336016875867395,0.03265385250802172,0.04140216445083324,0.04625946406123779
task_te001131,0.05051181768681108,0.05084243792892303,0.04608989964432395,0.049622938659088636,0.0525364094325146,0.04901780105046262,0.049249433973888604,0.05120827685746597,0.050258541932533776,0.04923187766971358,0.049767666975572715,0.05048381079850071,0.046719660123555655,0.055874112131225645,0.05216590632160433,0.049850837013187634,0.0495905970676308,0.04888038348898847,0.05050367055733084,0.047593920686677206
task_te001132,0.04690441551645459,0.032984118709257285,0.056026334535143156,0.042641416157232465,0.06331538658618176,0.030989405141168224,0.04336843857312195,0.07882495246195295,0.05724892266580587,0.032446792566241396,0.03294037512462504,0.0460578419125431,0.06180710061812824,0.029382275206864213,0.07887793431660751,0.05897360510851528,0.0607373116690995,0.08195232715038477,0.022366806510446882,0.04215423947022595
task_te001133,0.0427548406436277,0.0778862245535719,0.07193145985946392,0.0718617824837967,0.04957628327421006,0.05637400935005928,0.044414532974958815,0.04575456790896683,0.03045199210940561,0.05694785068758119,0.029174600262562453,0.049164907184254404,0.056805115366380006,0.03261997298421604,0.029555558405290082,0.052474918376869566,0.04424433353790934,0.06851448183511771,0.049072250194689686,0.0404203180070688
task_te001134,0.09165158032351536,0.02338188751982374,0.06095338516379946,0.08129279765932625,0.019913655871577257,0.028917211227764274,0.09040816726769431,0.051635492212031224,0.04696720074707516,0.02216524677148509,0.04828485203683585,0.02933407138059052,0.05185958939418181,0.04300237329437212,0.07147787719274515,0.042829553716330133,0.056297235359002204,0.05062571982402651,0.06453357662088666,0.02446852641693679
task_te001135,0.037334268354978356,0.02704919985420952,0.02099256104844223,0.04338284128168398,0.0342570932003809,0.012939293290944226,0.0632027655804153,0.0499553574246365,0.05753556804077317,0.04806145907372962,0.03714419972461598,0.02901428240800663,0.0394873601913879,0.06478615530373029,0.04135315579115394,0.08782000224731984,0.1370491027116574,0.04095131391588651,0.11133715737603662,0.01634686318001109
task_te001136,0.04723871872993615,0.04960935636499231,0.05159934235440254,0.049977869075594185,0.05089049986936642,0.049596500700238924,0.05111282085019145,0.049636985272039184,0.049235837909219524,0.051101956070296044,0.04765729421019634,0.0497217234970385,0.0503875056073539,0.046858383960711854,0.051929530508456404,0.0519890103819403,0.04944722535722984,0.048504021108289566,0.053378685670970934,0.05012673250153579
task_te001137,0.05000894571979493,0.04767262630397756,0.05078578831532425,0.04941526621154555,0.04601878503434424,0.051849220835870305,0.04986478428835697,0.05379881400822217,0.054734106353238464,0.052646591034036336,0.04913896844618811,0.050134001389644335,0.04994572342505741,0.047157179285845195,0.0523885104322167,0.05021401424635313,0.047405763835803465,0.05090950498880771,0.04675935573970737,0.049152050105665895
task_te001138,0.05777107764491012,0.07714918005321214,0.030688172438770662,0.044887081543387886,0.052750706193343155,0.029831109620045024,0.07163273036604367,0.051065446336261956,0.05612086096673719,0.042273762108094665,0.041966440205644634,0.047229739485687434,0.06054870621951531,0.012176551730810507,0.05030542998978708,0.06973662441162594,0.0609345735836425,0.04280628177873918,0.04643395004474046,0.053691575279000515
task_te001139,0.04986641303129008,0.047492240483295735,0.04796263187052779,0.051627584962996485,0.050826596308033656,0.04883081352655157,0.0504222693910844,0.05018523940150998,0.05127019227053308,0.05008043571755701,0.0477806402037212,0.05012975024131551,0.04667794087603081,0.05432822073800511,0.04763988062062824,0.04951875741841382,0.0498609747332694,0.05257169857611809,0.050722252086400604,0.05220546754271744
task_te001140,0.0722557065113921,0.07183681986311792,0.07515743776898742,0.019704944058712644,0.045276517740095834,0.057546893983558826,0.04349353729887741,0.0346383207148486,0.024356890532275424,0.05535380251722287,0.029557404858060472,0.07477582980631187,0.056088206660126205,0.01878018394181124,0.023997682970469794,0.07231306257774331,0.04742627634136047,0.06654323317845756,0.05506887814279167,0.055828370533778454
task_te001141,0.048186476474181214,0.05941892122606568,0.07300710869643022,0.04202925836794899,0.07393689779184603,0.05459451161760627,0.04932359318653623,0.03717812019865644,0.04810167091992697,0.04420850214001266,0.05963420529869302,0.03673702012394173,0.04115226172255056,0.0576911610541096,0.04833821818612958,0.05009993360260083,0.03585387354411127,0.049172573531168114,0.051229285125555406,0.04010640719192927
task_te001142,0.04555262554259066,0.08426411542441606,0.05231820078141269,0.06729517830717914,0.03460718433368774,0.04379839208076293,0.05730272200088056,0.039533359244648805,0.03641699188806088,0.040928815073833176,0.07417409105810491,0.05572140114118558,0.04833346523301108,0.04546753029742394,0.04656486338617904,0.02510971411353615,0.028236985261289288,0.04034417653173995,0.0925395428618367,0.04149064543822071
task_te001143,0.017493031769472315,0.01751048117143113,0.013913840011030075,0.06546892547662614,0.01793555041686722,0.02703611216321652,0.02801425960827774,0.04144018811569236,0.056493058069042944,0.0645520714793593,0.11444914835150255,0.15516570675465266,0.027244028059895436,0.17171424950720993,0.03044963600190001,0.024255221062912623,0.00848466681718993,0.05736815508537793,0.02124377328045529,0.03976789679788778
task_te001144,0.04861446320948152,0.04953069809305815,0.048429742685075314,0.04824292384639945,0.05088382557360747,0.050666948496530355,0.05313239752934028,0.04924739635374742,0.05049595570863138,0.052626911390197685,0.04979919420979428,0.049255321939032974,0.04712312128938672,0.051820870301770294,0.05079471483732456,0.050639605001344554,0.04718177531050702,0.05000120411359168,0.05028225807252365,0.05123067203865538
task_te001145,0.05169597031395112,0.05061754881653568,0.050406385947052594,0.05211617271738667,0.05120205680372978,0.04794316407387231,0.051259522975354736,0.053499582557936465,0.05195267938532924,0.0482255512492277,0.04873476605527119,0.050482242176347496,0.0486466822710953,0.049232924464086746,0.04908422960448053,0.05239669500921478,0.04821648500401596,0.04641471433451905,0.0496741782760109,0.04819844796458157
task_te001146,0.045557528942851915,0.03405460944931098,0.0598808532543748,0.0345347538688293,0.07592672618632464,0.047353321505809606,0.030571375713474003,0.03505178421017864,0.032949601834060704,0.038772512718672804,0.07735705387159461,0.08119532128265795,0.10653461751996618,0.04132089749798435,0.07627710274926564,0.026115350983223845,0.0472086028504525,0.031328151655434365,0.049988730721944374,0.02802110318358891
task_te001147,0.034349731494051954,0.03192736233613042,0.07829483226008349,0.06403274431581836,0.05075235585949592,0.04665313587515151,0.027670837307094444,0.0367320399476731,0.045176083306721924,0.05262716107976181,0.054073412948627796,0.08992491629785429,0.025425794809590837,0.052520894542882904,0.031073793967024414,0.049138327516484316,0.10914259091323866,0.05326270929243214,0.053552009340250485,0.013669266589631258
task_te001148,0.062041406169622906,0.056086216734425536,0.04009245094226649,0.04411006491563239,0.02967620540947888,0.05825970885399821,0.06350934402875799,0.035975359661687446,0.05410255577268623,0.0340526552369019,0.056412358172023856,0.037604533443798355,0.05791014291408361,0.057826830669450005,0.03572422162446988,0.06832935513373034,0.055504171177358855,0.06904570975824723,0.03761965807058899,0.04611705131079093
task_te001149,0.08032497338590495,0.0793781320465088,0.06464111502620218,0.055366918235006515,0.017066957892874664,0.06290995712179548,0.031543574710847365,0.03644354225539461,0.045822203985183635,0.036563049587006236,0.07105268263590163,0.0342071445813915,0.019900230789107874,0.03489102312551602,0.04312454126204904,0.06865349401345501,0.04856525697231062,0.06481287524870838,0.04743823240473283,0.057294094720102696
task_te001150,0.04362798014680278,0.03614283904210129,0.048969414480013955,0.0708783410635083,0.03024112129650541,0.04733418948451268,0.03472426577886277,0.050292610274521615,0.03008134617533957,0.07847134108488321,0.05948186902491164,0.045626719380325295,0.05286675564392552,0.045637178963732844,0.09576929070088659,0.03461158077766158,0.024145825395984043,0.06828713156181837,0.029849484641405005,0.07296071508229739
task_te001151,0.03709009998811806,0.05504425517584766,0.033877484431507565,0.04722173117644399,0.04304959541867167,0.03943782180585958,0.04703375284836617,0.042389728020809835,0.0702016190668974,0.04142718806877995,0.04190180437218191,0.10480176504161344,0.056165976755312805,0.06347355077124121,0.05118943633650568,0.042287101536809854,0.03987254142921752,0.05215933970646894,0.05174010429463685,0.039635103754710035
task_te001152,0.06207066889747764,0.04730728149904771,0.030699825350891344,0.06229300392991309,0.04734529669495221,0.031016679569631035,0.043819069308950555,0.05103471520544439,0.03663085541633179,0.03622511442778116,0.060323231555397185,0.05176610186968581,0.05352152765277315,0.07292379744539065,0.08868563139141844,0.046486798046009144,0.06325001517132144,0.02881858059309148,0.03238318486689042,0.053398621107601296
task_te001153,0.0757811724699856,0.031699395493282365,0.06229740162566995,0.0370250189669554,0.06525313086733832,0.028878015150470015,0.09647867017057672,0.028359012019546003,0.023293830707039866,0.035511892648615186,0.025446962104801043,0.02413033627508616,0.07166392898976479,0.01898654571315465,0.06209841132522487,0.057857587767794594,0.03828699615163277,0.048819821032115074,0.04781227680908074,0.12031959371186592
task_te001154,0.035538170043975574,0.11628591448163826,0.03349057724100047,0.042826834712388226,0.08905710899346167,0.029953414466001683,0.04738358784096507,0.0863712356378941,0.04668817609929275,0.01587890663750122,0.10085826995370824,0.03262989769860139,0.05199473803940657,0.030136943361796432,0.06097784679306709,0.04411678490369689,0.03346745664978835,0.03404308723903606,0.02239628656576309,0.045904762641016894
task_te001155,0.048355245042589465,0.06484247572853613,0.06746059760172556,0.02769962542891835,0.03676687446951897,0.062207728135694335,0.050589876401771317,0.048215329747410635,0.039917494390211326,0.0404657096387771,0.04605238995069636,0.06455046196085308,0.06729992848092418,0.0664129831025261,0.036338080044212254,0.06426182810374208,0.024875240587109267,0.054213645273578,0.04934574229319736,0.040128743618008174
task_te001156,0.030916715087199533,0.06548651553221552,0.0780801706723754,0.11880460152161668,0.08176725982008973,0.011320356134493264,0.03005980195504819,0.03311759351233105,0.07847868100640142,0.019459837689721152,0.10891120548639265,0.04372203719581949,0.05056461755110978,0.0615959949438858,0.018721009399970002,0.06076517456748654,0.027235507390711712,0.021507062527645168,0.019417204754183775,0.04006865325130332
task_te001157,0.04951632562941174,0.050058979769976614,0.05253334010522701,0.04912635948621552,0.05172399521990507,0.04791586760117407,0.04866105773700268,0.04788821722524806,0.051347186452184994,0.048806298620599195,0.04952814764278133,0.05266333749439427,0.048964907038286376,0.05074708644356314,0.050210388867986414,0.050732471807856026,0.04706701771508777,0.04978762301709407,0.05132744082970713,0.05139395129629855
task_te001158,0.05116987114043252,0.05369376634266838,0.04964713377081313,0.04753138343393116,0.050281659074688255,0.050786334193288644,0.05246106374348814,0.04579612561153675,0.048277152459207315,0.0484527012731554,0.0472666592727141,0.04787293918561794,0.051646765741353115,0.0525991400012257,0.0513915694651263,0.05344368899498089,0.047927693334919065,0.048784942030522686,0.05532248826125394,0.0456469226690765
task_te001159,0.04169648981031451,0.07675475412306978,0.059709041539407016,0.0396679356837497,0.04832700194387464,0.060732667075376764,0.08993969027454182,0.04489445076947172,0.03705596064601352,0.05008350444788597,0.041207427736404185,0.03740803079288233,0.03442621835070315,0.04078705647862485,0.08510782565778835,0.04055712937107426,0.03357394450380703,0.05219334030462614,0.03187410928309987,0.05400342120728441
task_te001160,0.05691893249341912,0.043087162210383015,0.0499709138548968,0.046784451911645736,0.05065051064704675,0.04630868082022134,0.05883409103566667,0.0772840545359676,0.036175994357458746,0.03785692317321334,0.03529275191492787,0.0439645024804618,0.04226103825388953,0.04727041133978498,0.06411028642704851,0.056439704906587854,0.05300860598384004,0.04516345679815188,0.033422160741534125,0.07519536611385418
task_te001161,0.06833205953059153,0.05092382105949499,0.0278494079217586,0.0493616265545757,0.06570051520674958,0.046236709773426636,0.04273049147458565,0.04683995335349823,0.03747227690374897,0.06083353436934604,0.02822750768348039,0.03615943511894967,0.05070745356634437,0.041459164750987536,0.05431850919368059,0.05646646693138428,0.06709104202102555,0.049574013318440385,0.058346672051943604,0.061369339215987716
task_te001162,0.03832369352482228,0.00869524797828309,0.05601553122700458,0.08387657082251905,0.0344853468815171,0.06697212728826969,0.026551357680821293,0.07737283086085193,0.0295403343740119,0.04948941641135648,0.020480316887531713,0.021231977926081735,0.10006789424029414,0.08580002925222792,0.06895274588882287,0.022544087016640416,0.050212876718960964,0.059848742900536385,0.05639632262364869,0.04314254949579765
task_te001163,0.04793700819784453,0.04589318084344845,0.04890564532972536,0.04962181520362221,0.04886617652633048,0.049673094267455566,0.053528606154724594,0.04909078105427668,0.05335555524796564,0.0481751602149847,0.052537159362273114,0.04989395551252948,0.05186548519423986,0.04910379517914207,0.04751423724158777,0.05290921301316012,0.04907158570750448,0.048878269316228636,0.048390485394981544,0.0547887910379748
task_te001164,0.07263474189647892,0.07175753804170028,0.03160054632136323,0.06865559209647372,0.043176923335214196,0.03579867906391496,0.11155903009930389,0.030702865885934075,0.026281703771520906,0.022704349566247728,0.05862183755940538,0.04937453625134567,0.043785615648899275,0.0413718944493731,0.03730446170913104,0.07402879609611232,0.03729157334070632,0.05158551040686173,0.028568478472056718,0.06319532598795648
task_te001165,0.05571879497306687,0.06972599742049865,0.03832200793495648,0.04515105205798974,0.05031642128263413,0.09074041195173028,0.03546394465192591,0.031343929500931,0.0509134925494643,0.03111635320302011,0.026437411486203516,0.046856785658640175,0.08787750656515725,0.05893726847588454,0.03309753625082596,0.03837253333232158,0.06443394059494305,0.04631756375696904,0.04691439989695278,0.05194264845588453
task_te001166,0.04765002333670412,0.048070897429174315,0.05033947775855798,0.04939932825518292,0.04961935849447953,0.0507808481913311,0.04726848326610168,0.05397944507124772,0.05189113228901753,0.04937388781289256,0.051646233521433015,0.05017960411341803,0.05160983170379479,0.04731944138104202,0.04829089361932914,0.05091349732404465,0.04986756423214013,0.052582031893549694,0.048329423449399916,0.05088859685715915
task_te001167,0.02242521272502571,0.09791792491726856,0.02613916052455204,0.04304105507651094,0.0685624096956864,0.03857524171747764,0.08405958730121386,0.08965175024444019,0.02124412957023488,0.02360316777702161,0.06606320964643567,0.06843658630949072,0.07035862212834458,0.03678660431841178,0.057305928157354157,0.03460402284481048,0.03356541964092458,0.02205316575016962,0.05648865905026435,0.039118142604362256
task_te001168,0.05082923011226392,0.0490625755274557,0.050920993492192285,0.0518204131469127,0.049805591130742476,0.04899426057296751,0.046329515267249384,0.05199114227617056,0.05143427182058602,0.048658809248312215,0.051522006812433185,0.05004425450321301,0.05015599638831768,0.0501686107922186,0.051291937803355135,0.05150821042736522,0.04990353165846709,0.04853126423150822,0.048839678999139206,0.0481877057891299
task_te001169,0.04406019342351695,0.03823479605363752,0.05299430044395266,0.03345209610654057,0.0506759384691405,0.03664095131933585,0.03375584958678906,0.046754335717421366,0.08184856882639756,0.02166159805633509,0.08164403624013611,0.017654232701159945,0.04057031784445798,0.03854066745375898,0.013074946324495698,0.04550162990087216,0.14408865296269266,0.1117884720709642,0.05737179668092764,0.00968661981746758
task_te001170,0.049447922055441934,0.06703692030623926,0.0507023335046736,0.03625695866646861,0.03698745003831521,0.05655038124365711,0.041393504478076396,0.0488279199576628,0.05638504960633876,0.03286755372395077,0.045465441922840716,0.05390752010216894,0.043155339108026665,0.06464398065373309,0.04162287713036129,0.05261590847507198,0.06431136995544197,0.05662187623792631,0.06582518172907706,0.03537451110452744
task_te001171,0.04808186668439115,0.06623410823479953,0.03207243233919573,0.027383251446232316,0.04224978551470416,0.06544158786259195,0.022071183979185983,0.061529564126154755,0.0491982267545518,0.05935513543337392,0.07065539308347135,0.05011377791960528,0.016301048452455152,0.08250199409205618,0.06148259827077135,0.005607299002847383,0.04175540450737166,0.07856162659387902,0.04420523649194821,0.07519847921041309
task_te001172,0.04932154788845694,0.04927418264123939,0.049080376900372445,0.04767456395612428,0.05106758272865909,0.0510567483812722,0.04736240652900772,0.0483599270216636,0.051383598519887774,0.052918098731484765,0.05280833095615793,0.05030111186562451,0.05208988156280469,0.04916331145404312,0.05131425509037873,0.0477037468923413,0.05043203255464691,0.04939799853235585,0.04769624360818376,0.0515940541852949
task_te001173,0.0473630188716461,0.04784979855495221,0.0499273409358695,0.05150495603326406,0.04642459795050631,0.05243873231698097,0.05210759338789785,0.04888566595801495,0.05139248872313328,0.04813337063769236,0.04963996654638282,0.04829792709492807,0.05002822198309736,0.0495324368776754,0.05200750320719203,0.04887455783634723,0.05212350715504298,0.05190713393520611,0.04926575296913866,0.05229542902503173
task_te001174,0.05105425534877956,0.049255402200737736,0.04310139144718734,0.04496192426300029,0.043796982663384165,0.051920421154165515,0.0646553120701174,0.056005384725500845,0.0567415929258374,0.04377146466590447,0.03813673648736033,0.05063726463312286,0.03187469737225629,0.04716542673430806,0.05356764745251789,0.06050874018471402,0.058008623903753574,0.04729686783764346,0.035358705956985474,0.07218115797272336
task_te001175,0.050334640743778074,0.048628082199345044,0.052899900507848735,0.05268858088515291,0.048859953992452555,0.053577003265791366,0.04687319152677098,0.050882336847044886,0.04922014787526847,0.052036587128355356,0.05167286330921607,0.05024151777360415,0.04796368841076644,0.051131669650140245,0.05034726658453129,0.049829309836667536,0.050231322647515585,0.04801339883465763,0.046161225804964394,0.04840731217612832
task_te001176,0.0386396423717836,0.021464244380495594,0.029023145369737685,0.1445832628742434,0.0246812201606456,0.042332080978275385,0.027570064028750313,0.06810158185124326,0.04462314672461016,0.03273759783224573,0.031099576133894705,0.035951265437315374,0.05683444527465324,0.04621061767978943,0.03543698191002368,0.06935480105525697,0.10882160008961607,0.02399011284269412,0.02354159218233875,0.09500302082238693
task_te001177,0.04789980314798348,0.026234686439147094,0.06478261638749824,0.016295158827231482,0.01457797405933816,0.06439355821187301,0.07856761269241688,0.03309952256642456,0.05109677292488663,0.059892702383394406,0.05974514009082377,0.08406630232791716,0.03974712542359027,0.09144484371886107,0.028982020249714857,0.06695712599835828,0.03163136400621736,0.04526629689375601,0.04905814689216212,0.04626122675840512
task_te001178,0.029693761762154006,0.04282228354703851,0.047750018893928006,0.027629990992247753,0.06677763555451909,0.053664796804407895,0.031996446576901816,0.058928874297861616,0.038229574987871835,0.05995219099071602,0.027927124054375047,0.06761484781647643,0.05329460919606196,0.04826330410585677,0.057077729520492296,0.09669856626490674,0.016392377723737726,0.06934789817448327,0.029180392222173307,0.07675757651378999
task_te001179,0.036247464988911696,0.05374378582545581,0.08930132892035604,0.041236293559499336,0.06441684912576158,0.03291983600676277,0.02657875028789488,0.028834427694187953,0.045420325518986844,0.04556037036501532,0.026333504472631743,0.03351806757403544,0.056452235492322284,0.07368930674611311,0.029953945891318685,0.0801336897190675,0.0718365292727128,0.04480017582416548,0.05133807254053028,0.06768504017427049
task_te001180,0.033756170364786106,0.0735851176153698,0.03560158424460688,0.07576360980423164,0.0444899739292709,0.04414682420624853,0.04975583352638914,0.044463939501773526,0.038198967664367985,0.04377594189847818,0.05255215729991275,0.059489464096103645,0.06067569804938766,0.058365167632004174,0.05379795211651855,0.04942159202361711,0.05458291753081916,0.04345955115243855,0.0521588056373328,0.03195873170634307
task_te001181,0.049760826060319424,0.05042937804829828,0.04915652551433988,0.050156670115798135,0.04786923981214376,0.051784822800870635,0.049044955139310155,0.05526928776083676,0.049106814636568616,0.049308837618083655,0.0522995132289675,0.04883225378204418,0.04962829105957454,0.04860794206329644,0.04905095014390796,0.04953199764604517,0.05086941993031102,0.05173705921297983,0.04721743532104749,0.050337780105256656
task_te001182,0.042501571685053655,0.08895461143602329,0.01418581809095109,0.02182715220716904,0.058976138554870695,0.02257559727529175,0.027603748836783158,0.04646196046166037,0.018764191181125187,0.03623336956721612,0.03354765823543292,0.04996738618986267,0.023617240772904616,0.03689577734943022,0.08209971105954733,0.11624696415317817,0.0715207076337027,0.04616188274800913,0.02328712274325669,0.13857138981853134
task_te001183,0.11547499823923749,0.02791879852498072,0.037419086116127834,0.03320269165724886,0.05424165560401886,0.030803589162550302,0.021873055195136982,0.09662910041453157,0.033574589481789874,0.0416623184923761,0.03672894273105437,0.06220923950197043,0.05909809005211686,0.055780766245820484,0.046415297386886836,0.10758186958703303,0.0539876374305265,0.019365151360965956,0.013820076805395104,0.0522130460102319
task_te001184,0.03125585891945255,0.1084676618221248,0.04150183597937927,0.05539051995111944,0.04921140378694936,0.030816143532595548,0.024801648895583898,0.06665854152169776,0.026248753898524917,0.03680309427567876,0.08177899442453702,0.043666839053519965,0.037834903583779854,0.054607154591824185,0.08198407267724457,0.017369808741202693,0.07594463026843558,0.05071908289974106,0.04273729946595793,0.04220175171065089
task_te001185,0.02556853282410821,0.05533394625124982,0.040416575490119164,0.054397718209512114,0.03465204000433188,0.012446350251957995,0.13421390407897985,0.021117829665020724,0.021641087069837285,0.04328390037570014,0.031958781143387634,0.024409541352842994,0.04079316600830454,0.038459814707261154,0.1238122132315757,0.051527873871328546,0.03399695990420166,0.057802996555431564,0.04931162343357643,0.10485514557127247
task_te001186,0.04665580264544547,0.035814903089854674,0.057732098189616915,0.04150595569685702,0.059325982641921064,0.0533868201219105,0.050480218866495695,0.04862186308587765,0.051107172952691696,0.07277151288545376,0.058961027820564345,0.043102936037841974,0.03117324781751005,0.05011250587939691,0.042722095020767265,0.051382465882652946,0.04431618971419269,0.050929368826348145,0.038308679270028206,0.07158915355457293
task_te001187,0.047503904021467876,0.05156390223372602,0.05324967272078124,0.05382273076791844,0.05102728802747208,0.0488128343551696,0.0491884564011568,0.04905506946487874,0.0517706444301224,0.048089298924226476,0.04824454652446911,0.04853030985246726,0.05076745674680751,0.049777141475723444,0.05043992398715817,0.05391481784594357,0.048926500067033384,0.048087005833570035,0.048069485022978205,0.04915901129692968
task_te001188,0.024242596987630514,0.02822227977243077,0.06591786732162255,0.07168129669891056,0.07388763806625769,0.05014338518300682,0.06853846173977927,0.07758804786415344,0.0744692859773965,0.01932329164652115,0.04797372172822244,0.02564978002251694,0.03854541798599635,0.0314675284168256,0.02882561024607886,0.04046174459441151,0.03647538744788003,0.07795041585961314,0.04928642254593175,0.06934981989481406
task_te001189,0.06883724825220174,0.0416231317371486,0.03623337771717069,0.039249815614928255,0.044884006449120405,0.043808438787526424,0.04251594064706054,0.045068785689621735,0.04370912996805726,0.03480189863550798,0.046154067683884116,0.0312748033768849,0.06262490047030335,0.07522192060640222,0.08032714673617303,0.06192352420719394,0.040362549643421876,0.040118143282541534,0.0624760046509813,0.05878516584387017
task_te001190,0.04226227718336545,0.03899618451270147,0.03316580413937987,0.03342243137654652,0.05286817556354654,0.043263800828331166,0.05412358226670396,0.07192163433521921,0.04478585741004728,0.0339489096970009,0.09007881040707871,0.05523304879394403,0.046851227854935854,0.03218570146496501,0.06296075304660238,0.03197897050874466,0.0965730976388392,0.04007647909212593,0.04803817947453911,0.04726507440538263
task_te001191,0.05316926369599692,0.03262103817664032,0.03144225030482472,0.050348552341282896,0.034186212846492293,0.02835283835622097,0.021296413558422756,0.039393259739854115,0.0712886703930825,0.06811254159996455,0.03977702175347905,0.04856600137589872,0.08299753108879873,0.08637900605957294,0.04071371691181484,0.049032736190098215,0.05543291277917957,0.08855224593460825,0.04363691252963104,0.03470087436413656
task_te001192,0.05548933385474301,0.05010834867385322,0.04738233398614795,0.053420218085495484,0.04886663278848814,0.049004034289845115,0.049469653976960605,0.0521567980832624,0.04741410854947323,0.047293006349565556,0.052201102636675004,0.046708823468476136,0.052107851733442394,0.048418927886696744,0.05238395957442961,0.04785900607274825,0.05095778699740541,0.053883839526306244,0.047754620635168145,0.04711961283081745
task_te001193,0.04759516301153954,0.04660507021665288,0.049316245692446095,0.0276054814103678,0.0313700901396951,0.051359236905311856,0.030816106482744483,0.05172259957400643,0.05094939043902691,0.05152603143969824,0.07861950986897964,0.041836476744561195,0.04009870939162354,0.04210880182668562,0.04229492894295219,0.04366791747723705,0.061750672343020466,0.08609176807602427,0.059054372865918275,0.0656114271515085
task_te001194,0.05951902147127675,0.04994181797803822,0.05145594705943187,0.0598989524092292,0.03568641067881987,0.04437126276045996,0.04786939301431042,0.05629633673997845,0.053195755701125766,0.03839282031371469,0.0326730025631426,0.03467380769140639,0.04217533024450362,0.04399387089933875,0.05168152491094032,0.043731051677394994,0.056286648140741864,0.052865176474569814,0.04501912057919622,0.10027274869238016
task_te001195,0.05198998958863575,0.04722336186272292,0.05092579391405617,0.04664875317137073,0.04781531683181968,0.049438079318200906,0.049979358868596786,0.05198813700785117,0.050861226679716376,0.04948849281969427,0.051915353756609904,0.04889080126119103,0.05036663812861019,0.050718842670825694,0.052814030311353656,0.05014504005734137,0.050053711468391465,0.051695979831528,0.05234687263900974,0.04469421981247416
task_te001196,0.04459045276530801,0.01613665455089661,0.03040633602347385,0.030282995374992395,0.045144958548683584,0.0696488442786742,0.04056878954135661,0.06260342562994547,0.04401138112229052,0.030874491924415,0.051224836374753335,0.0410296677155462,0.08198033338696578,0.025190136488242712,0.06786049435103973,0.03911503487186975,0.07084389865595314,0.04355679678901849,0.07232324513288257,0.09260722647369214
task_te001197,0.04812807075682568,0.048825013152397775,0.050925760993122134,0.048382159986962985,0.050027759171594945,0.051763924385535634,0.05223610950753675,0.04964534481473212,0.048851027602780685,0.05026635807451769,0.04988534229363567,0.04722725031219123,0.05182166450018905,0.04916886181755786,0.05204738715581177,0.05066174263096769,0.05421138998950978,0.0490093951644314,0.04679509648782705,0.050120341201872094
task_te001198,0.0372789908312131,0.0445804282725292,0.0535839427323457,0.03919985987309102,0.05273293186670304,0.05002977427210488,0.03080045394524962,0.053288745696748734,0.033832731846559376,0.039493394459967315,0.07674016431549834,0.04770982927738931,0.04354978462078784,0.05728874470100196,0.06720918815425968,0.049381714867418,0.06173653906904077,0.06927041210141904,0.038729984232771325,0.05356238486390184
task_te001199,0.06322390539471148,0.058052173337412305,0.05783547155556936,0.035626011017812834,0.03318114422890155,0.05852743657963419,0.045620762872120205,0.04519645118399902,0.03790058845582803,0.07369975181556522,0.0753727299287285,0.046418949844850774,0.053962600105620505,0.051881344022390405,0.06302658678559146,0.04746653373861434,0.024217153510580892,0.048457739814132365,0.028564795917203567,0.051767869890733086
task_te001200,0.0391785390949884,0.057912813256523976,0.06799304301401764,0.060511259613815475,0.052993212869649885,0.06344223294919597,0.023101802112955903,0.04035452457369145,0.039199391395043325,0.06877382944048688,0.047310847820935795,0.061251040409435145,0.04749160544860606,0.05842403334135118,0.024542299942234946,0.04052105687999868,0.04410481774443588,0.03433615803178078,0.02647303964293291,0.10208445241791969
task_te001201,0.014873353292970404,0.03345011819305568,0.044497108580938714,0.034216852045814684,0.08639276858063459,0.14898136375017573,0.03237963418197238,0.04520957061592601,0.0777977852613107,0.021178879117440874,0.043207882526150876,0.026090806003246994,0.04218224636707973,0.014190418343143914,0.02546538592573557,0.04313503808314518,0.1432818854138451,0.07022242306303846,0.033169199531607185,0.020077281122767236
task_te001202,0.04811462180335558,0.04857570485418546,0.049653533258789725,0.05392621686997984,0.05472574198991457,0.04745291054461829,0.05078222777997124,0.047630745527035716,0.05118466463002973,0.04799151825903526,0.05048961138359332,0.05234980969219055,0.04689687567283865,0.05132988767177644,0.0505605587315768,0.051334894977924685,0.048009018252425706,0.052691112828841806,0.048807697207164595,0.04749264806475215
task_te001203,0.08542187820530059,0.05425652855563738,0.046745324396218264,0.05345956531873881,0.03974298685972488,0.06622773394961128,0.03312212312494323,0.03443203300226897,0.038744951697690294,0.07245964110242477,0.04905123156745015,0.029555733989261597,0.05101025618035773,0.06926026078698747,0.04235270040544028,0.0662522827111596,0.0435259536766907,0.030928966806858065,0.031435372751020985,0.06201447491221517
task_te001204,0.06835638521243734,0.024917166027335295,0.09514989926284304,0.038852388317701665,0.031053834582603655,0.0673322987312713,0.039341482155009926,0.031270157832412535,0.08647429218033043,0.014517685981425789,0.06828434579432167,0.020620590676797453,0.047924864982339804,0.06490665891348923,0.04497963395792706,0.08123887873270864,0.04534729046107091,0.07094322767995109,0.04228919549034059,0.01619972302768256
task_te001205,0.02931307873700958,0.08277153370233259,0.16286461664130972,0.0326522613256345,0.017662460011837886,0.04459667137861192,0.02475166428945595,0.0907798254617569,0.05119338486991475,0.0642316685116513,0.029110455899157124,0.027159049996210292,0.04708313194278427,0.024512376970867503,0.07268113152418944,0.03123002271755797,0.032953764053511636,0.052297324224690724,0.045407623261191764,0.036747954480324155
task_te001206,0.05614713073384081,0.03646372373681764,0.07518771531660613,0.06818950280350979,0.03510313448210909,0.04685412267342955,0.05308035172557222,0.06495962497467847,0.03217636971741918,0.05744407100897413,0.06247993009240571,0.0615904473680076,0.048202030392869445,0.027769525097934827,0.05524428871389458,0.04579491759689688,0.04344015441011981,0.04144427634236889,0.059273182861586705,0.02915549995095852
task_te001207,0.0764728801984125,0.06988507495076529,0.05188837363123023,0.021546268192679692,0.03507559208744461,0.05745717582045235,0.026575413131907623,0.0413203586916393,0.08447462666585347,0.04568570096471695,0.060321608611111084,0.06382635616499828,0.06390868483587846,0.06719223285751678,0.01559806486064639,0.06079487848408387,0.021310281138270458,0.04880144453273628,0.0569446211328379,0.030920363046818364
task_te001208,0.056900947858669115,0.0760467741116768,0.018639016548629966,0.029580364056405,0.05314204727944216,0.10948605217162966,0.02497698126546827,0.034538424775017666,0.027037180023212527,0.11932817563341133,0.040094373469872824,0.05096033082407362,0.036962296072076614,0.02690594250344695,0.03652876649578361,0.12040256510638116,0.03414797265442768,0.065075209235753,0.015957094369214535,0.023289485545407437
task_te001209,0.02461338350730524,0.042730496070557074,0.06560161002701752,0.05254677253896266,0.05615016981359686,0.04747625812553673,0.05994390214240778,0.0367105997916881,0.05219396872398423,0.043740561040238164,0.05390682278295646,0.03040792801292211,0.03833889305453204,0.0828255625434122,0.0406245496780622,0.057324463008710184,0.03227984979140152,0.06821264177142498,0.031379102027195946,0.08299246554808803
task_te001210,0.025256265337163582,0.05889889543853919,0.05531317103039742,0.03437863520126102,0.038618713868156906,0.07624227155967572,0.029443766439076344,0.04847942845374452,0.050812056687182694,0.06106897007605255,0.028903184548033835,0.05096683364753396,0.04923384694547922,0.045249395496618744,0.10490472092838296,0.05317073237131324,0.033505522454929444,0.05713575541505772,0.05893180031232587,0.0394860337890751
task_te001211,0.047268443333747204,0.047971229644885316,0.04994798896714333,0.052803714971318194,0.051369274785809015,0.04724352830867435,0.05422553146397944,0.04947017562290645,0.04756205850033285,0.05010255654416356,0.050830897982815336,0.04962410179981168,0.05182954460472814,0.04976160871023645,0.04937820074652892,0.05444995248841012,0.049964285941716785,0.047356942524439276,0.04932441595658058,0.04951554710177308
task_te001212,0.03389849965496723,0.07525475090024045,0.047197014112032476,0.03874516409855948,0.09765518281732331,0.07109925323723375,0.09088540713068179,0.024467669034282893,0.01715541187253192,0.064055931524315,0.02543293256812352,0.014134178215828814,0.0754558250829271,0.0429383539377488,0.03369714286226464,0.0403098671565979,0.07134328764246373,0.07727561161713065,0.03560517916131451,0.023393337373431966
task_te001213,0.06545939401484943,0.01905662583270466,0.055338532850229875,0.041393721857825874,0.03940956235946239,0.059273724015096486,0.02127357766121218,0.05360545774537424,0.03147859928874339,0.07643568018600891,0.039723904976470256,0.05070987755822388,0.052696180613833174,0.046000065406031035,0.0737293682514487,0.07744966831620326,0.08324573554775339,0.0582586267939841,0.04235724509097839,0.013104451633566532
task_te001214,0.03869272001216173,0.047151913745900755,0.05478800663210921,0.09320886712333616,0.04447457349135019,0.025697655316947583,0.06212888701845916,0.039648171172978204,0.05154401843920726,0.03851974133331465,0.035346050749297996,0.050371278847233567,0.046287594720566615,0.06343273480010382,0.0617065643835695,0.048267379593280084,0.05819537504454665,0.05045174363955271,0.04234500458989347,0.04774171934619076
task_te001215,0.06766269386067864,0.014446806380299285,0.08049724520831109,0.09523801490235917,0.02887900486616406,0.0496413560928664,0.03674794384944158,0.11888900915349963,0.03347870812461081,0.07189688473000821,0.0559099480416247,0.05452235881137333,0.044871190624489174,0.06083674514605865,0.02216246986939559,0.034760724803556436,0.02299560385890647,0.025996910794354674,0.05416719873122038,0.026399182150781856
task_te001216,0.08373618883230528,0.06571887967455245,0.052710522188963535,0.027552048594493412,0.04071590788125962,0.06979530151868803,0.05772201390717292,0.0697324686541273,0.04798067163017329,0.06915684480157833,0.03047409858162661,0.028205306917667334,0.051489870811432345,0.05301685896300652,0.05552516373683727,0.0282897345580139,0.03823730425852495,0.03455674449410933,0.03986801475351578,0.05551605524195206
task_te001217,0.17358899517290938,0.0856412468857526,0.022720921937573715,0.02179415469784935,0.029212352903230755,0.026196146564787477,0.031319105771458536,0.02852335984387946,0.10617332319082025,0.07137255238635393,0.023743565175407044,0.038960973665618986,0.0852856485733526,0.028258001744944795,0.06107596600571447,0.03620062775470591,0.022026485106275997,0.03275622200594687,0.05696276538623905,0.018187585227178924
task_te001218,0.03490103967121184,0.02918644143265675,0.06044714916690116,0.05364753754409813,0.062382565257877665,0.0597337826885141,0.038091297911464726,0.054703117901169246,0.04551255688186297,0.05410191506393573,0.06128397188869335,0.03398731956578813,0.06851355761170223,0.05497459590775898,0.037713925540151835,0.03298500475804933,0.050921882366685926,0.04638673664187924,0.058634582938714,0.061891019260884715
task_te001219,0.04262353713130729,0.023789730676890747,0.046758447214735065,0.09418846303277918,0.07897383737971864,0.02809543951568845,0.06415813289173344,0.03291434519956866,0.06535224610051232,0.055557067284464995,0.07345426421084192,0.03178374309789164,0.05978269158406663,0.03459886758372087,0.06713766693299424,0.0378602903249784,0.04803035287189012,0.027887980458944372,0.040212735996502755,0.04684016051077012
task_te001220,0.050441736944209704,0.040631434442493446,0.07415887031154138,0.05415410007561347,0.06464592448609972,0.04575009842031175,0.04166035647346929,0.04724448217084659,0.05392127762594093,0.04441328007635362,0.040326604766797065,0.04194598287289658,0.04524984370363413,0.045144088198007526,0.033033464115062736,0.04848469091568134,0.04954338021467392,0.05854292739999014,0.050710790261284444,0.06999666652509226
task_te001221,0.038183342139410326,0.036999432633254906,0.0746468828788857,0.03353823311544874,0.06079570676970812,0.031738897474244035,0.03656279246388372,0.10040871972830062,0.04268170282100499,0.054778875789105716,0.072252506025041,0.033136796013830926,0.036466153410906366,0.07528611486370035,0.04972968177268485,0.0483528241645934,0.04081929565990318,0.06896758803282674,0.03026301711882707,0.03439143712443913
task_te001222,0.05134324478053913,0.051807509568232886,0.048936462094410965,0.051733024482386446,0.051536891800347075,0.049346423172403855,0.050949413319683445,0.05103581303035923,0.05132535204498297,0.0474447976581659,0.04987304238241184,0.050452786863392815,0.05152625373983329,0.049286139765672456,0.04840813044615732,0.046868877449796724,0.05096555925585341,0.04940327484779085,0.04923448997230468,0.04852251332527466
task_te001223,0.02405323129274177,0.0205477168748654,0.04947160193475676,0.06715688052441976,0.04077534423553647,0.02978434708819049,0.04230851334538036,0.09100909466319446,0.03294932336778091,0.053509940662178845,0.07200331274185114,0.02278120305043698,0.05182241373592602,0.15453876399801986,0.01757375275604528,0.023919786800981783,0.024079121078311762,0.05100839279356064,0.07669302874968507,0.05401423030613621
task_te001224,0.03753673520934724,0.024495623139796963,0.07722790999991906,0.019896966546789605,0.03744316853513685,0.014726488466032925,0.051210156642321,0.04719818692379928,0.07956159902178313,0.047596474430308525,0.027797880250201044,0.11507704155508197,0.044917001186375836,0.057619513921554635,0.0700002867173971,0.06154619542366501,0.02113550310315576,0.04050086963034339,0.10767379823717207,0.01683860105981869
task_te001225,0.10180442252869198,0.0468167871464293,0.060363684204634005,0.03670374734990358,0.01987704332558822,0.07053350001895704,0.03128993807720629,0.03154974221112308,0.038391898030272424,0.03615371781357228,0.03854844899727479,0.02703108422562621,0.06312010625585227,0.05175961930814809,0.0493678637977361,0.02846739355763152,0.055115562728536856,0.08831428534039827,0.07298599934335794,0.051805155739059916
task_te001226,0.03168342567210009,0.057139187371478876,0.03942479876508471,0.02763952625754341,0.06162119734491571,0.03377471345642758,0.03613925082522213,0.059128912282158975,0.03296254927992289,0.04262443689574264,0.04885914020360759,0.029388375468445065,0.03933788383907661,0.07651490493046385,0.0718840767740706,0.06461543079390956,0.1041919599127976,0.03454772939369678,0.07688060354118738,0.03164189699214786
task_te001227,0.049370844180252324,0.05207009698467815,0.05213977097254874,0.04775634043536552,0.05250853204662197,0.05018997129980752,0.04898136065009238,0.04975608800578588,0.05072793698925878,0.04906950477719504,0.049657533988043054,0.05005071079194385,0.0489482526412548,0.051138801659812404,0.050994230103840694,0.049284952986825246,0.051969054893997425,0.04954840580716743,0.04847922618756755,0.04735838459794142
task_te001228,0.037639989155602564,0.0400171339855564,0.03498057711536804,0.046718566708071486,0.08087642891839374,0.05967726460895668,0.04808111435773988,0.035962669009896864,0.04285267358314032,0.05506549875352831,0.07261557072279723,0.06158911230604088,0.044562008107864946,0.05018868233770995,0.05455010890509227,0.0574084390517105,0.03915111632167888,0.042338028265391285,0.049185130459502215,0.0465398873259577
task_te001229,0.06155201481432047,0.04116817795664444,0.05654637204799709,0.05465687298208403,0.04844267129681852,0.05682112387729529,0.03511862532895362,0.05029935587074448,0.03923615734868754,0.0355024696722178,0.05499256836966107,0.07497794480305854,0.029375874915319844,0.05331953692415089,0.06920323819030705,0.044871338776011814,0.06350554347601674,0.04469634014584841,0.029632489534534765,0.056081283669327554
task_te001230,0.04899445108993419,0.049683009565135716,0.04912628732997168,0.04860551526026322,0.05181765535347961,0.04876319364946116,0.0500527387580614,0.048816819866487136,0.04929308829215036,0.04863644025243625,0.05153019556590987,0.05126615760551399,0.051686484038426746,0.04968557113848864,0.047789166667963144,0.0507684632597073,0.05047812329882622,0.052863125988720464,0.04971799146477489,0.050425521554288096
task_te001231,0.04824394564152002,0.03958231375268517,0.023761098668661614,0.04405975232646979,0.058760276428010745,0.05579798899179825,0.07693553299732031,0.05692631352812011,0.04969493929655491,0.07013848468278355,0.0417024057350738,0.0291381465145798,0.05270748784200838,0.024473132992022334,0.036565693288811166,0.041403195404190934,0.056710339544549654,0.05820190556783859,0.08091890052548018,0.05427814627152079
task_te001232,0.07954677250839864,0.020978193137415068,0.024046319300067915,0.08611755070230319,0.038600543949796826,0.1548942481249523,0.041433206623037754,0.0238139612014111,0.03360180459431545,0.03315657092522715,0.0341922612521922,0.048948620130206365,0.06070126341966956,0.04212626159254793,0.055053536360762476,0.04341966299570765,0.058128066595074246,0.02635943142702847,0.04796426715120695,0.046917458008678824
task_te001233,0.07981241822796314,0.03441020809554113,0.06787326953491833,0.019431943094060048,0.054934176245463415,0.06083911126277357,0.03721148141919228,0.04821704430233047,0.08942046803825301,0.049118235072612496,0.0479857981595588,0.05749044943725291,0.03754377042653796,0.04696397833557074,0.03186969810328346,0.06027774197476451,0.02611484376418117,0.05699495807494699,0.05227809012990568,0.04121231630088988
task_te001234,0.051579478748700766,0.04402219547711347,0.034292946504358275,0.04213127310713394,0.06707192370174603,0.06802957691868224,0.06133290792714956,0.0344731789770952,0.04468437191738936,0.05986617383097475,0.06402317505418989,0.028493603912208967,0.048605751939562014,0.0457559135945041,0.054279365099721,0.05808822078044365,0.04581558180060861,0.04555459321811966,0.06156340498655913,0.04033636250373943
task_te001235,0.07120067750226614,0.04494843741745488,0.04694984120425367,0.05458582304066619,0.036796351415402336,0.057853583467515006,0.03269534513804985,0.03225163195512833,0.05117895783828688,0.05852575128562248,0.029107026885216866,0.05308076790055583,0.055240643446086035,0.09707357583040452,0.05812791460896674,0.04447751998209253,0.06405362940717613,0.03776633776670836,0.03147188557501709,0.04261429833313012
task_te001236,0.03959354608300971,0.032476086943323525,0.05390128680186976,0.019140813265712122,0.026075970781490408,0.11225955826490881,0.06851003771900266,0.09921973078445269,0.06184701207115183,0.023122240753381863,0.025768581777627517,0.03862259113825527,0.03794273906343408,0.14310585929491187,0.036050277754096534,0.03766788751355602,0.025036266800287893,0.023517241889553717,0.04563826626085959,0.05050400503911411
task_te001237,0.09190725055192177,0.03723406635652134,0.0508223813178427,0.0408482050622661,0.08543021394031484,0.037449247361019546,0.04606268833068388,0.038617115699092756,0.039488419215604594,0.04298653329249065,0.06365319354992571,0.03260105385310228,0.05323066725524923,0.0228283145072813,0.048906390644564375,0.10925220534803938,0.027031638246616033,0.02544638691537607,0.05274273373835633,0.05346129481373102
task_te001238,0.05728799680937984,0.04895835656318468,0.01878204174395832,0.0615568275642716,0.0668661188889981,0.0381464044697868,0.04462350041026747,0.03220718022173517,0.04069080308030975,0.03905182120456283,0.04216667862371119,0.05634090185179121,0.04812469397147752,0.118250175029025,0.04371121249680777,0.04937777156076013,0.0692685120633619,0.025549970649815155,0.020433725983450758,0.0786053068133449
task_te001239,0.13044821682339006,0.03952232111873665,0.03520860192962748,0.0201077897184589,0.05965430947278428,0.043212265750610594,0.02983229384238895,0.029726425311274104,0.026400041449995262,0.054408258740090074,0.026045496082950165,0.014296895834521095,0.17353056256795057,0.01956390861737656,0.06337518645395991,0.05767828430114618,0.027554215832674055,0.019134003890368286,0.0869783681235744,0.043322554138122533
task_te001240,0.009747627171970493,0.05975993308642644,0.07241570745912707,0.02012323228972722,0.04367154591445997,0.04240073118574651,0.05392687963861706,0.022315325081219504,0.05652082426242168,0.11904168579107052,0.08100896933712284,0.030082959572017638,0.06908907239885702,0.016722588218196634,0.03765145004859063,0.053403987425301655,0.014672842141330465,0.09169763149141172,0.04623317777553651,0.059513829710848405
task_te001241,0.08391987195498149,0.08700980882938934,0.05746704781369627,0.03273364323173807,0.09700526341316405,0.026006487774694085,0.019871652205016483,0.07812656179453209,0.037998243693006764,0.03481063693222158,0.0332132775306068,0.026082276421916295,0.03288742748154419,0.018289725547145922,0.12368698753277423,0.023379304032865523,0.042667558737946115,0.04666849568792829,0.060495900110557686,0.03767982927427482
task_te001242,0.04705077809495285,0.0670657275236535,0.047227946987499,0.03952533148065253,0.05701121979295077,0.0553170502304791,0.06417468309300643,0.0577922256857976,0.05938321668559928,0.05853685417854266,0.04673522914389978,0.04017843763360333,0.03584306919033353,0.0442239352053823,0.046910858965866685,0.030149274244687108,0.050542666840408035,0.055124431686391334,0.04035127644519248,0.05685578689110174
task_te001243,0.06470944648804099,0.05601308374914212,0.06010373984966859,0.05229409652228522,0.038499125237381825,0.059209254905496604,0.020077014558753197,0.06268697761599791,0.03287028796447006,0.039939099839527294,0.0212495154992144,0.06197383507003927,0.04685552760887764,0.04932606423193043,0.024890162809936573,0.05891498688547151,0.06640091512679831,0.08224001918700306,0.058817834767855674,0.042929012082109336
task_te001244,0.07837651203272353,0.042984996751828194,0.06762633400690184,0.03524379292892817,0.03650429722914688,0.029635802528373938,0.04933834871378565,0.04431304598028239,0.0631557656468209,0.051681919970594604,0.040889780159088084,0.024540205515957456,0.03257438628860104,0.030193544599689457,0.056645588762393596,0.032921468531903406,0.06050554603294392,0.05098135335055493,0.07606715677299691,0.09582015419648515
task_te001245,0.053035998568545246,0.052435587561736385,0.051504167783629484,0.051154995568680986,0.05051292298300889,0.05184637123549651,0.050458573008945025,0.04841966152886516,0.049112490707243335,0.05025312115846353,0.04795651780711033,0.04839009374573821,0.05031534696990895,0.04937706277755481,0.04938943425446306,0.049409964313397066,0.051099511338271834,0.050355476369276626,0.04796668497858859,0.047006017341076074
task_te001246,0.052936995854062655,0.050788276818557965,0.050936449848143384,0.050681835659536385,0.04831756112043862,0.051817995667455784,0.047220007158798726,0.048857913799284586,0.04772486656051628,0.05010164925284534,0.05038990799609321,0.054315376893764214,0.04631563126589358,0.050568868549486064,0.05033063450432736,0.04991912805333115,0.048714795220834536,0.049218762128306406,0.049261439523699074,0.051581904124624704
task_te001247,0.06963756316936848,0.04546161957628092,0.04140583835137908,0.039184019765998286,0.026105658409771776,0.07736835365526755,0.054308262260537817,0.06866063030584829,0.04986614246072835,0.03496125340968926,0.03362032354165902,0.05456754790616707,0.04648072306548048,0.059688268982654176,0.06928308831931908,0.026243177568701672,0.047651914335184474,0.05785986991481774,0.05031503025528124,0.04733071474586525
task_te001248,0.04978359898619357,0.05157893421331843,0.05151829115747872,0.04649791914115704,0.05157640983426531,0.05116488926142635,0.05210183526492774,0.05200261885666958,0.047758433610871204,0.052647685140752916,0.04863508147289978,0.04895912482871978,0.047902833640765446,0.047923901393865015,0.05044710939621312,0.05204141383739289,0.048223156605042,0.04906637223853791,0.051514115723791026,0.048656275395712226
task_te001249,0.09523852801568851,0.03190632747341931,0.042495907542867806,0.05654741454607613,0.036893046522186786,0.07010835460023575,0.05551369596911533,0.059426796712749363,0.03157618388236269,0.056370244229132,0.02881543191799777,0.06011550600483479,0.028752867701352654,0.045858940948882335,0.042121531750978,0.04668984240371442,0.05071302306620775,0.060175752352208796,0.042096108883467646,0.05858449547652222
